Desempleo,Mujer,EdadJun24,roa,tep_descripcion_clean,SinEduc,Primaria,Secundaria,Superior,apo_salario,Antiguedad,Nivel_Educacion,Genero
0,0,58,0.0,"FUNCION EJECUTIVA, LEGISL, JUDICIAL Y ORGANISMOS DEL ESTADO",0,0,0,1,1212.0,108,Superior,Hombre
1,0,54,0.22322157,EMPRESA PRIVADA -SOCIEDADES / COMPANIAS,0,1,0,0,465.0,2,Primaria,Hombre
1,0,32,7.0481067,EMPRESA PRIVADA -SOCIEDADES / COMPANIAS,0,1,0,0,460.0,20,Primaria,Hombre
0,1,38,1.1593274,EMPRESA PRIVADA -SOCIEDADES / COMPANIAS,0,0,0,1,500.0,95,Superior,Mujer
0,0,22,28.602795,EMPRESA PRIVADA -SOCIEDADES / COMPANIAS,0,0,1,0,474.0,12,Secundaria,Hombre
0,0,31,11.719177,EMPRESA PRIVADA -SOCIEDADES / COMPANIAS,0,0,1,0,510.0,16,Secundaria,Hombre
0,0,19,22.03202,EMPRESA PRIVADA -SOCIEDADES / COMPANIAS,0,0,1,0,460.0,9,Secundaria,Hombre
0,0,48,4.6736226,EMPRESA PRIVADA -SOCIEDADES / COMPANIAS,0,1,0,0,465.0,6,Primaria,Hombre
0,0,24,-5.5454855,EMPRESA PRIVADA -SOCIEDADES / COMPANIAS,0,0,1,0,465.0,6,Secundaria,Hombre
0,0,30,5.619034,EMPRESA PRIVADA -SOCIEDADES / COMPANIAS,0,0,0,1,1012.0,13,Superior,Hombre
0,1,51,0.0,"FUNCION EJECUTIVA, LEGISL, JUDICIAL Y ORGANISMOS DEL ESTADO",0,0,0,1,986.0,122,Superior,Mujer
0,0,52,0.0,EMPRESA PRIVADA -SOCIEDADES / COMPANIAS,0,1,0,0,500.0,67,Primaria,Hombre
0,0,56,0.0,EMPRESA UNIPERSONAL /  PEQUEÑA INDUSTRIA,0,0,1,0,460.0,71,Secundaria,Hombre
0,1,30,1.5833268,EMPRESA PRIVADA -SOCIEDADES / COMPANIAS,0,0,1,0,468.0,15,Secundaria,Mujer
1,0,24,-0.054487206,EMPRESA PRIVADA -SOCIEDADES / COMPANIAS,0,0,1,0,460.0,9,Secundaria,Hombre
1,0,37,0.0,EMPRESA PRIVADA -SOCIEDADES / COMPANIAS,0,1,0,0,900.0,106,Primaria,Hombre
0,1,22,0.0,EMPLEADOR DOMESTICO,0,1,0,0,460.0,28,Primaria,Mujer
1,0,39,3.7652354,EMPRESA PRIVADA -SOCIEDADES / COMPANIAS,0,1,0,0,692.0,123,Primaria,Hombre
0,0,45,14.517335,EMPRESA PRIVADA -SOCIEDADES / COMPANIAS,0,0,1,0,465.0,178,Secundaria,Hombre
0,0,33,3.9583364,EMPRESA PRIVADA -SOCIEDADES / COMPANIAS,0,0,1,0,1500.0,57,Secundaria,Hombre
0,0,26,-5.994581,EMPRESA PRIVADA -SOCIEDADES / COMPANIAS,0,0,1,0,1000.0,21,Secundaria,Hombre
1,0,22,2.5653272,EMPRESA PRIVADA -SOCIEDADES / COMPANIAS,0,0,1,0,468.0,9,Secundaria,Hombre
0,1,40,3.8979306,EMPRESA PRIVADA -SOCIEDADES / COMPANIAS,0,0,0,1,3840.0,231,Superior,Mujer
0,0,40,6.302921,EMPRESA PRIVADA -SOCIEDADES / COMPANIAS,0,0,1,0,465.0,1,Secundaria,Hombre
1,0,33,0.0,ORGANISMOS DEL REGIMEN SECCIONAL,0,0,1,0,2600.0,11,Secundaria,Hombre
0,0,49,0.0,ENTIDADES PUBLICAS CON AUTONOMIA,0,0,1,0,528.0,100,Secundaria,Hombre
1,0,25,-15.567173,EMPRESA PRIVADA -SOCIEDADES / COMPANIAS,0,1,0,0,478.0,2,Primaria,Hombre
0,0,29,0.0,"FUNCION EJECUTIVA, LEGISL, JUDICIAL Y ORGANISMOS DEL ESTADO",0,0,0,1,817.0,15,Superior,Hombre
1,1,48,0.9257551,EMPRESA PRIVADA -SOCIEDADES / COMPANIAS,0,0,1,0,1150.0,13,Secundaria,Mujer
0,0,31,8.078958,EMPRESA PRIVADA -SOCIEDADES / COMPANIAS,0,1,0,0,478.0,90,Primaria,Hombre
0,1,31,0.0,ORGANISMOS DEL REGIMEN SECCIONAL,0,0,0,1,733.0,1,Superior,Mujer
0,0,32,0.0,MIEMBROS DE   SINDICATOS  Y COOP DE TRANSPORTE TERRESTRE,0,0,1,0,707.0,14,Secundaria,Hombre
1,1,31,0.7836222,EMPRESA PRIVADA -SOCIEDADES / COMPANIAS,0,0,0,1,460.0,20,Superior,Mujer
1,0,33,1.7540454,EMPRESA PRIVADA -SOCIEDADES / COMPANIAS,0,0,1,0,460.0,7,Secundaria,Hombre
0,1,41,0.0,EMPRESA UNIPERSONAL /  PEQUEÑA INDUSTRIA,0,1,0,0,511.0,149,Primaria,Mujer
1,0,41,2.9673245,EMPRESA PRIVADA -SOCIEDADES / COMPANIAS,0,1,0,0,461.0,1,Primaria,Hombre
1,0,19,4.400341,EMPRESA PRIVADA -SOCIEDADES / COMPANIAS,0,0,1,0,468.0,4,Secundaria,Hombre
1,0,26,0.0,"FUNCION EJECUTIVA, LEGISL, JUDICIAL Y ORGANISMOS DEL ESTADO",0,1,0,0,986.0,5,Primaria,Hombre
1,0,41,0.0,EMPLEADOR DOMESTICO,0,0,1,0,460.0,52,Secundaria,Hombre
0,1,48,0.0,EMPLEADOR DOMESTICO,0,0,1,0,460.0,87,Secundaria,Mujer
1,0,49,0.10339811,EMPRESA PRIVADA -SOCIEDADES / COMPANIAS,0,1,0,0,460.0,165,Primaria,Hombre
1,0,35,4.2668505,EMPRESA PRIVADA -SOCIEDADES / COMPANIAS,0,0,0,1,1300.0,16,Superior,Hombre
0,1,42,0.0,ENTIDADES FINANCIERAS,0,0,0,1,1212.0,95,Superior,Mujer
0,0,50,3.833391,EMPRESA PRIVADA -SOCIEDADES / COMPANIAS,0,0,1,0,713.0,239,Secundaria,Hombre
0,0,38,6.1057553,EMPRESA PRIVADA -SOCIEDADES / COMPANIAS,0,0,0,1,1674.0,163,Superior,Hombre
1,0,41,0.0,EMPRESA UNIPERSONAL /  PEQUEÑA INDUSTRIA,1,0,0,0,460.0,23,Sin Educación,Hombre
1,0,46,7.442317,EMPRESA PRIVADA -SOCIEDADES / COMPANIAS,0,1,0,0,715.0,30,Primaria,Hombre
1,0,63,0.0,"FUNCION EJECUTIVA, LEGISL, JUDICIAL Y ORGANISMOS DEL ESTADO",0,0,0,1,1676.0,120,Superior,Hombre
1,0,25,0.0,EMPRESA PRIVADA -SOCIEDADES / COMPANIAS,0,0,1,0,460.0,1,Secundaria,Hombre
1,0,23,1.1047499,EMPRESA PRIVADA -SOCIEDADES / COMPANIAS,0,0,1,0,465.0,0,Secundaria,Hombre
1,0,29,3.6222162,EMPRESA PRIVADA -SOCIEDADES / COMPANIAS,0,1,0,0,460.0,7,Primaria,Hombre
1,1,38,-2.4763546,EMPRESA PRIVADA -SOCIEDADES / COMPANIAS,0,1,0,0,468.0,20,Primaria,Mujer
0,1,24,8.373653,EMPRESA PRIVADA -SOCIEDADES / COMPANIAS,0,0,1,0,471.0,15,Secundaria,Mujer
1,0,40,0.0,EMPRESA PRIVADA -SOCIEDADES / COMPANIAS,0,0,1,0,460.0,28,Secundaria,Hombre
0,1,25,-2.674948,EMPRESA UNIPERSONAL /  PEQUEÑA INDUSTRIA,0,0,1,0,471.0,1,Secundaria,Mujer
1,0,22,0.0,ORGANISMOS DEL REGIMEN SECCIONAL,0,0,1,0,561.0,2,Secundaria,Hombre
0,0,21,16.996403,EMPRESA PRIVADA -SOCIEDADES / COMPANIAS,0,0,1,0,460.0,0,Secundaria,Hombre
0,0,38,0.0,EMPRESA PRIVADA -SOCIEDADES / COMPANIAS,0,0,0,1,460.0,73,Superior,Hombre
0,0,47,0.0,ORGANISMOS DEL REGIMEN SECCIONAL,0,1,0,0,537.0,149,Primaria,Hombre
1,1,46,0.41936228,EMPRESA PRIVADA -SOCIEDADES / COMPANIAS,0,0,1,0,461.0,30,Secundaria,Mujer
0,0,53,0.0,ORGANISMOS DEL REGIMEN SECCIONAL,0,0,1,0,918.0,123,Secundaria,Hombre
1,1,55,0.0,EMPLEADOR DOMESTICO,0,1,0,0,460.0,157,Primaria,Mujer
1,1,45,0.0,EMPLEADOR DOMESTICO,0,0,1,0,460.0,87,Secundaria,Mujer
1,0,32,5.6497083,EMPRESA PRIVADA -SOCIEDADES / COMPANIAS,0,0,0,1,501.0,3,Superior,Hombre
0,1,41,0.0,MICRO EMPRESA (NO ARTESANAL),0,0,0,1,600.0,60,Superior,Mujer
1,0,65,0.0,EMPRESA PRIVADA -SOCIEDADES / COMPANIAS,0,1,0,0,460.0,247,Primaria,Hombre
1,0,22,5.7175198,EMPRESA PRIVADA -SOCIEDADES / COMPANIAS,0,1,0,0,468.0,0,Primaria,Hombre
0,0,38,4.9860516,EMPRESA PRIVADA -SOCIEDADES / COMPANIAS,0,0,1,0,521.0,155,Secundaria,Hombre
1,0,29,4.669274,EMPRESA PRIVADA -SOCIEDADES / COMPANIAS,0,0,1,0,500.0,19,Secundaria,Hombre
1,1,35,1.1515781,EMPRESA PRIVADA -SOCIEDADES / COMPANIAS,0,0,0,1,460.0,44,Superior,Mujer
0,1,30,0.0,"FUNCION EJECUTIVA, LEGISL, JUDICIAL Y ORGANISMOS DEL ESTADO",0,0,1,0,540.0,1,Secundaria,Mujer
0,1,44,0.0,ORGANISMOS DEL REGIMEN SECCIONAL,0,0,0,1,817.0,103,Superior,Mujer
0,1,46,3.0070548,EMPRESA PRIVADA -SOCIEDADES / COMPANIAS,0,1,0,0,465.0,71,Primaria,Mujer
0,1,42,0.5522988,EMPRESA PRIVADA -SOCIEDADES / COMPANIAS,0,1,0,0,468.0,29,Primaria,Mujer
0,0,33,1.5833268,EMPRESA PRIVADA -SOCIEDADES / COMPANIAS,0,0,1,0,600.0,39,Secundaria,Hombre
0,0,74,0.0,EMPRESA PRIVADA -SOCIEDADES / COMPANIAS,0,1,0,0,460.0,65,Primaria,Hombre
0,1,36,14.517335,EMPRESA PRIVADA -SOCIEDADES / COMPANIAS,0,0,1,0,1059.0,15,Secundaria,Mujer
1,0,31,0.0,EMPRESA UNIPERSONAL /  PEQUEÑA INDUSTRIA,0,0,1,0,465.0,21,Secundaria,Hombre
1,1,39,0.0,EMPRESA PRIVADA -SOCIEDADES / COMPANIAS,0,0,0,1,632.0,22,Superior,Mujer
1,0,46,0.0,EMPRESA UNIPERSONAL /  PEQUEÑA INDUSTRIA,0,0,1,0,460.0,1,Secundaria,Hombre
1,0,25,1.0173953,EMPRESA PRIVADA -SOCIEDADES / COMPANIAS,0,0,1,0,460.0,3,Secundaria,Hombre
1,1,30,-18.924696,EMPRESA PRIVADA -SOCIEDADES / COMPANIAS,0,1,0,0,460.0,2,Primaria,Mujer
1,0,61,9.509741,EMPRESA PRIVADA -SOCIEDADES / COMPANIAS,0,1,0,0,465.0,16,Primaria,Hombre
0,0,48,-2.6498854,EMPRESA PRIVADA -SOCIEDADES / COMPANIAS,0,1,0,0,480.0,3,Primaria,Hombre
1,0,43,2.3497365,EMPRESA PRIVADA -SOCIEDADES / COMPANIAS,0,0,1,0,656.0,120,Secundaria,Hombre
0,1,61,-2.7622461,EMPRESA PRIVADA -SOCIEDADES / COMPANIAS,0,0,0,1,2500.0,145,Superior,Mujer
0,0,34,0.0,COOP AHORRO  CRED. VIVIENDA ETC.CONTR SUPER  DE BANCOS,0,0,1,0,600.0,62,Secundaria,Hombre
0,0,37,13.162507,EMPRESA PRIVADA -SOCIEDADES / COMPANIAS,0,0,0,1,1850.0,154,Superior,Hombre
1,1,60,0.48710227,EMPRESA PRIVADA -SOCIEDADES / COMPANIAS,0,1,0,0,468.0,5,Primaria,Mujer
1,0,32,0.0,EMPRESA UNIPERSONAL /  PEQUEÑA INDUSTRIA,0,0,0,1,460.0,61,Superior,Hombre
1,0,51,0.0,EMPRESA PRIVADA -SOCIEDADES / COMPANIAS,0,0,0,1,460.0,156,Superior,Hombre
0,0,27,0.0,"INSTITUCION FINANCIERA PRIVADA, BANCOS Y CIA DE SEGUROS",0,0,0,1,2114.0,71,Superior,Hombre
0,0,22,4.7230053,EMPRESA PRIVADA -SOCIEDADES / COMPANIAS,0,0,1,0,473.0,24,Secundaria,Hombre
0,1,39,-0.31884503,EMPRESA PRIVADA -SOCIEDADES / COMPANIAS,0,1,0,0,1104.0,53,Primaria,Mujer
0,1,39,7.397831,EMPRESA PRIVADA -SOCIEDADES / COMPANIAS,0,0,1,0,472.0,143,Secundaria,Mujer
1,0,22,11.119028,EMPRESA PRIVADA -SOCIEDADES / COMPANIAS,0,0,1,0,465.0,1,Secundaria,Hombre
1,1,23,-18.924696,EMPRESA PRIVADA -SOCIEDADES / COMPANIAS,0,0,0,1,468.0,19,Superior,Mujer
1,0,33,0.0,"FUNCION EJECUTIVA, LEGISL, JUDICIAL Y ORGANISMOS DEL ESTADO",0,0,0,1,2545.0,1,Superior,Hombre
0,0,52,0.0,"FUNCION EJECUTIVA, LEGISL, JUDICIAL Y ORGANISMOS DEL ESTADO",0,0,0,1,986.0,123,Superior,Hombre
0,0,51,1.3378813,EMPRESA PRIVADA -SOCIEDADES / COMPANIAS,0,0,0,1,2300.0,160,Superior,Hombre
0,1,48,0.0,"FUNCION EJECUTIVA, LEGISL, JUDICIAL Y ORGANISMOS DEL ESTADO",0,0,0,1,986.0,130,Superior,Mujer
0,0,20,2.5653272,EMPRESA PRIVADA -SOCIEDADES / COMPANIAS,0,0,1,0,468.0,5,Secundaria,Hombre
0,0,39,1.6330653,EMPRESA PRIVADA -SOCIEDADES / COMPANIAS,0,1,0,0,461.0,5,Primaria,Hombre
1,0,32,0.2638172,EMPRESA PRIVADA -SOCIEDADES / COMPANIAS,0,0,1,0,472.0,4,Secundaria,Hombre
0,0,30,2.9534824,EMPRESA PRIVADA -SOCIEDADES / COMPANIAS,0,1,0,0,460.0,42,Primaria,Hombre
0,0,50,10.716883,EMPRESA PRIVADA -SOCIEDADES / COMPANIAS,0,0,0,1,854.0,62,Superior,Hombre
0,0,57,0.0,"FUNCION EJECUTIVA, LEGISL, JUDICIAL Y ORGANISMOS DEL ESTADO",0,0,0,1,817.0,116,Superior,Hombre
0,0,26,5.4873505,EMPRESA PRIVADA -SOCIEDADES / COMPANIAS,0,0,1,0,468.0,12,Secundaria,Hombre
1,0,41,0.6749041,EMPRESA PRIVADA -SOCIEDADES / COMPANIAS,0,0,1,0,485.0,122,Secundaria,Hombre
0,0,45,4.3297443,EMPRESA PRIVADA -SOCIEDADES / COMPANIAS,0,0,0,1,460.0,20,Superior,Hombre
0,0,24,1.5833268,EMPRESA PRIVADA -SOCIEDADES / COMPANIAS,0,1,0,0,468.0,4,Primaria,Hombre
0,1,24,0.04958747,EMPRESA PRIVADA -SOCIEDADES / COMPANIAS,0,0,1,0,1176.0,5,Secundaria,Mujer
1,1,24,0.0,EMPRESA UNIPERSONAL /  PEQUEÑA INDUSTRIA,0,0,1,0,465.0,5,Secundaria,Mujer
0,0,36,0.0,ENTIDADES PÚBLICAS DE EDUCACIÓN SUPERIOR,0,0,0,1,2034.0,29,Superior,Hombre
0,0,48,0.0,CONSTRUCCION,0,0,1,0,460.0,59,Secundaria,Hombre
1,0,25,3.423244,EMPRESA PRIVADA -SOCIEDADES / COMPANIAS,0,1,0,0,468.0,15,Primaria,Hombre
0,0,50,-0.9357855,EMPRESA PRIVADA -SOCIEDADES / COMPANIAS,0,0,1,0,460.0,113,Secundaria,Hombre
0,0,56,-1.4303985,EMPRESA PRIVADA -SOCIEDADES / COMPANIAS,0,0,1,0,464.0,20,Secundaria,Hombre
0,0,26,0.30281073,EMPRESA PRIVADA -SOCIEDADES / COMPANIAS,0,0,1,0,487.0,68,Secundaria,Hombre
0,1,29,0.0,EMPRESA PRIVADA -SOCIEDADES / COMPANIAS,0,0,1,0,468.0,47,Secundaria,Mujer
0,0,41,12.281746,EMPRESA PRIVADA -SOCIEDADES / COMPANIAS,0,0,1,0,600.0,149,Secundaria,Hombre
0,1,31,0.0,"FUNCION EJECUTIVA, LEGISL, JUDICIAL Y ORGANISMOS DEL ESTADO",0,0,0,1,817.0,48,Superior,Mujer
1,0,26,-0.24341466,EMPRESA PRIVADA -SOCIEDADES / COMPANIAS,0,1,0,0,500.0,3,Primaria,Hombre
0,0,50,-0.22094783,EMPRESA UNIPERSONAL /  PEQUEÑA INDUSTRIA,0,0,1,0,2249.0,71,Secundaria,Hombre
0,1,35,6.4434705,EMPRESA PRIVADA -SOCIEDADES / COMPANIAS,0,0,0,1,465.0,66,Superior,Mujer
1,0,67,0.0,"FUNCION EJECUTIVA, LEGISL, JUDICIAL Y ORGANISMOS DEL ESTADO",0,0,0,1,3854.0,19,Superior,Hombre
0,1,37,0.0,EMPRESA PRIVADA -SOCIEDADES / COMPANIAS,0,0,1,0,700.0,41,Secundaria,Mujer
1,0,20,0.9814888,EMPRESA PRIVADA -SOCIEDADES / COMPANIAS,0,0,1,0,471.0,1,Secundaria,Hombre
1,0,23,1.674901,EMPRESA PRIVADA -SOCIEDADES / COMPANIAS,0,0,1,0,471.0,0,Secundaria,Hombre
1,0,20,4.3669915,EMPRESA PRIVADA -SOCIEDADES / COMPANIAS,0,1,0,0,465.0,0,Primaria,Hombre
1,0,21,25.446201,EMPRESA PRIVADA -SOCIEDADES / COMPANIAS,0,1,0,0,230.0,1,Primaria,Hombre
1,1,33,0.0,ORGANISMOS DEL REGIMEN SECCIONAL,0,0,1,0,460.0,1,Secundaria,Mujer
0,0,41,0.0,COOPERA  NO CONTROLADAS POR LA SUPERINTENDENCIA  DE BANCOS,0,0,0,1,1325.0,15,Superior,Hombre
0,0,41,1.4908018,EMPRESA PRIVADA -SOCIEDADES / COMPANIAS,0,1,0,0,465.0,71,Primaria,Hombre
1,0,57,0.0,ORGANISMOS DEL REGIMEN SECCIONAL,0,0,1,0,1200.0,53,Secundaria,Hombre
1,1,26,0.0,ENTIDADES PUBLICAS CON AUTONOMIA,0,0,1,0,540.0,9,Secundaria,Mujer
1,0,32,4.9862576,EMPRESA UNIPERSONAL /  PEQUEÑA INDUSTRIA,0,0,1,0,707.0,33,Secundaria,Hombre
1,0,43,1.9847461,EMPRESA PRIVADA -SOCIEDADES / COMPANIAS,0,0,1,0,950.0,23,Secundaria,Hombre
0,1,34,0.0,EMPLEADOR DOMESTICO,0,0,1,0,460.0,96,Secundaria,Mujer
0,0,60,0.0,"FUNCION EJECUTIVA, LEGISL, JUDICIAL Y ORGANISMOS DEL ESTADO",0,1,0,0,460.0,185,Primaria,Hombre
1,0,38,0.0,EMPRESA UNIPERSONAL /  PEQUEÑA INDUSTRIA,0,1,0,0,478.0,30,Primaria,Hombre
1,0,33,0.0,ORGANISMOS DEL REGIMEN SECCIONAL,0,0,1,0,460.0,5,Secundaria,Hombre
1,1,21,0.0,EMPRESA PRIVADA -SOCIEDADES / COMPANIAS,0,1,0,0,460.0,8,Primaria,Mujer
1,1,21,5.3966136,EMPRESA PRIVADA -SOCIEDADES / COMPANIAS,0,0,1,0,460.0,5,Secundaria,Mujer
1,0,22,0.0,EMPRESA PRIVADA -SOCIEDADES / COMPANIAS,0,0,1,0,474.0,9,Secundaria,Hombre
1,0,27,0.0,EMPRESA UNIPERSONAL /  PEQUEÑA INDUSTRIA,0,1,0,0,476.0,2,Primaria,Hombre
1,0,30,5.413415,EMPRESA PRIVADA -SOCIEDADES / COMPANIAS,0,0,1,0,468.0,8,Secundaria,Hombre
1,0,23,3.563039,EMPRESA PRIVADA -SOCIEDADES / COMPANIAS,0,0,1,0,465.0,19,Secundaria,Hombre
1,0,20,3.7191427,EMPRESA PRIVADA -SOCIEDADES / COMPANIAS,0,0,1,0,471.0,10,Secundaria,Hombre
1,0,30,5.228767,EMPRESA PRIVADA -SOCIEDADES / COMPANIAS,0,0,1,0,461.0,39,Secundaria,Hombre
0,0,44,13.505787,EMPRESA PRIVADA -SOCIEDADES / COMPANIAS,0,0,1,0,824.0,90,Secundaria,Hombre
1,0,22,3.7191427,EMPRESA PRIVADA -SOCIEDADES / COMPANIAS,0,0,1,0,471.0,6,Secundaria,Hombre
1,0,24,-15.332543,EMPRESA UNIPERSONAL /  PEQUEÑA INDUSTRIA,0,0,1,0,465.0,7,Secundaria,Hombre
1,1,26,0.92796016,EMPRESA PRIVADA -SOCIEDADES / COMPANIAS,0,0,1,0,472.0,0,Secundaria,Mujer
0,0,35,0.0,"FUNCION EJECUTIVA, LEGISL, JUDICIAL Y ORGANISMOS DEL ESTADO",0,0,0,1,1212.0,41,Superior,Hombre
0,0,37,0.0,EMPRESA PRIVADA -SOCIEDADES / COMPANIAS,0,0,1,0,460.0,151,Secundaria,Hombre
1,0,37,2.6770368,EMPRESA PRIVADA -SOCIEDADES / COMPANIAS,0,0,1,0,521.0,24,Secundaria,Hombre
1,0,59,0.0,EMPRESA UNIPERSONAL /  PEQUEÑA INDUSTRIA,0,0,1,0,450.0,10,Secundaria,Hombre
1,0,29,0.0,EMPRESA UNIPERSONAL /  PEQUEÑA INDUSTRIA,0,0,1,0,460.0,26,Secundaria,Hombre
0,0,29,7.1052885,EMPRESA PRIVADA -SOCIEDADES / COMPANIAS,0,0,0,1,1100.0,57,Superior,Hombre
0,0,28,7.907049,EMPRESA PRIVADA -SOCIEDADES / COMPANIAS,0,1,0,0,461.0,16,Primaria,Hombre
1,0,25,0.0,ORGANISMOS DEL REGIMEN SECCIONAL,0,0,1,0,660.0,26,Secundaria,Hombre
0,0,30,5.4873505,EMPRESA PRIVADA -SOCIEDADES / COMPANIAS,0,1,0,0,466.0,10,Primaria,Hombre
0,0,22,-4.2559786,EMPRESA PRIVADA -SOCIEDADES / COMPANIAS,0,0,1,0,465.0,22,Secundaria,Hombre
0,1,52,0.0,COOP AHORRO  CRED. VIVIENDA ETC.CONTR SUPER  DE BANCOS,0,0,0,1,2810.0,231,Superior,Mujer
1,1,31,0.0,EMPRESA UNIPERSONAL /  PEQUEÑA INDUSTRIA,0,0,1,0,460.0,3,Secundaria,Mujer
0,0,46,1.7346791,EMPRESA PRIVADA -SOCIEDADES / COMPANIAS,0,1,0,0,460.0,5,Primaria,Hombre
0,1,49,7.397831,EMPRESA PRIVADA -SOCIEDADES / COMPANIAS,0,0,1,0,472.0,86,Secundaria,Mujer
1,1,48,0.0,EMPRESA PRIVADA -SOCIEDADES / COMPANIAS,0,0,1,0,465.0,1,Secundaria,Mujer
0,0,50,0.0,"FUNCION EJECUTIVA, LEGISL, JUDICIAL Y ORGANISMOS DEL ESTADO",0,0,0,1,2641.0,73,Superior,Hombre
1,1,20,0.05264414,EMPRESA PRIVADA -SOCIEDADES / COMPANIAS,0,0,0,1,520.0,9,Superior,Mujer
0,1,74,0.0,ENTIDADES PUBLICAS CON AUTONOMIA,0,0,0,1,460.0,15,Superior,Mujer
1,1,47,-0.36967006,EMPRESA PRIVADA -SOCIEDADES / COMPANIAS,0,1,0,0,470.0,45,Primaria,Mujer
1,1,24,0.0,"FUNCION EJECUTIVA, LEGISL, JUDICIAL Y ORGANISMOS DEL ESTADO",0,0,1,0,901.0,5,Secundaria,Mujer
0,0,31,7.6688867,EMPRESA PRIVADA -SOCIEDADES / COMPANIAS,0,0,0,1,800.0,70,Superior,Hombre
1,1,58,0.0,EMPRESA PRIVADA -SOCIEDADES / COMPANIAS,0,0,1,0,460.0,4,Secundaria,Mujer
1,0,21,1.5833268,EMPRESA PRIVADA -SOCIEDADES / COMPANIAS,0,0,1,0,466.0,5,Secundaria,Hombre
1,0,38,0.0,EMPRESA PRIVADA -SOCIEDADES / COMPANIAS,0,0,1,0,539.0,193,Secundaria,Hombre
0,1,43,0.0,EMPRESA PRIVADA -SOCIEDADES / COMPANIAS,0,0,0,1,500.0,18,Superior,Mujer
0,0,49,0.0,EMPRESA PRIVADA -SOCIEDADES / COMPANIAS,0,0,0,1,900.0,98,Superior,Hombre
1,1,61,0.0,ENTIDADES PÚBLICAS DE EDUCACIÓN SUPERIOR,0,0,0,1,1212.0,233,Superior,Mujer
1,0,42,0.0,MICRO EMPRESA (NO ARTESANAL),0,0,0,1,460.0,16,Superior,Hombre
0,1,55,0.0,"FUNCION EJECUTIVA, LEGISL, JUDICIAL Y ORGANISMOS DEL ESTADO",0,0,0,1,1212.0,18,Superior,Mujer
0,1,36,0.0,"FUNCION EJECUTIVA, LEGISL, JUDICIAL Y ORGANISMOS DEL ESTADO",0,0,1,0,824.0,145,Secundaria,Mujer
1,1,23,0.0,"FUNCION EJECUTIVA, LEGISL, JUDICIAL Y ORGANISMOS DEL ESTADO",0,0,1,0,540.0,25,Secundaria,Mujer
1,0,37,0.0,MICRO EMPRESA (NO ARTESANAL),0,1,0,0,466.0,25,Primaria,Hombre
1,0,46,0.0,EMPRESA PRIVADA -SOCIEDADES / COMPANIAS,0,0,1,0,1382.0,21,Secundaria,Hombre
1,0,49,0.0,EMPRESA PRIVADA -SOCIEDADES / COMPANIAS,1,0,0,0,461.0,3,Sin Educación,Hombre
0,1,20,9.823624,EMPRESA PRIVADA -SOCIEDADES / COMPANIAS,0,0,1,0,471.0,14,Secundaria,Mujer
0,0,25,0.0,ORGANISMOS DEL REGIMEN SECCIONAL,0,0,1,0,475.0,13,Secundaria,Hombre
0,0,51,13.692221,EMPRESA PRIVADA -SOCIEDADES / COMPANIAS,0,0,1,0,539.0,242,Secundaria,Hombre
1,1,29,4.2119617,EMPRESA PRIVADA -SOCIEDADES / COMPANIAS,0,0,1,0,471.0,22,Secundaria,Mujer
1,0,43,3.0728462,EMPRESA PRIVADA -SOCIEDADES / COMPANIAS,0,0,1,0,536.0,27,Secundaria,Hombre
1,0,26,0.0,"FUNCION EJECUTIVA, LEGISL, JUDICIAL Y ORGANISMOS DEL ESTADO",0,0,0,1,986.0,9,Superior,Hombre
0,0,35,0.0,"FUNCION EJECUTIVA, LEGISL, JUDICIAL Y ORGANISMOS DEL ESTADO",0,0,0,1,817.0,123,Superior,Hombre
0,0,46,0.0,ENTIDADES PÚBLICAS DE EDUCACIÓN SUPERIOR,0,1,0,0,675.0,11,Primaria,Hombre
0,0,37,7.1631956,EMPRESA PRIVADA -SOCIEDADES / COMPANIAS,0,0,1,0,470.0,1,Secundaria,Hombre
1,1,31,2.2027445,EMPRESA PRIVADA -SOCIEDADES / COMPANIAS,0,0,1,0,1200.0,41,Secundaria,Mujer
1,0,37,2.9646046,EMPRESA PRIVADA -SOCIEDADES / COMPANIAS,0,0,1,0,471.0,0,Secundaria,Hombre
1,1,39,0.0,EMPRESA PRIVADA -SOCIEDADES / COMPANIAS,0,1,0,0,461.0,44,Primaria,Mujer
1,1,27,0.0,ENTIDADES PÚBLICAS DE EDUCACIÓN SUPERIOR,0,0,0,1,901.0,2,Superior,Mujer
0,1,45,0.0,MICRO EMPRESA (NO ARTESANAL),0,1,0,0,460.0,141,Primaria,Mujer
1,0,30,3.7191427,EMPRESA PRIVADA -SOCIEDADES / COMPANIAS,0,1,0,0,471.0,17,Primaria,Hombre
1,1,40,0.5522988,EMPRESA PRIVADA -SOCIEDADES / COMPANIAS,0,1,0,0,468.0,1,Primaria,Mujer
1,0,25,4.4208565,EMPRESA PRIVADA -SOCIEDADES / COMPANIAS,0,0,1,0,475.0,25,Secundaria,Hombre
0,0,28,11.299546,EMPRESA PRIVADA -SOCIEDADES / COMPANIAS,0,1,0,0,460.0,14,Primaria,Hombre
0,1,44,0.0,"INSTITUCION FINANCIERA PRIVADA, BANCOS Y CIA DE SEGUROS",0,0,1,0,723.0,210,Secundaria,Mujer
1,1,39,16.90619,EMPRESA PRIVADA -SOCIEDADES / COMPANIAS,0,1,0,0,460.0,1,Primaria,Mujer
1,0,45,4.3188086,EMPRESA PRIVADA -SOCIEDADES / COMPANIAS,0,1,0,0,470.0,137,Primaria,Hombre
0,0,34,0.0,"NOTARIAS, (LOS REGITRADORES  SON PÚBLICOS)",0,0,0,1,460.0,48,Superior,Hombre
1,0,47,0.0,EMPRESA PRIVADA -SOCIEDADES / COMPANIAS,0,1,0,0,460.0,74,Primaria,Hombre
0,1,44,5.5949206,EMPRESA PRIVADA -SOCIEDADES / COMPANIAS,0,0,0,1,1300.0,15,Superior,Mujer
1,1,45,0.0,EMPRESA PRIVADA -SOCIEDADES / COMPANIAS,1,0,0,0,465.0,1,Sin Educación,Mujer
0,1,32,0.0,EMPRESA PRIVADA -SOCIEDADES / COMPANIAS,0,0,0,1,550.0,16,Superior,Mujer
1,1,28,0.0,EMPRESA PRIVADA -SOCIEDADES / COMPANIAS,0,0,1,0,1000.0,52,Secundaria,Mujer
0,1,38,3.1379662,EMPRESA PRIVADA -SOCIEDADES / COMPANIAS,0,0,0,1,998.0,60,Superior,Mujer
1,0,34,-0.16133998,EMPRESA PRIVADA -SOCIEDADES / COMPANIAS,0,0,1,0,463.0,34,Secundaria,Hombre
0,0,41,5.4873505,EMPRESA PRIVADA -SOCIEDADES / COMPANIAS,0,0,1,0,466.0,16,Secundaria,Hombre
1,0,31,0.0,EMPRESA UNIPERSONAL /  PEQUEÑA INDUSTRIA,0,1,0,0,466.0,0,Primaria,Hombre
0,0,22,12.663739,EMPRESA PRIVADA -SOCIEDADES / COMPANIAS,0,1,0,0,460.0,9,Primaria,Hombre
0,1,53,0.0,"FUNCION EJECUTIVA, LEGISL, JUDICIAL Y ORGANISMOS DEL ESTADO",0,0,0,1,986.0,123,Superior,Mujer
0,0,47,2.0697849,EMPRESA PRIVADA -SOCIEDADES / COMPANIAS,0,0,1,0,460.0,12,Secundaria,Hombre
1,1,24,0.0,"FUNCION EJECUTIVA, LEGISL, JUDICIAL Y ORGANISMOS DEL ESTADO",0,0,1,0,986.0,5,Secundaria,Mujer
1,0,27,28.602795,EMPRESA PRIVADA -SOCIEDADES / COMPANIAS,0,0,1,0,460.0,11,Secundaria,Hombre
0,0,33,12.489288,EMPRESA PRIVADA -SOCIEDADES / COMPANIAS,1,0,0,0,900.0,10,Sin Educación,Hombre
1,0,33,4.892487,EMPRESA PRIVADA -SOCIEDADES / COMPANIAS,0,0,1,0,635.0,45,Secundaria,Hombre
1,1,29,4.8155017,EMPRESA PRIVADA -SOCIEDADES / COMPANIAS,0,1,0,0,468.0,3,Primaria,Mujer
1,1,26,0.0,"FUNCION EJECUTIVA, LEGISL, JUDICIAL Y ORGANISMOS DEL ESTADO",0,0,0,1,986.0,9,Superior,Mujer
0,0,26,7.5145674,EMPRESA PRIVADA -SOCIEDADES / COMPANIAS,0,0,1,0,460.0,42,Secundaria,Hombre
0,1,35,0.0,"FUNCION EJECUTIVA, LEGISL, JUDICIAL Y ORGANISMOS DEL ESTADO",0,0,0,1,986.0,31,Superior,Mujer
0,0,35,0.0,EMPRESA UNIPERSONAL /  PEQUEÑA INDUSTRIA,0,1,0,0,461.0,13,Primaria,Hombre
1,1,36,3.7191427,EMPRESA PRIVADA -SOCIEDADES / COMPANIAS,0,0,0,1,1600.0,16,Superior,Mujer
0,1,52,0.0,"FUNCION EJECUTIVA, LEGISL, JUDICIAL Y ORGANISMOS DEL ESTADO",0,0,0,1,817.0,20,Superior,Mujer
1,1,41,0.0,EMPRESA PRIVADA -SOCIEDADES / COMPANIAS,0,0,1,0,486.0,31,Secundaria,Mujer
0,1,29,-2.1893024,EMPRESA PRIVADA -SOCIEDADES / COMPANIAS,0,0,0,1,2000.0,14,Superior,Mujer
1,0,60,0.0,"FUNCION EJECUTIVA, LEGISL, JUDICIAL Y ORGANISMOS DEL ESTADO",0,0,1,0,745.0,194,Secundaria,Hombre
1,0,33,7.442317,EMPRESA PRIVADA -SOCIEDADES / COMPANIAS,0,0,0,1,1075.0,20,Superior,Hombre
0,1,41,0.0,"FUNCION EJECUTIVA, LEGISL, JUDICIAL Y ORGANISMOS DEL ESTADO",0,0,1,0,824.0,83,Secundaria,Mujer
1,0,44,0.0,EMPRESA PRIVADA -SOCIEDADES / COMPANIAS,0,0,1,0,466.0,22,Secundaria,Hombre
1,0,26,1.9721832,EMPRESA PRIVADA -SOCIEDADES / COMPANIAS,0,0,1,0,460.0,8,Secundaria,Hombre
0,0,42,0.02137078,EMPRESA PRIVADA -SOCIEDADES / COMPANIAS,0,1,0,0,590.0,12,Primaria,Hombre
0,1,43,0.0,EMPRESA PRIVADA -SOCIEDADES / COMPANIAS,0,0,0,1,2000.0,146,Superior,Mujer
1,1,35,0.0,"FUNCION EJECUTIVA, LEGISL, JUDICIAL Y ORGANISMOS DEL ESTADO",0,0,0,1,1676.0,77,Superior,Mujer
1,0,28,1.9861023,EMPRESA PRIVADA -SOCIEDADES / COMPANIAS,0,0,1,0,521.0,23,Secundaria,Hombre
0,1,43,0.0,"FUNCION EJECUTIVA, LEGISL, JUDICIAL Y ORGANISMOS DEL ESTADO",0,0,0,1,817.0,73,Superior,Mujer
0,0,35,0.0,"FUNCION EJECUTIVA, LEGISL, JUDICIAL Y ORGANISMOS DEL ESTADO",0,0,0,1,817.0,71,Superior,Hombre
0,1,48,0.0,EMPLEADOR DOMESTICO,0,1,0,0,460.0,35,Primaria,Mujer
0,0,36,0.6355582,EMPRESA PRIVADA -SOCIEDADES / COMPANIAS,0,0,0,1,471.0,41,Superior,Hombre
0,0,36,0.0,COOPERA  NO CONTROLADAS POR LA SUPERINTENDENCIA  DE BANCOS,0,0,0,1,603.0,131,Superior,Hombre
1,0,25,0.0,"FUNCION EJECUTIVA, LEGISL, JUDICIAL Y ORGANISMOS DEL ESTADO",0,0,1,0,986.0,5,Secundaria,Hombre
1,0,20,5.4873505,EMPRESA PRIVADA -SOCIEDADES / COMPANIAS,0,0,1,0,468.0,0,Secundaria,Hombre
1,0,36,4.164076,EMPRESA PRIVADA -SOCIEDADES / COMPANIAS,0,0,1,0,465.0,9,Secundaria,Hombre
0,0,39,3.0747886,EMPRESA PRIVADA -SOCIEDADES / COMPANIAS,0,1,0,0,550.0,11,Primaria,Hombre
0,0,44,1.1232871,EMPRESA PRIVADA -SOCIEDADES / COMPANIAS,0,0,1,0,471.0,35,Secundaria,Hombre
0,0,28,0.0,ORGANISMOS DEL REGIMEN SECCIONAL,0,0,0,1,801.0,25,Superior,Hombre
0,0,36,-1.538896,EMPRESA PRIVADA -SOCIEDADES / COMPANIAS,0,0,1,0,465.0,6,Secundaria,Hombre
1,0,20,7.9935403,EMPRESA PRIVADA -SOCIEDADES / COMPANIAS,0,0,1,0,468.0,0,Secundaria,Hombre
0,1,52,0.0,ENTIDADES PUBLICAS CON AUTONOMIA,0,0,0,1,1000.0,93,Superior,Mujer
0,0,38,4.9860516,EMPRESA PRIVADA -SOCIEDADES / COMPANIAS,0,1,0,0,508.0,95,Primaria,Hombre
0,0,20,3.155199,EMPRESA PRIVADA -SOCIEDADES / COMPANIAS,0,0,1,0,475.0,6,Secundaria,Hombre
0,0,41,0.0,ENTIDADES PUBLICAS CON AUTONOMIA,0,0,0,1,817.0,23,Superior,Hombre
0,0,53,0.0,EMPRESA PRIVADA -SOCIEDADES / COMPANIAS,0,0,1,0,2300.0,189,Secundaria,Hombre
0,1,51,5.550166,EMPRESA PRIVADA -SOCIEDADES / COMPANIAS,0,0,1,0,464.0,34,Secundaria,Mujer
1,0,25,1.5833268,EMPRESA PRIVADA -SOCIEDADES / COMPANIAS,0,0,0,1,500.0,0,Superior,Hombre
0,1,42,0.0,EMPRESA PRIVADA -SOCIEDADES / COMPANIAS,0,0,0,1,460.0,141,Superior,Mujer
0,1,26,1.4990274,EMPRESA PRIVADA -SOCIEDADES / COMPANIAS,0,0,0,1,900.0,2,Superior,Mujer
0,0,26,-1.3815829,EMPRESA PRIVADA -SOCIEDADES / COMPANIAS,0,0,0,1,460.0,4,Superior,Hombre
1,0,38,28.602795,EMPRESA PRIVADA -SOCIEDADES / COMPANIAS,0,0,0,1,2542.0,1,Superior,Hombre
1,1,20,-0.7462152,EMPRESA UNIPERSONAL /  PEQUEÑA INDUSTRIA,0,0,1,0,460.0,23,Secundaria,Mujer
0,1,43,9.509741,EMPRESA PRIVADA -SOCIEDADES / COMPANIAS,0,1,0,0,465.0,1,Primaria,Mujer
0,1,36,-9.27237,EMPRESA PRIVADA -SOCIEDADES / COMPANIAS,0,0,0,1,900.0,24,Superior,Mujer
0,0,22,0.0,EMPRESA UNIPERSONAL /  PEQUEÑA INDUSTRIA,0,0,1,0,460.0,3,Secundaria,Hombre
1,0,32,15.464412,EMPRESA PRIVADA -SOCIEDADES / COMPANIAS,0,0,1,0,468.0,12,Secundaria,Hombre
0,1,44,9.0125475,EMPRESA PRIVADA -SOCIEDADES / COMPANIAS,0,0,1,0,507.0,25,Secundaria,Mujer
0,0,33,9.522139,EMPRESA PRIVADA -SOCIEDADES / COMPANIAS,0,0,1,0,461.0,40,Secundaria,Hombre
1,1,29,0.0,EMPRESA PRIVADA -SOCIEDADES / COMPANIAS,1,0,0,0,463.0,10,Sin Educación,Mujer
0,1,25,0.0,EMPRESA PRIVADA -SOCIEDADES / COMPANIAS,0,0,1,0,460.0,33,Secundaria,Mujer
1,0,44,0.0,EMPRESA UNIPERSONAL /  PEQUEÑA INDUSTRIA,0,1,0,0,479.0,0,Primaria,Hombre
1,0,38,0.3008597,EMPRESA PRIVADA -SOCIEDADES / COMPANIAS,0,1,0,0,478.0,0,Primaria,Hombre
0,1,58,0.0,"FUNCION EJECUTIVA, LEGISL, JUDICIAL Y ORGANISMOS DEL ESTADO",0,0,1,0,817.0,121,Secundaria,Mujer
1,1,64,0.0,EMPRESA PRIVADA -SOCIEDADES / COMPANIAS,0,0,1,0,460.0,60,Secundaria,Mujer
1,0,35,1.473883,EMPRESA PRIVADA -SOCIEDADES / COMPANIAS,0,0,0,1,480.0,33,Superior,Hombre
0,0,34,0.0,ENTIDADES PUBLICAS CON AUTONOMIA,0,0,0,1,1929.0,85,Superior,Hombre
0,1,49,0.0,EMPRESA PRIVADA -SOCIEDADES / COMPANIAS,0,0,1,0,465.0,9,Secundaria,Mujer
0,0,21,0.7028911,EMPRESA PRIVADA -SOCIEDADES / COMPANIAS,0,1,0,0,468.0,1,Primaria,Hombre
1,1,29,-18.924696,EMPRESA PRIVADA -SOCIEDADES / COMPANIAS,0,0,0,1,780.0,61,Superior,Mujer
0,0,54,0.15896748,EMPRESA PRIVADA -SOCIEDADES / COMPANIAS,0,0,1,0,950.0,23,Secundaria,Hombre
1,1,33,0.78572226,EMPRESA PRIVADA -SOCIEDADES / COMPANIAS,0,0,1,0,471.0,4,Secundaria,Mujer
0,1,21,3.6738605,EMPRESA PRIVADA -SOCIEDADES / COMPANIAS,0,0,1,0,500.0,29,Secundaria,Mujer
0,1,29,7.397831,EMPRESA PRIVADA -SOCIEDADES / COMPANIAS,0,0,0,1,472.0,0,Superior,Mujer
0,1,52,0.0,"FUNCION EJECUTIVA, LEGISL, JUDICIAL Y ORGANISMOS DEL ESTADO",0,0,0,1,986.0,118,Superior,Mujer
1,0,30,0.0,EMPRESA PRIVADA -SOCIEDADES / COMPANIAS,0,0,0,1,730.0,76,Superior,Hombre
0,1,43,0.0,EMPRESA PRIVADA -SOCIEDADES / COMPANIAS,0,0,0,1,650.0,17,Superior,Mujer
0,0,51,-0.2771703,EMPRESA PRIVADA -SOCIEDADES / COMPANIAS,0,0,1,0,1800.0,9,Secundaria,Hombre
1,0,26,1.246414,EMPRESA PRIVADA -SOCIEDADES / COMPANIAS,0,1,0,0,461.0,0,Primaria,Hombre
0,0,27,-1.5000954,EMPRESA PRIVADA -SOCIEDADES / COMPANIAS,0,0,0,1,466.0,66,Superior,Hombre
0,0,28,-2.501538,EMPRESA PRIVADA -SOCIEDADES / COMPANIAS,0,0,0,1,460.0,21,Superior,Hombre
0,1,47,0.0,ORGANISMOS DEL REGIMEN SECCIONAL,0,0,0,1,2368.0,13,Superior,Mujer
1,1,19,15.422355,EMPRESA PRIVADA -SOCIEDADES / COMPANIAS,0,0,1,0,471.0,0,Secundaria,Mujer
0,1,59,0.0,"FUNCION EJECUTIVA, LEGISL, JUDICIAL Y ORGANISMOS DEL ESTADO",0,0,0,1,1212.0,101,Superior,Mujer
0,0,43,0.0,"FUNCION EJECUTIVA, LEGISL, JUDICIAL Y ORGANISMOS DEL ESTADO",0,0,0,1,2034.0,0,Superior,Hombre
0,0,58,0.0,"FUNCION EJECUTIVA, LEGISL, JUDICIAL Y ORGANISMOS DEL ESTADO",0,0,1,0,735.0,117,Secundaria,Hombre
1,0,32,0.20393233,EMPRESA PRIVADA -SOCIEDADES / COMPANIAS,0,0,1,0,460.0,2,Secundaria,Hombre
0,1,29,0.0,EMPRESA PRIVADA -SOCIEDADES / COMPANIAS,0,0,0,1,820.0,17,Superior,Mujer
1,1,31,0.0,EMPRESA PRIVADA -SOCIEDADES / COMPANIAS,0,0,1,0,463.0,38,Secundaria,Mujer
1,1,33,4.9285994,EMPRESA PRIVADA -SOCIEDADES / COMPANIAS,0,0,0,1,468.0,2,Superior,Mujer
1,0,25,3.7191427,EMPRESA PRIVADA -SOCIEDADES / COMPANIAS,0,0,1,0,471.0,25,Secundaria,Hombre
1,0,23,4.4208565,EMPRESA PRIVADA -SOCIEDADES / COMPANIAS,0,0,1,0,475.0,4,Secundaria,Hombre
0,1,55,0.0,"FUNCION EJECUTIVA, LEGISL, JUDICIAL Y ORGANISMOS DEL ESTADO",0,0,0,1,1676.0,35,Superior,Mujer
0,0,41,0.0,EMPRESA UNIPERSONAL /  PEQUEÑA INDUSTRIA,0,0,1,0,460.0,48,Secundaria,Hombre
1,0,47,0.0,ORGANISMOS DEL REGIMEN SECCIONAL,0,0,1,0,520.0,4,Secundaria,Hombre
1,0,56,0.0,EMPRESA PRIVADA -SOCIEDADES / COMPANIAS,0,0,0,1,1705.0,93,Superior,Hombre
0,0,37,0.0,ENTIDADES PUBLICAS CON AUTONOMIA,0,0,0,1,1676.0,86,Superior,Hombre
1,0,43,0.0,EMPRESA PRIVADA -SOCIEDADES / COMPANIAS,0,0,0,1,617.0,10,Superior,Hombre
0,0,34,1.3215848,EMPRESA PRIVADA -SOCIEDADES / COMPANIAS,0,1,0,0,461.0,78,Primaria,Hombre
0,0,26,7.045021,EMPRESA PRIVADA -SOCIEDADES / COMPANIAS,0,0,1,0,465.0,5,Secundaria,Hombre
0,1,56,1.9850539,EMPRESA PRIVADA -SOCIEDADES / COMPANIAS,0,0,0,1,3687.0,220,Superior,Mujer
1,1,33,0.0,EMPRESA PRIVADA -SOCIEDADES / COMPANIAS,0,0,1,0,468.0,1,Secundaria,Mujer
1,1,27,4.8699203,EMPRESA PRIVADA -SOCIEDADES / COMPANIAS,0,0,0,1,800.0,8,Superior,Mujer
1,0,40,2.029526,EMPRESA PRIVADA -SOCIEDADES / COMPANIAS,0,0,1,0,530.0,3,Secundaria,Hombre
1,0,30,0.44108889,EMPRESA PRIVADA -SOCIEDADES / COMPANIAS,0,0,1,0,465.0,0,Secundaria,Hombre
1,0,51,-4.2928834,CONSTRUCCION,0,0,1,0,1046.0,53,Secundaria,Hombre
0,1,43,0.0,"FUNCION EJECUTIVA, LEGISL, JUDICIAL Y ORGANISMOS DEL ESTADO",0,0,0,1,986.0,118,Superior,Mujer
1,0,40,0.0,"EMBAJADAS, MISIONES DIPL., CONSULARES, ORG. INTERNACIONAL",0,0,0,1,3265.0,59,Superior,Hombre
0,0,39,7.7396398,EMPRESA PRIVADA -SOCIEDADES / COMPANIAS,0,0,1,0,465.0,109,Secundaria,Hombre
0,0,28,3.9159575,EMPRESA PRIVADA -SOCIEDADES / COMPANIAS,0,0,1,0,515.0,34,Secundaria,Hombre
0,1,42,12.311002,EMPRESA PRIVADA -SOCIEDADES / COMPANIAS,0,0,0,1,700.0,27,Superior,Mujer
0,0,41,0.0,ORGANISMOS DEL REGIMEN SECCIONAL,0,0,1,0,460.0,53,Secundaria,Hombre
1,1,24,0.0,EMPRESA UNIPERSONAL /  PEQUEÑA INDUSTRIA,0,1,0,0,460.0,21,Primaria,Mujer
1,1,41,-6.550762,EMPRESA PRIVADA -SOCIEDADES / COMPANIAS,0,0,0,1,1223.0,80,Superior,Mujer
1,1,20,1.0129057,EMPRESA PRIVADA -SOCIEDADES / COMPANIAS,0,0,1,0,455.0,1,Secundaria,Mujer
0,1,55,0.0,ENTIDADES PÚBLICAS DE EDUCACIÓN SUPERIOR,0,0,0,1,986.0,117,Superior,Mujer
1,1,66,0.0,EMPRESA PRIVADA -SOCIEDADES / COMPANIAS,0,0,1,0,460.0,142,Secundaria,Mujer
0,0,24,6.4434705,EMPRESA PRIVADA -SOCIEDADES / COMPANIAS,0,0,1,0,460.0,10,Secundaria,Hombre
0,1,48,0.0,"FUNCION EJECUTIVA, LEGISL, JUDICIAL Y ORGANISMOS DEL ESTADO",0,0,0,1,986.0,118,Superior,Mujer
0,0,27,0.0,EMPRESA PRIVADA -SOCIEDADES / COMPANIAS,0,0,1,0,577.0,74,Secundaria,Hombre
0,0,25,3.8454528,EMPRESA PRIVADA -SOCIEDADES / COMPANIAS,0,0,1,0,465.0,22,Secundaria,Hombre
0,0,28,0.0,ORGANISMOS DEL REGIMEN SECCIONAL,0,0,1,0,918.0,107,Secundaria,Hombre
1,1,30,0.0,EMPRESA PRIVADA -SOCIEDADES / COMPANIAS,0,0,0,1,460.0,34,Superior,Mujer
0,1,61,0.0,"FUNCION EJECUTIVA, LEGISL, JUDICIAL Y ORGANISMOS DEL ESTADO",0,0,0,1,1212.0,124,Superior,Mujer
1,0,65,3.6689627,EMPRESA PRIVADA -SOCIEDADES / COMPANIAS,1,0,0,0,460.0,152,Sin Educación,Hombre
1,0,27,0.2721462,EMPRESA PRIVADA -SOCIEDADES / COMPANIAS,0,1,0,0,466.0,25,Primaria,Hombre
0,0,29,7.154472,EMPRESA PRIVADA -SOCIEDADES / COMPANIAS,0,0,1,0,1213.0,75,Secundaria,Hombre
0,1,37,0.0,ENTIDADES PUBLICAS CON AUTONOMIA,0,0,0,1,1676.0,116,Superior,Mujer
1,0,25,0.0,"FUNCION EJECUTIVA, LEGISL, JUDICIAL Y ORGANISMOS DEL ESTADO",0,0,0,1,986.0,5,Superior,Hombre
1,0,31,1.5833268,EMPRESA PRIVADA -SOCIEDADES / COMPANIAS,0,0,1,0,460.0,22,Secundaria,Hombre
1,0,29,10.967074,EMPRESA PRIVADA -SOCIEDADES / COMPANIAS,0,0,0,1,500.0,1,Superior,Hombre
1,1,26,0.0,"FUNCION EJECUTIVA, LEGISL, JUDICIAL Y ORGANISMOS DEL ESTADO",0,0,1,0,901.0,9,Secundaria,Mujer
0,0,25,9.4338255,EMPRESA PRIVADA -SOCIEDADES / COMPANIAS,0,0,0,1,476.0,8,Superior,Hombre
0,1,36,0.0,ENTIDADES PUBLICAS CON AUTONOMIA,0,0,0,1,901.0,3,Superior,Mujer
1,0,35,0.0,"FUNCION EJECUTIVA, LEGISL, JUDICIAL Y ORGANISMOS DEL ESTADO",0,0,0,1,817.0,1,Superior,Hombre
1,1,20,8.501653,EMPRESA PRIVADA -SOCIEDADES / COMPANIAS,0,1,0,0,461.0,9,Primaria,Mujer
0,0,24,0.0,"FUNCION EJECUTIVA, LEGISL, JUDICIAL Y ORGANISMOS DEL ESTADO",0,0,0,1,817.0,4,Superior,Hombre
0,1,56,0.0,EMPLEADOR DOMESTICO,0,0,1,0,460.0,35,Secundaria,Mujer
1,0,47,-4.8239594,EMPRESA PRIVADA -SOCIEDADES / COMPANIAS,0,1,0,0,461.0,1,Primaria,Hombre
0,0,54,0.0,ENTIDADES PUBLICAS CON AUTONOMIA,0,0,1,0,1204.0,56,Secundaria,Hombre
1,1,31,5.092871,EMPRESA PRIVADA -SOCIEDADES / COMPANIAS,0,0,0,1,532.0,3,Superior,Mujer
0,0,51,23.872305,EMPRESA PRIVADA -SOCIEDADES / COMPANIAS,0,0,1,0,465.0,6,Secundaria,Hombre
0,0,57,0.0,EMPRESA PRIVADA -SOCIEDADES / COMPANIAS,0,0,1,0,460.0,131,Secundaria,Hombre
0,1,41,0.0,"FUNCION EJECUTIVA, LEGISL, JUDICIAL Y ORGANISMOS DEL ESTADO",0,0,0,1,817.0,82,Superior,Mujer
0,1,59,0.0,"FUNCION EJECUTIVA, LEGISL, JUDICIAL Y ORGANISMOS DEL ESTADO",0,0,0,1,1412.0,121,Superior,Mujer
0,0,47,7.07004,EMPRESA PRIVADA -SOCIEDADES / COMPANIAS,0,0,1,0,474.0,137,Secundaria,Hombre
1,1,30,-3.7401857,EMPRESA PRIVADA -SOCIEDADES / COMPANIAS,0,0,0,1,660.0,10,Superior,Mujer
0,1,51,0.0,ORGANISMOS DEL REGIMEN SECCIONAL,0,0,0,1,1412.0,89,Superior,Mujer
0,1,54,0.0,"FUNCION EJECUTIVA, LEGISL, JUDICIAL Y ORGANISMOS DEL ESTADO",0,0,0,1,986.0,120,Superior,Mujer
1,1,43,0.0,ENTIDADES PUBLICAS CON AUTONOMIA,0,0,0,1,901.0,34,Superior,Mujer
0,0,48,-0.17692822,EMPRESA PRIVADA -SOCIEDADES / COMPANIAS,0,1,0,0,707.0,2,Primaria,Hombre
0,0,28,1.0896417,EMPRESA PRIVADA -SOCIEDADES / COMPANIAS,0,0,0,1,472.0,10,Superior,Hombre
0,1,39,1.9881605,EMPRESA PRIVADA -SOCIEDADES / COMPANIAS,0,1,0,0,460.0,87,Primaria,Mujer
1,1,21,18.145796,EMPRESA PRIVADA -SOCIEDADES / COMPANIAS,0,0,1,0,468.0,20,Secundaria,Mujer
1,0,21,1.1069069,EMPRESA PRIVADA -SOCIEDADES / COMPANIAS,0,0,1,0,470.0,0,Secundaria,Hombre
1,1,24,0.0,EMPRESA PRIVADA -SOCIEDADES / COMPANIAS,0,0,1,0,460.0,1,Secundaria,Mujer
0,0,37,-5.563926,EMPRESA PRIVADA -SOCIEDADES / COMPANIAS,0,1,0,0,463.0,193,Primaria,Hombre
0,0,28,0.01819738,EMPRESA PRIVADA -SOCIEDADES / COMPANIAS,0,0,1,0,472.0,15,Secundaria,Hombre
0,0,31,0.0,EMPRESA PRIVADA -SOCIEDADES / COMPANIAS,0,1,0,0,550.0,10,Primaria,Hombre
1,0,31,7.386995,EMPRESA PRIVADA -SOCIEDADES / COMPANIAS,0,0,1,0,465.0,2,Secundaria,Hombre
1,0,59,0.0,ORGANISMOS DEL REGIMEN SECCIONAL,0,0,0,1,1200.0,247,Superior,Hombre
0,0,50,0.0,ORGANISMOS DEL REGIMEN SECCIONAL,0,0,1,0,773.0,137,Secundaria,Hombre
0,1,33,0.0,EMPRESA PRIVADA -SOCIEDADES / COMPANIAS,0,0,0,1,700.0,5,Superior,Mujer
1,0,31,0.0,ORGANISMOS DEL REGIMEN SECCIONAL,0,0,0,1,1402.0,14,Superior,Hombre
1,1,47,0.0,"INSTITUCION FINANCIERA PRIVADA, BANCOS Y CIA DE SEGUROS",0,0,0,1,2330.0,243,Superior,Mujer
1,1,56,1.2531614,EMPRESA PRIVADA -SOCIEDADES / COMPANIAS,0,1,0,0,461.0,129,Primaria,Mujer
1,0,41,-18.924696,EMPRESA PRIVADA -SOCIEDADES / COMPANIAS,0,1,0,0,356.0,10,Primaria,Hombre
0,0,43,0.0,ORGANISMOS DEL REGIMEN SECCIONAL,0,0,1,0,738.0,138,Secundaria,Hombre
0,1,33,-4.9528275,EMPRESA PRIVADA -SOCIEDADES / COMPANIAS,0,1,0,0,460.0,12,Primaria,Mujer
0,0,20,0.0,EMPLEADOR DOMESTICO,0,0,1,0,810.0,23,Secundaria,Hombre
1,0,29,0.0,EMPRESA PRIVADA -SOCIEDADES / COMPANIAS,0,0,1,0,883.0,0,Secundaria,Hombre
0,0,48,28.602795,EMPRESA PRIVADA -SOCIEDADES / COMPANIAS,0,0,0,1,460.0,26,Superior,Hombre
0,1,34,0.0,"FUNCION EJECUTIVA, LEGISL, JUDICIAL Y ORGANISMOS DEL ESTADO",0,0,0,1,986.0,61,Superior,Mujer
0,1,32,6.777494,EMPRESA PRIVADA -SOCIEDADES / COMPANIAS,0,0,1,0,595.0,42,Secundaria,Mujer
0,1,23,4.5614233,EMPRESA PRIVADA -SOCIEDADES / COMPANIAS,0,0,0,1,550.0,28,Superior,Mujer
1,0,35,0.0,EMPRESA UNIPERSONAL /  PEQUEÑA INDUSTRIA,0,0,1,0,466.0,17,Secundaria,Hombre
1,1,47,0.0,EMPRESA PRIVADA -SOCIEDADES / COMPANIAS,0,0,1,0,465.0,8,Secundaria,Mujer
0,0,46,28.602795,EMPRESA PRIVADA -SOCIEDADES / COMPANIAS,0,0,1,0,461.0,79,Secundaria,Hombre
0,1,25,-6.6556587,EMPRESA PRIVADA -SOCIEDADES / COMPANIAS,0,0,1,0,475.0,4,Secundaria,Mujer
1,0,39,0.0,COOP AHORRO  CRED. VIVIENDA ETC.CONTR SUPER  DE BANCOS,0,0,0,1,840.0,6,Superior,Hombre
0,0,54,0.0,EMPRESA PRIVADA -SOCIEDADES / COMPANIAS,0,0,1,0,1350.0,175,Secundaria,Hombre
0,1,33,0.0,ORGANISMOS DEL REGIMEN SECCIONAL,0,0,0,1,1006.0,22,Superior,Mujer
1,0,24,0.0,"FUNCION EJECUTIVA, LEGISL, JUDICIAL Y ORGANISMOS DEL ESTADO",0,0,1,0,901.0,5,Secundaria,Hombre
1,0,21,4.3297443,EMPRESA PRIVADA -SOCIEDADES / COMPANIAS,0,1,0,0,460.0,23,Primaria,Hombre
0,0,46,0.0,ORGANISMOS DEL REGIMEN SECCIONAL,0,1,0,0,738.0,161,Primaria,Hombre
1,1,32,6.4434705,EMPRESA PRIVADA -SOCIEDADES / COMPANIAS,0,0,1,0,460.0,29,Secundaria,Mujer
0,0,43,0.0,ENTIDADES PUBLICAS CON AUTONOMIA,0,0,0,1,2245.0,133,Superior,Hombre
1,1,27,1.5833268,EMPRESA PRIVADA -SOCIEDADES / COMPANIAS,0,0,1,0,468.0,1,Secundaria,Mujer
1,1,60,0.0,"FUNCION EJECUTIVA, LEGISL, JUDICIAL Y ORGANISMOS DEL ESTADO",0,0,0,1,1212.0,86,Superior,Mujer
0,1,43,0.0,ENTIDADES PUBLICAS CON AUTONOMIA,0,0,0,1,2641.0,78,Superior,Mujer
0,1,50,0.0,EMPRESA PRIVADA -SOCIEDADES / COMPANIAS,0,0,0,1,1050.0,228,Superior,Mujer
0,0,21,5.7175198,EMPRESA PRIVADA -SOCIEDADES / COMPANIAS,0,0,1,0,468.0,8,Secundaria,Hombre
0,1,61,0.0,"FUNCION EJECUTIVA, LEGISL, JUDICIAL Y ORGANISMOS DEL ESTADO",0,0,0,1,1676.0,47,Superior,Mujer
1,1,23,0.0,"FUNCION EJECUTIVA, LEGISL, JUDICIAL Y ORGANISMOS DEL ESTADO",0,0,0,1,901.0,5,Superior,Mujer
0,1,44,0.0,ENTIDADES PUBLICAS CON AUTONOMIA,0,0,0,1,901.0,166,Superior,Mujer
1,0,28,1.4876237,EMPRESA PRIVADA -SOCIEDADES / COMPANIAS,0,0,0,1,500.0,29,Superior,Hombre
1,1,35,0.0,EMPRESA UNIPERSONAL /  PEQUEÑA INDUSTRIA,0,0,1,0,471.0,19,Secundaria,Mujer
0,1,71,0.0,EMPLEADOR DOMESTICO,0,0,1,0,460.0,124,Secundaria,Mujer
0,0,53,0.7340599,EMPRESA PRIVADA -SOCIEDADES / COMPANIAS,0,1,0,0,616.0,95,Primaria,Hombre
1,0,23,28.058844,EMPRESA PRIVADA -SOCIEDADES / COMPANIAS,0,0,1,0,460.0,0,Secundaria,Hombre
0,0,29,14.309429,EMPRESA PRIVADA -SOCIEDADES / COMPANIAS,0,0,0,1,482.0,28,Superior,Hombre
1,1,32,0.0,EMPRESA UNIPERSONAL /  PEQUEÑA INDUSTRIA,0,0,0,1,478.0,51,Superior,Mujer
1,1,20,0.0,"INSTITUCION FINANCIERA PRIVADA, BANCOS Y CIA DE SEGUROS",0,1,0,0,465.0,2,Primaria,Mujer
1,1,32,-5.5244155,EMPRESA PRIVADA -SOCIEDADES / COMPANIAS,0,0,1,0,460.0,30,Secundaria,Mujer
1,0,27,7.3831453,EMPRESA PRIVADA -SOCIEDADES / COMPANIAS,0,1,0,0,460.0,33,Primaria,Hombre
1,1,54,0.0,EMPLEADOR DOMESTICO,0,0,1,0,460.0,27,Secundaria,Mujer
0,0,45,-13.962299,EMPRESA PRIVADA -SOCIEDADES / COMPANIAS,0,0,1,0,671.0,35,Secundaria,Hombre
0,1,43,0.0,EMPLEADOR DOMESTICO,0,1,0,0,460.0,36,Primaria,Mujer
0,0,29,0.0,EMPRESA PRIVADA -SOCIEDADES / COMPANIAS,0,0,1,0,512.0,18,Secundaria,Hombre
1,0,37,2.5337803,EMPRESA PRIVADA -SOCIEDADES / COMPANIAS,0,0,1,0,471.0,65,Secundaria,Hombre
0,0,42,0.0,EMPRESA PRIVADA -SOCIEDADES / COMPANIAS,0,1,0,0,465.0,172,Primaria,Hombre
0,0,58,-0.316653,EMPRESA PRIVADA -SOCIEDADES / COMPANIAS,0,0,1,0,1800.0,82,Secundaria,Hombre
1,0,35,6.9998393,EMPRESA PRIVADA -SOCIEDADES / COMPANIAS,0,0,1,0,471.0,37,Secundaria,Hombre
0,0,33,19.853542,EMPRESA PRIVADA -SOCIEDADES / COMPANIAS,0,0,1,0,571.0,0,Secundaria,Hombre
0,0,30,-1.9752148,EMPRESA PRIVADA -SOCIEDADES / COMPANIAS,0,1,0,0,467.0,89,Primaria,Hombre
1,0,22,17.979733,EMPRESA PRIVADA -SOCIEDADES / COMPANIAS,0,0,1,0,460.0,9,Secundaria,Hombre
0,0,22,-18.924696,EMPRESA PRIVADA -SOCIEDADES / COMPANIAS,0,0,1,0,650.0,17,Secundaria,Hombre
1,0,34,7.2990355,EMPRESA PRIVADA -SOCIEDADES / COMPANIAS,0,0,1,0,465.0,7,Secundaria,Hombre
0,0,49,4.2397013,EMPRESA PRIVADA -SOCIEDADES / COMPANIAS,0,0,1,0,6623.0,15,Secundaria,Hombre
1,0,53,0.527145,EMPRESA PRIVADA -SOCIEDADES / COMPANIAS,0,0,1,0,626.0,0,Secundaria,Hombre
0,1,37,0.0,"FUNCION EJECUTIVA, LEGISL, JUDICIAL Y ORGANISMOS DEL ESTADO",0,0,0,1,675.0,123,Superior,Mujer
1,1,27,1.1003178,EMPRESA PRIVADA -SOCIEDADES / COMPANIAS,0,0,1,0,460.0,4,Secundaria,Mujer
0,1,50,0.0,"FUNCION EJECUTIVA, LEGISL, JUDICIAL Y ORGANISMOS DEL ESTADO",0,0,0,1,1212.0,47,Superior,Mujer
1,0,37,7.833795,EMPRESA PRIVADA -SOCIEDADES / COMPANIAS,0,1,0,0,470.0,3,Primaria,Hombre
1,0,38,0.0,EMPRESA PRIVADA -SOCIEDADES / COMPANIAS,0,0,0,1,500.0,97,Superior,Hombre
0,0,33,0.0,EMPRESA UNIPERSONAL /  PEQUEÑA INDUSTRIA,0,0,0,1,573.0,142,Superior,Hombre
1,1,25,0.0,"FUNCION EJECUTIVA, LEGISL, JUDICIAL Y ORGANISMOS DEL ESTADO",0,0,0,1,901.0,5,Superior,Mujer
0,0,26,0.0,EMPRESA UNIPERSONAL /  PEQUEÑA INDUSTRIA,0,0,1,0,460.0,36,Secundaria,Hombre
0,1,49,0.0,EMPRESA UNIPERSONAL /  PEQUEÑA INDUSTRIA,0,0,1,0,1000.0,166,Secundaria,Mujer
0,1,51,7.128997,EMPRESA PRIVADA -SOCIEDADES / COMPANIAS,0,0,0,1,1300.0,237,Superior,Mujer
0,0,36,1.7183343,EMPRESA PRIVADA -SOCIEDADES / COMPANIAS,0,0,1,0,661.0,116,Secundaria,Hombre
1,0,23,3.741557,EMPRESA PRIVADA -SOCIEDADES / COMPANIAS,0,1,0,0,461.0,9,Primaria,Hombre
0,1,38,0.0,EMPRESA PRIVADA -SOCIEDADES / COMPANIAS,0,0,1,0,471.0,11,Secundaria,Mujer
0,1,30,-0.12047035,EMPRESA PRIVADA -SOCIEDADES / COMPANIAS,0,0,0,1,465.0,33,Superior,Mujer
1,1,24,28.602795,EMPRESA PRIVADA -SOCIEDADES / COMPANIAS,0,0,1,0,462.0,14,Secundaria,Mujer
1,0,46,2.996037,EMPRESA PRIVADA -SOCIEDADES / COMPANIAS,0,0,1,0,550.0,3,Secundaria,Hombre
1,0,25,0.18078503,EMPRESA PRIVADA -SOCIEDADES / COMPANIAS,0,1,0,0,469.0,17,Primaria,Hombre
0,1,22,3.155199,EMPRESA PRIVADA -SOCIEDADES / COMPANIAS,0,0,1,0,475.0,13,Secundaria,Mujer
1,1,59,0.0,MICRO EMPRESA (NO ARTESANAL),0,0,0,1,466.0,52,Superior,Mujer
0,0,46,0.0,ORGANISMOS DEL REGIMEN SECCIONAL,0,1,0,0,738.0,51,Primaria,Hombre
0,0,54,0.0,EMPRESA UNIPERSONAL /  PEQUEÑA INDUSTRIA,0,1,0,0,460.0,38,Primaria,Hombre
1,1,42,1.4821188,EMPRESA PRIVADA -SOCIEDADES / COMPANIAS,0,0,0,1,500.0,2,Superior,Mujer
1,1,24,0.0,"FUNCION EJECUTIVA, LEGISL, JUDICIAL Y ORGANISMOS DEL ESTADO",0,0,1,0,901.0,9,Secundaria,Mujer
0,0,35,0.0,ORGANISMOS DEL REGIMEN SECCIONAL,0,0,1,0,912.0,142,Secundaria,Hombre
0,1,38,0.0,"FUNCION EJECUTIVA, LEGISL, JUDICIAL Y ORGANISMOS DEL ESTADO",0,0,0,1,986.0,118,Superior,Mujer
0,1,38,0.0,MICRO EMPRESA (NO ARTESANAL),0,1,0,0,460.0,2,Primaria,Mujer
0,0,29,0.0,"FUNCION EJECUTIVA, LEGISL, JUDICIAL Y ORGANISMOS DEL ESTADO",0,0,0,1,824.0,71,Superior,Hombre
1,0,25,0.03456518,EMPRESA PRIVADA -SOCIEDADES / COMPANIAS,0,0,1,0,468.0,2,Secundaria,Hombre
1,0,25,1.1895626,EMPRESA PRIVADA -SOCIEDADES / COMPANIAS,0,0,1,0,611.0,8,Secundaria,Hombre
1,0,28,24.224382,EMPRESA PRIVADA -SOCIEDADES / COMPANIAS,0,0,0,1,462.0,4,Superior,Hombre
1,1,27,4.9288387,EMPRESA PRIVADA -SOCIEDADES / COMPANIAS,0,1,0,0,461.0,47,Primaria,Mujer
1,1,31,3.8973105,EMPRESA PRIVADA -SOCIEDADES / COMPANIAS,0,0,0,1,465.0,90,Superior,Mujer
1,1,27,0.0,MICRO EMPRESA (NO ARTESANAL),0,0,0,1,460.0,2,Superior,Mujer
1,1,27,0.0,ORGANISMOS DEL REGIMEN SECCIONAL,0,0,1,0,460.0,3,Secundaria,Mujer
1,0,40,0.0,EMPRESA PRIVADA -SOCIEDADES / COMPANIAS,0,0,1,0,810.0,167,Secundaria,Hombre
1,0,40,0.0,EMPRESA UNIPERSONAL /  PEQUEÑA INDUSTRIA,0,0,1,0,500.0,2,Secundaria,Hombre
0,0,48,4.581329,EMPRESA PRIVADA -SOCIEDADES / COMPANIAS,0,0,1,0,460.0,15,Secundaria,Hombre
1,0,32,-5.967535,EMPRESA PRIVADA -SOCIEDADES / COMPANIAS,1,0,0,0,461.0,74,Sin Educación,Hombre
1,0,30,0.0,"FUNCION EJECUTIVA, LEGISL, JUDICIAL Y ORGANISMOS DEL ESTADO",0,0,1,0,986.0,9,Secundaria,Hombre
1,0,24,-18.924696,EMPRESA PRIVADA -SOCIEDADES / COMPANIAS,0,0,1,0,468.0,0,Secundaria,Hombre
1,1,27,1.6482445,EMPRESA PRIVADA -SOCIEDADES / COMPANIAS,0,0,1,0,471.0,0,Secundaria,Mujer
0,0,31,0.0,EMPRESA PRIVADA -SOCIEDADES / COMPANIAS,0,0,1,0,800.0,16,Secundaria,Hombre
0,1,58,23.021584,EMPRESA PRIVADA -SOCIEDADES / COMPANIAS,0,0,1,0,476.0,201,Secundaria,Mujer
0,1,28,12.579348,EMPRESA PRIVADA -SOCIEDADES / COMPANIAS,0,0,1,0,500.0,85,Secundaria,Mujer
1,1,31,0.0,EMPRESA PRIVADA -SOCIEDADES / COMPANIAS,0,0,0,1,530.0,8,Superior,Mujer
1,1,24,0.0,"FUNCION EJECUTIVA, LEGISL, JUDICIAL Y ORGANISMOS DEL ESTADO",0,0,0,1,901.0,9,Superior,Mujer
0,1,52,0.0,"FUNCION EJECUTIVA, LEGISL, JUDICIAL Y ORGANISMOS DEL ESTADO",0,0,1,0,986.0,119,Secundaria,Mujer
1,1,30,-18.924696,EMPRESA PRIVADA -SOCIEDADES / COMPANIAS,0,0,0,1,1400.0,14,Superior,Mujer
1,0,26,0.0,ENTIDADES PÚBLICAS DE EDUCACIÓN SUPERIOR,0,0,0,1,1212.0,2,Superior,Hombre
1,1,30,-5.6938567,EMPRESA PRIVADA -SOCIEDADES / COMPANIAS,0,0,0,1,840.0,10,Superior,Mujer
0,0,38,0.0,"FUNCION EJECUTIVA, LEGISL, JUDICIAL Y ORGANISMOS DEL ESTADO",0,0,0,1,1676.0,50,Superior,Hombre
1,1,39,18.860846,EMPRESA PRIVADA -SOCIEDADES / COMPANIAS,0,0,1,0,468.0,12,Secundaria,Mujer
0,0,38,2.937557,EMPRESA PRIVADA -SOCIEDADES / COMPANIAS,0,1,0,0,465.0,74,Primaria,Hombre
0,0,56,4.143139,CONSTRUCCION,1,0,0,0,478.0,0,Sin Educación,Hombre
0,1,43,0.0,EMPRESA PRIVADA -SOCIEDADES / COMPANIAS,0,0,1,0,460.0,130,Secundaria,Mujer
0,1,24,2.5653272,EMPRESA PRIVADA -SOCIEDADES / COMPANIAS,0,1,0,0,468.0,40,Primaria,Mujer
0,1,43,0.47001642,EMPRESA PRIVADA -SOCIEDADES / COMPANIAS,0,0,0,1,500.0,74,Superior,Mujer
1,0,36,0.71322227,EMPRESA PRIVADA -SOCIEDADES / COMPANIAS,0,0,0,1,460.0,36,Superior,Hombre
0,1,30,0.0,"FUNCION EJECUTIVA, LEGISL, JUDICIAL Y ORGANISMOS DEL ESTADO",0,0,0,1,1212.0,35,Superior,Mujer
1,0,23,0.9828392,EMPRESA PRIVADA -SOCIEDADES / COMPANIAS,0,0,1,0,460.0,29,Secundaria,Hombre
0,0,31,3.556554,EMPRESA PRIVADA -SOCIEDADES / COMPANIAS,0,0,1,0,650.0,1,Secundaria,Hombre
0,1,50,0.0,EMPRESA UNIPERSONAL /  PEQUEÑA INDUSTRIA,0,0,0,1,480.0,153,Superior,Mujer
0,0,24,13.521308,EMPRESA PRIVADA -SOCIEDADES / COMPANIAS,0,1,0,0,469.0,0,Primaria,Hombre
1,1,43,13.832218,EMPRESA PRIVADA -SOCIEDADES / COMPANIAS,0,1,0,0,460.0,5,Primaria,Mujer
1,1,29,4.3297443,EMPRESA PRIVADA -SOCIEDADES / COMPANIAS,0,0,1,0,460.0,2,Secundaria,Mujer
1,1,24,0.0,"FUNCION EJECUTIVA, LEGISL, JUDICIAL Y ORGANISMOS DEL ESTADO",0,0,1,0,986.0,5,Secundaria,Mujer
0,1,34,3.7191427,EMPRESA PRIVADA -SOCIEDADES / COMPANIAS,0,0,1,0,471.0,117,Secundaria,Mujer
1,0,24,-0.84596944,EMPRESA PRIVADA -SOCIEDADES / COMPANIAS,0,0,1,0,600.0,0,Secundaria,Hombre
0,0,62,5.7117295,EMPRESA PRIVADA -SOCIEDADES / COMPANIAS,0,1,0,0,460.0,77,Primaria,Hombre
0,0,59,0.0,EMPRESA UNIPERSONAL /  PEQUEÑA INDUSTRIA,0,0,1,0,460.0,58,Secundaria,Hombre
0,1,38,2.0316126,EMPRESA PRIVADA -SOCIEDADES / COMPANIAS,0,0,1,0,470.0,16,Secundaria,Mujer
0,0,28,0.58819,EMPRESA PRIVADA -SOCIEDADES / COMPANIAS,0,0,1,0,460.0,35,Secundaria,Hombre
0,0,34,0.37447417,EMPRESA PRIVADA -SOCIEDADES / COMPANIAS,0,1,0,0,460.0,98,Primaria,Hombre
0,0,34,0.0,EMPRESA PRIVADA -SOCIEDADES / COMPANIAS,0,0,0,1,1724.0,2,Superior,Hombre
1,1,22,0.0,EMPRESA PRIVADA -SOCIEDADES / COMPANIAS,0,0,0,1,460.0,2,Superior,Mujer
1,1,20,0.0,EMPRESA UNIPERSONAL /  PEQUEÑA INDUSTRIA,0,0,1,0,471.0,3,Secundaria,Mujer
0,1,38,0.0,ENTIDADES PUBLICAS CON AUTONOMIA,0,0,0,1,1450.0,99,Superior,Mujer
0,0,45,0.0,EMPRESA UNIPERSONAL /  PEQUEÑA INDUSTRIA,0,0,0,1,465.0,62,Superior,Hombre
0,0,24,-18.924696,EMPRESA PRIVADA -SOCIEDADES / COMPANIAS,0,0,1,0,460.0,11,Secundaria,Hombre
0,0,41,5.3131557,EMPRESA PRIVADA -SOCIEDADES / COMPANIAS,0,0,1,0,528.0,247,Secundaria,Hombre
0,0,43,2.481705,EMPRESA PRIVADA -SOCIEDADES / COMPANIAS,0,0,0,1,900.0,12,Superior,Hombre
0,0,37,-1.5139302,EMPRESA PRIVADA -SOCIEDADES / COMPANIAS,0,0,1,0,466.0,1,Secundaria,Hombre
0,0,29,7.776325,EMPRESA PRIVADA -SOCIEDADES / COMPANIAS,0,0,0,1,530.0,2,Superior,Hombre
1,1,31,0.0,ORGANISMOS DEL REGIMEN SECCIONAL,0,0,1,0,460.0,3,Secundaria,Mujer
1,0,47,4.2668505,EMPRESA PRIVADA -SOCIEDADES / COMPANIAS,0,0,0,1,4450.0,38,Superior,Hombre
1,0,50,0.0,ORGANISMOS DEL REGIMEN SECCIONAL,0,1,0,0,720.0,4,Primaria,Hombre
0,1,26,0.0,EMPRESA PRIVADA -SOCIEDADES / COMPANIAS,0,0,0,1,550.0,8,Superior,Mujer
1,0,25,0.5589695,EMPRESA PRIVADA -SOCIEDADES / COMPANIAS,0,0,0,1,474.0,19,Superior,Hombre
0,0,23,0.0,EMPRESA PRIVADA -SOCIEDADES / COMPANIAS,0,0,1,0,550.0,6,Secundaria,Hombre
0,1,58,0.0,"FUNCION EJECUTIVA, LEGISL, JUDICIAL Y ORGANISMOS DEL ESTADO",0,0,1,0,561.0,35,Secundaria,Mujer
1,1,34,0.0,"FUNCION EJECUTIVA, LEGISL, JUDICIAL Y ORGANISMOS DEL ESTADO",0,0,0,1,1212.0,47,Superior,Mujer
1,0,21,4.5053544,EMPRESA PRIVADA -SOCIEDADES / COMPANIAS,0,0,1,0,460.0,27,Secundaria,Hombre
1,0,28,0.2638172,EMPRESA PRIVADA -SOCIEDADES / COMPANIAS,0,0,0,1,472.0,0,Superior,Hombre
1,0,53,-10.341043,EMPRESA PRIVADA -SOCIEDADES / COMPANIAS,0,1,0,0,590.0,89,Primaria,Hombre
1,1,51,0.0,ENTIDADES PUBLICAS CON AUTONOMIA,0,0,0,1,817.0,2,Superior,Mujer
0,1,30,5.8201694,EMPRESA PRIVADA -SOCIEDADES / COMPANIAS,0,0,0,1,1190.0,18,Superior,Mujer
1,1,42,28.602795,EMPRESA PRIVADA -SOCIEDADES / COMPANIAS,0,0,1,0,650.0,37,Secundaria,Mujer
0,0,63,0.0,"FUNCION EJECUTIVA, LEGISL, JUDICIAL Y ORGANISMOS DEL ESTADO",0,0,0,1,2034.0,45,Superior,Hombre
1,0,63,3.0955787,EMPRESA PRIVADA -SOCIEDADES / COMPANIAS,0,0,1,0,467.0,196,Secundaria,Hombre
1,0,27,0.0,EMPRESA PRIVADA -SOCIEDADES / COMPANIAS,0,0,1,0,460.0,5,Secundaria,Hombre
0,0,35,4.7583385,EMPRESA PRIVADA -SOCIEDADES / COMPANIAS,0,0,1,0,462.0,63,Secundaria,Hombre
1,0,57,6.5390515,EMPRESA PRIVADA -SOCIEDADES / COMPANIAS,0,0,1,0,471.0,1,Secundaria,Hombre
1,0,33,0.0,EMPRESA UNIPERSONAL /  PEQUEÑA INDUSTRIA,0,1,0,0,460.0,21,Primaria,Hombre
1,0,38,4.5614233,EMPRESA PRIVADA -SOCIEDADES / COMPANIAS,0,0,1,0,466.0,98,Secundaria,Hombre
0,0,22,0.0,"FUNCION EJECUTIVA, LEGISL, JUDICIAL Y ORGANISMOS DEL ESTADO",0,0,1,0,540.0,9,Secundaria,Hombre
1,0,36,6.570615,EMPRESA PRIVADA -SOCIEDADES / COMPANIAS,0,0,0,1,465.0,0,Superior,Hombre
0,0,36,0.0,ORGANISMOS DEL REGIMEN SECCIONAL,0,0,0,1,1550.0,13,Superior,Hombre
1,1,37,10.356785,EMPRESA PRIVADA -SOCIEDADES / COMPANIAS,0,0,1,0,471.0,25,Secundaria,Mujer
1,1,36,-18.924696,EMPRESA PRIVADA -SOCIEDADES / COMPANIAS,0,0,1,0,460.0,0,Secundaria,Mujer
1,0,29,8.084702,EMPRESA PRIVADA -SOCIEDADES / COMPANIAS,0,0,1,0,707.0,10,Secundaria,Hombre
1,1,22,0.54076135,EMPRESA PRIVADA -SOCIEDADES / COMPANIAS,0,0,1,0,468.0,2,Secundaria,Mujer
1,0,21,-1.2833145,EMPRESA PRIVADA -SOCIEDADES / COMPANIAS,0,1,0,0,471.0,11,Primaria,Hombre
1,1,43,8.003096,EMPRESA UNIPERSONAL /  PEQUEÑA INDUSTRIA,0,0,1,0,465.0,9,Secundaria,Mujer
0,0,35,1.4588658,EMPRESA PRIVADA -SOCIEDADES / COMPANIAS,0,0,1,0,481.0,27,Secundaria,Hombre
1,0,54,9.799099,EMPRESA PRIVADA -SOCIEDADES / COMPANIAS,0,0,1,0,920.0,102,Secundaria,Hombre
0,1,50,0.0,EMPLEADOR DOMESTICO,0,0,1,0,460.0,17,Secundaria,Mujer
1,1,29,4.657964,EMPRESA PRIVADA -SOCIEDADES / COMPANIAS,0,0,1,0,466.0,1,Secundaria,Mujer
0,0,35,4.3477793,EMPRESA PRIVADA -SOCIEDADES / COMPANIAS,0,0,0,1,465.0,0,Superior,Hombre
0,0,59,11.106203,EMPRESA PRIVADA -SOCIEDADES / COMPANIAS,0,0,0,1,460.0,15,Superior,Hombre
0,0,30,0.0,EMPRESA UNIPERSONAL /  PEQUEÑA INDUSTRIA,0,0,1,0,450.0,10,Secundaria,Hombre
1,1,47,0.0,ORGANISMOS DEL REGIMEN SECCIONAL,0,0,0,1,1212.0,1,Superior,Mujer
1,0,41,0.0,"FUNCION EJECUTIVA, LEGISL, JUDICIAL Y ORGANISMOS DEL ESTADO",0,0,0,1,1212.0,47,Superior,Hombre
1,1,31,0.5522988,EMPRESA PRIVADA -SOCIEDADES / COMPANIAS,0,1,0,0,468.0,2,Primaria,Mujer
1,0,31,-0.14367308,EMPRESA PRIVADA -SOCIEDADES / COMPANIAS,0,0,0,1,2500.0,20,Superior,Hombre
1,0,28,0.0,EMPRESA UNIPERSONAL /  PEQUEÑA INDUSTRIA,0,1,0,0,471.0,0,Primaria,Hombre
1,0,36,0.0,CONSTRUCCION,0,1,0,0,478.0,3,Primaria,Hombre
1,0,29,0.0,"FUNCION EJECUTIVA, LEGISL, JUDICIAL Y ORGANISMOS DEL ESTADO",0,0,0,1,2115.0,1,Superior,Hombre
0,1,60,0.037381366,EMPRESA PRIVADA -SOCIEDADES / COMPANIAS,0,0,1,0,500.0,23,Secundaria,Mujer
0,1,45,28.602795,EMPRESA PRIVADA -SOCIEDADES / COMPANIAS,0,1,0,0,460.0,11,Primaria,Mujer
1,0,58,10.0135565,EMPRESA PRIVADA -SOCIEDADES / COMPANIAS,0,0,1,0,465.0,6,Secundaria,Hombre
1,0,19,0.0,ENTIDADES PUBLICAS CON AUTONOMIA,0,0,1,0,615.0,6,Secundaria,Hombre
0,1,25,7.397831,EMPRESA PRIVADA -SOCIEDADES / COMPANIAS,0,0,1,0,472.0,44,Secundaria,Mujer
1,0,28,0.20640753,MICRO EMPRESA (NO ARTESANAL),0,0,1,0,491.0,7,Secundaria,Hombre
1,0,25,5.5351553,EMPRESA PRIVADA -SOCIEDADES / COMPANIAS,0,0,1,0,657.0,25,Secundaria,Hombre
1,0,44,0.0,EMPRESA UNIPERSONAL /  PEQUEÑA INDUSTRIA,0,0,1,0,466.0,35,Secundaria,Hombre
1,0,59,0.0,EMPRESA UNIPERSONAL /  PEQUEÑA INDUSTRIA,0,1,0,0,461.0,18,Primaria,Hombre
1,1,55,0.0,ENTIDADES PÚBLICAS DE EDUCACIÓN SUPERIOR,0,0,0,1,733.0,254,Superior,Mujer
0,1,54,0.10147248,EMPRESA PRIVADA -SOCIEDADES / COMPANIAS,0,0,0,1,460.0,97,Superior,Mujer
0,1,36,0.0,EMPRESA UNIPERSONAL /  PEQUEÑA INDUSTRIA,0,0,1,0,460.0,23,Secundaria,Mujer
1,1,35,12.956938,EMPRESA PRIVADA -SOCIEDADES / COMPANIAS,0,0,0,1,2600.0,4,Superior,Mujer
0,0,33,0.0,"FUNCION EJECUTIVA, LEGISL, JUDICIAL Y ORGANISMOS DEL ESTADO",0,0,1,0,1113.0,135,Secundaria,Hombre
1,0,19,0.5909369,EMPRESA PRIVADA -SOCIEDADES / COMPANIAS,0,0,1,0,461.0,5,Secundaria,Hombre
1,0,47,19.273697,EMPRESA PRIVADA -SOCIEDADES / COMPANIAS,0,0,1,0,550.0,17,Secundaria,Hombre
1,0,45,0.0,EMPRESA UNIPERSONAL /  PEQUEÑA INDUSTRIA,0,1,0,0,460.0,100,Primaria,Hombre
0,1,29,1.7541417,EMPRESA PRIVADA -SOCIEDADES / COMPANIAS,0,0,0,1,550.0,22,Superior,Mujer
1,0,23,7.9935403,EMPRESA PRIVADA -SOCIEDADES / COMPANIAS,0,0,1,0,460.0,2,Secundaria,Hombre
0,0,43,0.16456285,EMPRESA PRIVADA -SOCIEDADES / COMPANIAS,0,0,1,0,465.0,78,Secundaria,Hombre
1,0,40,0.0,"FUNCION EJECUTIVA, LEGISL, JUDICIAL Y ORGANISMOS DEL ESTADO",0,0,0,1,817.0,81,Superior,Hombre
0,1,48,0.0,ENTIDADES PUBLICAS CON AUTONOMIA,0,0,0,1,1403.0,133,Superior,Mujer
1,0,65,0.0,CONSTRUCCION,0,0,0,1,2070.0,0,Superior,Hombre
1,1,31,10.717477,EMPRESA PRIVADA -SOCIEDADES / COMPANIAS,1,0,0,0,1400.0,21,Sin Educación,Mujer
0,1,35,5.591474,EMPRESA PRIVADA -SOCIEDADES / COMPANIAS,0,0,0,1,800.0,29,Superior,Mujer
0,1,57,0.0,"FUNCION EJECUTIVA, LEGISL, JUDICIAL Y ORGANISMOS DEL ESTADO",0,0,0,1,824.0,189,Superior,Mujer
1,1,28,0.0,"FUNCION EJECUTIVA, LEGISL, JUDICIAL Y ORGANISMOS DEL ESTADO",0,0,1,0,986.0,9,Secundaria,Mujer
1,1,24,0.0,"FUNCION EJECUTIVA, LEGISL, JUDICIAL Y ORGANISMOS DEL ESTADO",0,0,0,1,986.0,9,Superior,Mujer
0,0,26,-5.5650034,EMPRESA PRIVADA -SOCIEDADES / COMPANIAS,0,1,0,0,488.0,25,Primaria,Hombre
0,1,27,25.446201,EMPRESA PRIVADA -SOCIEDADES / COMPANIAS,0,0,1,0,460.0,22,Secundaria,Mujer
1,1,29,7.2023044,EMPRESA PRIVADA -SOCIEDADES / COMPANIAS,0,0,0,1,950.0,70,Superior,Mujer
1,0,55,6.2958393,EMPRESA PRIVADA -SOCIEDADES / COMPANIAS,0,1,0,0,460.0,37,Primaria,Hombre
0,1,42,0.0,"FUNCION EJECUTIVA, LEGISL, JUDICIAL Y ORGANISMOS DEL ESTADO",0,0,0,1,1086.0,106,Superior,Mujer
1,0,33,0.0,"FUNCION EJECUTIVA, LEGISL, JUDICIAL Y ORGANISMOS DEL ESTADO",0,0,0,1,2418.0,28,Superior,Hombre
0,0,23,5.228767,EMPRESA PRIVADA -SOCIEDADES / COMPANIAS,0,0,1,0,461.0,26,Secundaria,Hombre
0,0,36,2.7162888,EMPRESA PRIVADA -SOCIEDADES / COMPANIAS,0,0,1,0,468.0,82,Secundaria,Hombre
0,0,37,2.4331048,EMPRESA PRIVADA -SOCIEDADES / COMPANIAS,0,0,1,0,465.0,100,Secundaria,Hombre
0,1,48,3.429206,EMPRESA PRIVADA -SOCIEDADES / COMPANIAS,0,0,1,0,571.0,88,Secundaria,Mujer
1,0,22,3.155199,EMPRESA PRIVADA -SOCIEDADES / COMPANIAS,0,0,1,0,475.0,30,Secundaria,Hombre
0,1,23,0.54076135,EMPRESA PRIVADA -SOCIEDADES / COMPANIAS,0,0,1,0,460.0,16,Secundaria,Mujer
1,1,23,0.0,ENTIDADES PUBLICAS CON AUTONOMIA,0,0,0,1,540.0,9,Superior,Mujer
1,0,26,0.0,MIEMBROS DE   SINDICATOS  Y COOP DE TRANSPORTE TERRESTRE,0,0,1,0,460.0,9,Secundaria,Hombre
1,0,25,-18.924696,EMPRESA PRIVADA -SOCIEDADES / COMPANIAS,0,1,0,0,461.0,0,Primaria,Hombre
0,0,32,5.6497083,EMPRESA PRIVADA -SOCIEDADES / COMPANIAS,0,0,1,0,501.0,6,Secundaria,Hombre
1,0,44,-15.500798,EMPRESA PRIVADA -SOCIEDADES / COMPANIAS,0,1,0,0,460.0,13,Primaria,Hombre
1,0,43,4.1840405,EMPRESA PRIVADA -SOCIEDADES / COMPANIAS,0,0,0,1,1968.0,173,Superior,Hombre
1,1,42,-0.39339748,EMPRESA PRIVADA -SOCIEDADES / COMPANIAS,0,0,1,0,464.0,24,Secundaria,Mujer
0,0,35,0.0,EMPRESA UNIPERSONAL /  PEQUEÑA INDUSTRIA,0,0,1,0,462.0,4,Secundaria,Hombre
1,0,24,0.0,EMPRESA UNIPERSONAL /  PEQUEÑA INDUSTRIA,0,0,1,0,460.0,28,Secundaria,Hombre
0,1,53,0.5201282,EMPRESA PRIVADA -SOCIEDADES / COMPANIAS,0,0,0,1,500.0,27,Superior,Mujer
0,0,28,0.0,EMPRESA PRIVADA -SOCIEDADES / COMPANIAS,0,0,1,0,510.0,33,Secundaria,Hombre
1,1,30,-15.500798,EMPRESA PRIVADA -SOCIEDADES / COMPANIAS,0,1,0,0,460.0,14,Primaria,Mujer
0,0,57,0.0,ENTIDADES FINANCIERAS,0,0,1,0,1212.0,75,Secundaria,Hombre
0,0,37,0.0,EMPLEADOR DOMESTICO,0,1,0,0,460.0,118,Primaria,Hombre
0,1,38,0.0,EMPRESA UNIPERSONAL /  PEQUEÑA INDUSTRIA,0,0,1,0,611.0,56,Secundaria,Mujer
0,1,31,4.289333,EMPRESA PRIVADA -SOCIEDADES / COMPANIAS,0,0,1,0,468.0,101,Secundaria,Mujer
0,0,51,9.037349,EMPRESA PRIVADA -SOCIEDADES / COMPANIAS,0,0,0,1,460.0,37,Superior,Hombre
0,1,31,0.0,EMPRESA UNIPERSONAL /  PEQUEÑA INDUSTRIA,0,0,1,0,471.0,65,Secundaria,Mujer
1,1,42,2.8890436,EMPRESA PRIVADA -SOCIEDADES / COMPANIAS,0,0,1,0,465.0,5,Secundaria,Mujer
0,0,20,0.5522988,EMPRESA PRIVADA -SOCIEDADES / COMPANIAS,0,0,1,0,468.0,2,Secundaria,Hombre
1,0,23,0.05206825,EMPRESA PRIVADA -SOCIEDADES / COMPANIAS,0,1,0,0,465.0,8,Primaria,Hombre
1,0,27,0.41936228,EMPRESA PRIVADA -SOCIEDADES / COMPANIAS,0,0,1,0,461.0,5,Secundaria,Hombre
1,1,48,3.3235831,EMPRESA PRIVADA -SOCIEDADES / COMPANIAS,0,0,1,0,468.0,105,Secundaria,Mujer
0,0,24,4.983196,EMPRESA PRIVADA -SOCIEDADES / COMPANIAS,0,0,1,0,461.0,1,Secundaria,Hombre
0,1,46,0.0,EMPRESA UNIPERSONAL /  PEQUEÑA INDUSTRIA,0,0,1,0,479.0,141,Secundaria,Mujer
0,0,25,3.315583,EMPRESA PRIVADA -SOCIEDADES / COMPANIAS,0,0,1,0,465.0,5,Secundaria,Hombre
0,1,24,1.6759404,EMPRESA PRIVADA -SOCIEDADES / COMPANIAS,0,0,1,0,600.0,1,Secundaria,Mujer
0,1,51,0.0,EMPLEADOR DOMESTICO,1,0,0,0,460.0,27,Sin Educación,Mujer
0,0,27,0.0,EMPRESA UNIPERSONAL /  PEQUEÑA INDUSTRIA,1,0,0,0,468.0,24,Sin Educación,Hombre
0,0,24,6.633987,EMPRESA PRIVADA -SOCIEDADES / COMPANIAS,0,0,1,0,486.0,16,Secundaria,Hombre
1,1,34,15.811495,EMPRESA PRIVADA -SOCIEDADES / COMPANIAS,0,0,1,0,472.0,1,Secundaria,Mujer
0,0,48,1.4990274,EMPRESA PRIVADA -SOCIEDADES / COMPANIAS,0,0,1,0,475.0,51,Secundaria,Hombre
0,0,38,0.0,"INSTITUCION FINANCIERA PRIVADA, BANCOS Y CIA DE SEGUROS",0,0,0,1,1150.0,29,Superior,Hombre
0,0,67,0.0,EMPRESA UNIPERSONAL /  PEQUEÑA INDUSTRIA,1,0,0,0,823.0,108,Sin Educación,Hombre
1,1,42,0.0,EMPRESA PRIVADA -SOCIEDADES / COMPANIAS,0,0,0,1,716.0,86,Superior,Mujer
1,0,34,1.5833268,EMPRESA PRIVADA -SOCIEDADES / COMPANIAS,0,0,1,0,466.0,4,Secundaria,Hombre
1,0,42,15.632458,EMPRESA UNIPERSONAL /  PEQUEÑA INDUSTRIA,0,1,0,0,465.0,8,Primaria,Hombre
1,1,27,0.0,"FUNCION EJECUTIVA, LEGISL, JUDICIAL Y ORGANISMOS DEL ESTADO",0,0,1,0,986.0,5,Secundaria,Mujer
1,0,32,3.9084947,EMPRESA PRIVADA -SOCIEDADES / COMPANIAS,0,0,1,0,460.0,49,Secundaria,Hombre
1,0,32,-18.924696,EMPRESA PRIVADA -SOCIEDADES / COMPANIAS,0,0,1,0,460.0,10,Secundaria,Hombre
0,1,56,0.0,EMPRESA PRIVADA -SOCIEDADES / COMPANIAS,0,1,0,0,496.0,217,Primaria,Mujer
1,0,29,4.607206,EMPRESA PRIVADA -SOCIEDADES / COMPANIAS,0,0,1,0,460.0,112,Secundaria,Hombre
1,0,61,2.6580637,EMPRESA PRIVADA -SOCIEDADES / COMPANIAS,0,1,0,0,474.0,3,Primaria,Hombre
1,0,32,1.3378813,EMPRESA PRIVADA -SOCIEDADES / COMPANIAS,0,0,0,1,460.0,74,Superior,Hombre
1,0,25,0.0,ORGANISMOS DEL REGIMEN SECCIONAL,0,0,0,1,733.0,0,Superior,Hombre
0,1,30,4.4681897,EMPRESA PRIVADA -SOCIEDADES / COMPANIAS,0,0,1,0,460.0,6,Secundaria,Mujer
1,1,48,0.0,EMPRESA PRIVADA -SOCIEDADES / COMPANIAS,0,0,0,1,1550.0,1,Superior,Mujer
1,0,57,0.5846726,EMPRESA PRIVADA -SOCIEDADES / COMPANIAS,0,1,0,0,468.0,2,Primaria,Hombre
0,0,34,5.9595847,EMPRESA PRIVADA -SOCIEDADES / COMPANIAS,0,0,1,0,707.0,100,Secundaria,Hombre
1,0,24,12.216442,EMPRESA PRIVADA -SOCIEDADES / COMPANIAS,0,0,1,0,460.0,3,Secundaria,Hombre
1,0,26,0.9159383,EMPRESA PRIVADA -SOCIEDADES / COMPANIAS,0,1,0,0,588.0,50,Primaria,Hombre
0,0,44,0.0,"FUNCION EJECUTIVA, LEGISL, JUDICIAL Y ORGANISMOS DEL ESTADO",0,0,1,0,622.0,0,Secundaria,Hombre
0,0,25,1.4959353,EMPRESA PRIVADA -SOCIEDADES / COMPANIAS,0,1,0,0,461.0,0,Primaria,Hombre
1,0,31,3.4279366,EMPRESA PRIVADA -SOCIEDADES / COMPANIAS,0,1,0,0,543.0,129,Primaria,Hombre
0,0,46,0.78465295,EMPRESA PRIVADA -SOCIEDADES / COMPANIAS,1,0,0,0,2349.0,103,Sin Educación,Hombre
0,0,55,0.0,"FUNCION EJECUTIVA, LEGISL, JUDICIAL Y ORGANISMOS DEL ESTADO",0,0,1,0,663.0,125,Secundaria,Hombre
0,1,35,0.0,"FUNCION EJECUTIVA, LEGISL, JUDICIAL Y ORGANISMOS DEL ESTADO",0,0,0,1,1212.0,80,Superior,Mujer
0,0,43,0.9814888,EMPRESA PRIVADA -SOCIEDADES / COMPANIAS,0,0,1,0,460.0,168,Secundaria,Hombre
0,1,28,7.9935403,EMPRESA PRIVADA -SOCIEDADES / COMPANIAS,0,0,0,1,900.0,4,Superior,Mujer
1,1,32,0.0,EMPRESA UNIPERSONAL /  PEQUEÑA INDUSTRIA,0,0,0,1,580.0,14,Superior,Mujer
0,1,63,0.0,"FUNCION EJECUTIVA, LEGISL, JUDICIAL Y ORGANISMOS DEL ESTADO",0,0,1,0,622.0,243,Secundaria,Mujer
0,0,44,0.0,"FUNCION EJECUTIVA, LEGISL, JUDICIAL Y ORGANISMOS DEL ESTADO",0,0,1,0,817.0,115,Secundaria,Hombre
1,0,53,3.6797104,EMPRESA PRIVADA -SOCIEDADES / COMPANIAS,1,0,0,0,1126.0,142,Sin Educación,Hombre
0,0,41,0.0,EMPRESA UNIPERSONAL /  PEQUEÑA INDUSTRIA,0,0,0,1,475.0,76,Superior,Hombre
1,0,30,16.324165,EMPRESA PRIVADA -SOCIEDADES / COMPANIAS,0,1,0,0,465.0,9,Primaria,Hombre
1,1,31,0.0,EMPRESA PRIVADA -SOCIEDADES / COMPANIAS,0,0,0,1,550.0,39,Superior,Mujer
0,1,46,0.0,"FUNCION EJECUTIVA, LEGISL, JUDICIAL Y ORGANISMOS DEL ESTADO",0,0,0,1,817.0,121,Superior,Mujer
1,1,31,0.28832525,EMPRESA PRIVADA -SOCIEDADES / COMPANIAS,1,0,0,0,460.0,1,Sin Educación,Mujer
0,0,42,0.0,"FUNCION EJECUTIVA, LEGISL, JUDICIAL Y ORGANISMOS DEL ESTADO",0,0,1,0,659.0,47,Secundaria,Hombre
0,1,44,0.0,"FUNCION EJECUTIVA, LEGISL, JUDICIAL Y ORGANISMOS DEL ESTADO",0,0,0,1,1412.0,123,Superior,Mujer
0,0,36,0.0,"FUNCION EJECUTIVA, LEGISL, JUDICIAL Y ORGANISMOS DEL ESTADO",0,0,0,1,1212.0,140,Superior,Hombre
0,0,40,0.0,EMPRESA PRIVADA -SOCIEDADES / COMPANIAS,0,0,0,1,5000.0,19,Superior,Hombre
1,1,36,0.0,EMPLEADOR DOMESTICO,0,0,1,0,460.0,2,Secundaria,Mujer
1,0,24,0.0,EMPRESA PRIVADA -SOCIEDADES / COMPANIAS,0,0,1,0,463.0,0,Secundaria,Hombre
0,0,68,0.0,EMPLEADOR DOMESTICO,0,0,0,1,460.0,80,Superior,Hombre
1,1,22,1.5833268,EMPRESA PRIVADA -SOCIEDADES / COMPANIAS,0,1,0,0,468.0,2,Primaria,Mujer
1,1,35,0.0,EMPRESA UNIPERSONAL /  PEQUEÑA INDUSTRIA,0,0,0,1,1400.0,112,Superior,Mujer
1,0,50,-5.6884103,EMPRESA PRIVADA -SOCIEDADES / COMPANIAS,0,0,0,1,1113.0,12,Superior,Hombre
0,0,24,0.039089832,EMPRESA PRIVADA -SOCIEDADES / COMPANIAS,0,0,1,0,465.0,12,Secundaria,Hombre
0,1,35,0.0,EMPRESA UNIPERSONAL /  PEQUEÑA INDUSTRIA,0,0,1,0,471.0,20,Secundaria,Mujer
1,0,50,0.0,EMPRESA PRIVADA -SOCIEDADES / COMPANIAS,0,0,0,1,460.0,3,Superior,Hombre
1,1,31,0.0,ORGANISMOS DEL REGIMEN SECCIONAL,0,0,0,1,500.0,0,Superior,Mujer
1,0,24,10.137068,EMPRESA PRIVADA -SOCIEDADES / COMPANIAS,0,0,1,0,460.0,3,Secundaria,Hombre
0,1,29,0.0,ORGANISMOS DEL REGIMEN SECCIONAL,0,1,0,0,460.0,9,Primaria,Mujer
0,1,50,-7.399556,EMPRESA PRIVADA -SOCIEDADES / COMPANIAS,0,0,0,1,825.0,173,Superior,Mujer
1,1,50,-0.52835363,EMPRESA PRIVADA -SOCIEDADES / COMPANIAS,0,1,0,0,461.0,0,Primaria,Mujer
1,0,32,0.0,EMPRESA UNIPERSONAL /  PEQUEÑA INDUSTRIA,0,1,0,0,460.0,64,Primaria,Hombre
1,0,23,0.0,COOP AHORRO  CRED. VIVIENDA ETC.CONTR SUPER  DE BANCOS,0,1,0,0,460.0,3,Primaria,Hombre
1,1,50,0.0,EMPLEADOR DOMESTICO,0,1,0,0,460.0,33,Primaria,Mujer
0,0,22,0.0,"INSTITUCION FINANCIERA PRIVADA, BANCOS Y CIA DE SEGUROS",0,0,1,0,480.0,17,Secundaria,Hombre
0,0,46,0.0,"FUNCION EJECUTIVA, LEGISL, JUDICIAL Y ORGANISMOS DEL ESTADO",0,0,0,1,817.0,24,Superior,Hombre
0,1,38,12.86267,EMPRESA PRIVADA -SOCIEDADES / COMPANIAS,0,0,1,0,472.0,11,Secundaria,Mujer
0,0,41,5.326576,EMPRESA PRIVADA -SOCIEDADES / COMPANIAS,0,0,1,0,465.0,121,Secundaria,Hombre
0,1,26,3.8973105,EMPRESA PRIVADA -SOCIEDADES / COMPANIAS,0,0,0,1,700.0,23,Superior,Mujer
0,0,25,0.0,"FUNCION EJECUTIVA, LEGISL, JUDICIAL Y ORGANISMOS DEL ESTADO",0,0,1,0,591.0,1,Secundaria,Hombre
0,0,23,0.0,ENTIDADES PUBLICAS CON AUTONOMIA,0,0,1,0,900.0,11,Secundaria,Hombre
0,1,31,0.0,EMPRESA UNIPERSONAL /  PEQUEÑA INDUSTRIA,0,1,0,0,468.0,39,Primaria,Mujer
1,1,21,28.602795,EMPRESA PRIVADA -SOCIEDADES / COMPANIAS,0,0,1,0,465.0,0,Secundaria,Mujer
1,0,23,0.92796016,EMPRESA PRIVADA -SOCIEDADES / COMPANIAS,0,0,1,0,469.0,0,Secundaria,Hombre
1,0,23,0.08743529,EMPRESA PRIVADA -SOCIEDADES / COMPANIAS,0,0,1,0,460.0,2,Secundaria,Hombre
1,0,33,0.0,ENTIDADES PUBLICAS CON AUTONOMIA,0,1,0,0,460.0,0,Primaria,Hombre
1,0,50,0.2541859,EMPRESA PRIVADA -SOCIEDADES / COMPANIAS,0,0,1,0,1000.0,2,Secundaria,Hombre
1,0,60,0.0,ORGANISMOS DEL REGIMEN SECCIONAL,0,0,1,0,1596.0,166,Secundaria,Hombre
0,1,27,0.0,ENTIDADES PUBLICAS CON AUTONOMIA,0,0,1,0,1334.0,1,Secundaria,Mujer
0,0,43,1.4916456,EMPRESA PRIVADA -SOCIEDADES / COMPANIAS,0,1,0,0,460.0,58,Primaria,Hombre
1,0,31,0.0,EMPRESA PRIVADA -SOCIEDADES / COMPANIAS,0,0,1,0,471.0,105,Secundaria,Hombre
1,1,52,0.0,EMPRESA UNIPERSONAL /  PEQUEÑA INDUSTRIA,1,0,0,0,460.0,52,Sin Educación,Mujer
1,0,50,22.062088,EMPRESA PRIVADA -SOCIEDADES / COMPANIAS,0,0,1,0,464.0,45,Secundaria,Hombre
0,0,52,0.0,EMPRESA UNIPERSONAL /  PEQUEÑA INDUSTRIA,0,0,0,1,476.0,141,Superior,Hombre
0,0,42,2.3506303,EMPRESA PRIVADA -SOCIEDADES / COMPANIAS,0,0,1,0,750.0,33,Secundaria,Hombre
1,0,26,9.836635,EMPRESA PRIVADA -SOCIEDADES / COMPANIAS,0,0,1,0,750.0,26,Secundaria,Hombre
1,1,24,28.567087,EMPRESA PRIVADA -SOCIEDADES / COMPANIAS,0,0,0,1,463.0,1,Superior,Mujer
0,0,44,0.0,ORGANISMOS DEL REGIMEN SECCIONAL,0,0,0,1,918.0,172,Superior,Hombre
1,0,22,5.76576,EMPRESA PRIVADA -SOCIEDADES / COMPANIAS,0,0,1,0,750.0,33,Secundaria,Hombre
0,0,34,12.825139,EMPRESA PRIVADA -SOCIEDADES / COMPANIAS,0,0,1,0,478.0,16,Secundaria,Hombre
0,0,34,0.0,EMPRESA UNIPERSONAL /  PEQUEÑA INDUSTRIA,0,0,1,0,560.0,38,Secundaria,Hombre
1,0,48,-0.29215702,EMPRESA PRIVADA -SOCIEDADES / COMPANIAS,0,1,0,0,461.0,21,Primaria,Hombre
1,0,41,0.0,"FUNCION EJECUTIVA, LEGISL, JUDICIAL Y ORGANISMOS DEL ESTADO",0,0,0,1,3247.0,10,Superior,Hombre
0,0,23,-0.12148571,EMPRESA PRIVADA -SOCIEDADES / COMPANIAS,0,1,0,0,530.0,21,Primaria,Hombre
0,1,43,0.0,"FUNCION EJECUTIVA, LEGISL, JUDICIAL Y ORGANISMOS DEL ESTADO",0,0,0,1,817.0,28,Superior,Mujer
1,0,30,0.0,EMPRESA UNIPERSONAL /  PEQUEÑA INDUSTRIA,0,0,1,0,460.0,70,Secundaria,Hombre
1,0,34,2.7825546,EMPRESA PRIVADA -SOCIEDADES / COMPANIAS,0,0,1,0,465.0,11,Secundaria,Hombre
1,0,25,17.322605,EMPRESA PRIVADA -SOCIEDADES / COMPANIAS,0,0,1,0,465.0,3,Secundaria,Hombre
0,0,57,5.044913,EMPRESA PRIVADA -SOCIEDADES / COMPANIAS,0,1,0,0,720.0,106,Primaria,Hombre
0,1,61,0.0,EMPLEADOR DOMESTICO,0,1,0,0,460.0,22,Primaria,Mujer
1,0,31,3.2361104,EMPRESA PRIVADA -SOCIEDADES / COMPANIAS,0,1,0,0,461.0,0,Primaria,Hombre
1,0,42,1.697813,EMPRESA PRIVADA -SOCIEDADES / COMPANIAS,0,1,0,0,485.0,12,Primaria,Hombre
1,1,23,3.7191427,EMPRESA PRIVADA -SOCIEDADES / COMPANIAS,0,0,1,0,471.0,52,Secundaria,Mujer
0,0,46,0.0,ENTIDADES PUBLICAS CON AUTONOMIA,0,0,0,1,1026.0,96,Superior,Hombre
1,0,37,6.777494,EMPRESA PRIVADA -SOCIEDADES / COMPANIAS,0,0,0,1,700.0,120,Superior,Hombre
0,0,28,0.27977875,EMPRESA PRIVADA -SOCIEDADES / COMPANIAS,0,0,1,0,461.0,29,Secundaria,Hombre
1,1,28,5.3714614,EMPRESA PRIVADA -SOCIEDADES / COMPANIAS,0,0,1,0,800.0,21,Secundaria,Mujer
1,1,37,0.0,EMPRESA PRIVADA -SOCIEDADES / COMPANIAS,0,1,0,0,460.0,3,Primaria,Mujer
0,0,31,2.4434187,EMPRESA PRIVADA -SOCIEDADES / COMPANIAS,0,1,0,0,485.0,39,Primaria,Hombre
0,0,35,0.0,CONSTRUCCION,0,0,1,0,550.0,45,Secundaria,Hombre
1,0,35,1.0643474,EMPRESA PRIVADA -SOCIEDADES / COMPANIAS,0,1,0,0,465.0,4,Primaria,Hombre
0,1,56,0.0,"FUNCION EJECUTIVA, LEGISL, JUDICIAL Y ORGANISMOS DEL ESTADO",0,0,0,1,986.0,125,Superior,Mujer
1,0,55,0.0,EMPRESA PRIVADA -SOCIEDADES / COMPANIAS,0,0,1,0,660.0,135,Secundaria,Hombre
0,0,27,0.0,EMPRESA PRIVADA -SOCIEDADES / COMPANIAS,0,0,1,0,480.0,2,Secundaria,Hombre
1,1,33,0.0,EMPRESA UNIPERSONAL /  PEQUEÑA INDUSTRIA,0,1,0,0,471.0,19,Primaria,Mujer
1,0,25,5.8139477,EMPRESA PRIVADA -SOCIEDADES / COMPANIAS,0,0,1,0,465.0,2,Secundaria,Hombre
1,0,37,0.0,EMPRESA UNIPERSONAL /  PEQUEÑA INDUSTRIA,0,0,1,0,461.0,3,Secundaria,Hombre
1,0,27,-6.550762,EMPRESA PRIVADA -SOCIEDADES / COMPANIAS,0,0,0,1,1308.0,46,Superior,Hombre
0,1,43,0.0,"FUNCION EJECUTIVA, LEGISL, JUDICIAL Y ORGANISMOS DEL ESTADO",0,0,0,1,986.0,31,Superior,Mujer
0,0,40,0.0,ENTIDADES PUBLICAS CON AUTONOMIA,0,0,0,1,2100.0,44,Superior,Hombre
0,1,37,6.0559316,EMPRESA PRIVADA -SOCIEDADES / COMPANIAS,0,0,0,1,1088.0,78,Superior,Mujer
1,0,23,0.0,EMPRESA PRIVADA -SOCIEDADES / COMPANIAS,0,0,1,0,462.0,11,Secundaria,Hombre
0,1,40,0.0,"FUNCION EJECUTIVA, LEGISL, JUDICIAL Y ORGANISMOS DEL ESTADO",0,0,0,1,585.0,76,Superior,Mujer
1,0,28,0.0,EMPRESA PRIVADA -SOCIEDADES / COMPANIAS,0,0,1,0,1650.0,10,Secundaria,Hombre
1,1,35,0.35765627,EMPRESA PRIVADA -SOCIEDADES / COMPANIAS,0,0,1,0,461.0,82,Secundaria,Mujer
1,1,35,11.441012,EMPRESA PRIVADA -SOCIEDADES / COMPANIAS,0,0,0,1,2000.0,7,Superior,Mujer
1,0,35,14.858723,EMPRESA PRIVADA -SOCIEDADES / COMPANIAS,0,1,0,0,460.0,18,Primaria,Hombre
0,0,39,1.8270023,EMPRESA PRIVADA -SOCIEDADES / COMPANIAS,0,0,0,1,1500.0,19,Superior,Hombre
0,1,35,4.752557,EMPRESA PRIVADA -SOCIEDADES / COMPANIAS,0,0,0,1,500.0,45,Superior,Mujer
1,1,22,3.155199,EMPRESA PRIVADA -SOCIEDADES / COMPANIAS,0,0,1,0,475.0,6,Secundaria,Mujer
1,0,31,0.0,EMPRESA UNIPERSONAL /  PEQUEÑA INDUSTRIA,0,1,0,0,460.0,5,Primaria,Hombre
1,0,45,-1.3709544,EMPRESA PRIVADA -SOCIEDADES / COMPANIAS,0,0,1,0,540.0,17,Secundaria,Hombre
1,0,20,3.7191427,EMPRESA PRIVADA -SOCIEDADES / COMPANIAS,0,0,1,0,471.0,1,Secundaria,Hombre
0,0,42,0.0,"FUNCION EJECUTIVA, LEGISL, JUDICIAL Y ORGANISMOS DEL ESTADO",0,0,0,1,817.0,115,Superior,Hombre
0,1,29,5.7175198,EMPRESA PRIVADA -SOCIEDADES / COMPANIAS,0,0,1,0,468.0,4,Secundaria,Mujer
1,1,22,0.0,EMPRESA UNIPERSONAL /  PEQUEÑA INDUSTRIA,0,1,0,0,460.0,4,Primaria,Mujer
1,0,56,-10.896135,EMPRESA PRIVADA -SOCIEDADES / COMPANIAS,0,0,0,1,465.0,4,Superior,Hombre
0,0,57,0.0,EMPRESA PRIVADA -SOCIEDADES / COMPANIAS,0,1,0,0,460.0,62,Primaria,Hombre
0,0,30,0.0,EMPRESA PRIVADA -SOCIEDADES / COMPANIAS,0,0,0,1,1712.0,43,Superior,Hombre
1,0,27,0.0,EMPRESA PRIVADA -SOCIEDADES / COMPANIAS,0,0,1,0,460.0,25,Secundaria,Hombre
1,0,53,2.593771,CONSTRUCCION,0,0,1,0,471.0,5,Secundaria,Hombre
0,0,54,0.0,ENTIDADES PÚBLICAS DE EDUCACIÓN SUPERIOR,0,0,0,1,3128.0,245,Superior,Hombre
0,1,43,0.0,"FUNCION EJECUTIVA, LEGISL, JUDICIAL Y ORGANISMOS DEL ESTADO",0,0,0,1,1212.0,23,Superior,Mujer
0,1,39,5.155479,EMPRESA PRIVADA -SOCIEDADES / COMPANIAS,0,1,0,0,460.0,23,Primaria,Mujer
0,0,49,0.042980608,EMPRESA PRIVADA -SOCIEDADES / COMPANIAS,0,0,1,0,707.0,110,Secundaria,Hombre
0,0,31,1.0462819,EMPRESA PRIVADA -SOCIEDADES / COMPANIAS,0,0,0,1,465.0,39,Superior,Hombre
1,0,56,0.0,EMPRESA UNIPERSONAL /  PEQUEÑA INDUSTRIA,0,0,0,1,1800.0,197,Superior,Hombre
1,0,34,2.9673245,EMPRESA PRIVADA -SOCIEDADES / COMPANIAS,0,1,0,0,461.0,0,Primaria,Hombre
0,0,55,14.113257,EMPRESA PRIVADA -SOCIEDADES / COMPANIAS,0,0,1,0,694.0,244,Secundaria,Hombre
0,0,31,0.92796016,EMPRESA PRIVADA -SOCIEDADES / COMPANIAS,0,0,1,0,485.0,11,Secundaria,Hombre
0,0,29,4.7230053,EMPRESA PRIVADA -SOCIEDADES / COMPANIAS,0,0,1,0,551.0,54,Secundaria,Hombre
1,1,49,0.0,ORGANISMOS DEL REGIMEN SECCIONAL,0,0,1,0,2254.0,61,Secundaria,Mujer
1,1,38,0.0,EMPRESA UNIPERSONAL /  PEQUEÑA INDUSTRIA,0,0,1,0,460.0,7,Secundaria,Mujer
0,1,39,0.0,ENTIDADES PUBLICAS CON AUTONOMIA,0,0,0,1,1412.0,107,Superior,Mujer
1,0,52,5.125484,EMPRESA PRIVADA -SOCIEDADES / COMPANIAS,0,1,0,0,564.0,1,Primaria,Hombre
1,1,23,0.0,EMPRESA UNIPERSONAL /  PEQUEÑA INDUSTRIA,0,0,1,0,498.0,31,Secundaria,Mujer
1,0,63,0.061558727,EMPRESA PRIVADA -SOCIEDADES / COMPANIAS,0,1,0,0,461.0,5,Primaria,Hombre
1,0,59,1.7819389,EMPRESA PRIVADA -SOCIEDADES / COMPANIAS,0,0,0,1,460.0,31,Superior,Hombre
1,0,22,-5.9849963,EMPRESA PRIVADA -SOCIEDADES / COMPANIAS,0,0,1,0,466.0,5,Secundaria,Hombre
0,1,30,0.0,"FUNCION EJECUTIVA, LEGISL, JUDICIAL Y ORGANISMOS DEL ESTADO",0,0,0,1,675.0,75,Superior,Mujer
1,1,61,0.0,"FUNCION EJECUTIVA, LEGISL, JUDICIAL Y ORGANISMOS DEL ESTADO",0,0,0,1,1412.0,93,Superior,Mujer
0,1,30,0.0,"FUNCION EJECUTIVA, LEGISL, JUDICIAL Y ORGANISMOS DEL ESTADO",0,0,0,1,1212.0,77,Superior,Mujer
1,0,28,14.4782915,EMPRESA PRIVADA -SOCIEDADES / COMPANIAS,0,0,1,0,460.0,5,Secundaria,Hombre
0,1,37,0.0,EMPLEADOR DOMESTICO,0,1,0,0,460.0,34,Primaria,Mujer
1,0,35,1.6713233,EMPRESA PRIVADA -SOCIEDADES / COMPANIAS,0,0,1,0,460.0,4,Secundaria,Hombre
0,0,51,0.0,EMPRESA PRIVADA -SOCIEDADES / COMPANIAS,0,0,0,1,1069.0,21,Superior,Hombre
1,0,20,0.0,EMPRESA UNIPERSONAL /  PEQUEÑA INDUSTRIA,0,0,1,0,460.0,3,Secundaria,Hombre
0,0,31,1.3378813,EMPRESA PRIVADA -SOCIEDADES / COMPANIAS,0,0,0,1,650.0,111,Superior,Hombre
0,0,32,-18.924696,EMPRESA PRIVADA -SOCIEDADES / COMPANIAS,0,1,0,0,468.0,123,Primaria,Hombre
1,0,39,7.0809526,EMPRESA PRIVADA -SOCIEDADES / COMPANIAS,0,0,0,1,1175.0,5,Superior,Hombre
1,1,28,0.0,"FUNCION EJECUTIVA, LEGISL, JUDICIAL Y ORGANISMOS DEL ESTADO",0,0,1,0,986.0,5,Secundaria,Mujer
0,1,46,0.0,"FUNCION EJECUTIVA, LEGISL, JUDICIAL Y ORGANISMOS DEL ESTADO",0,0,0,1,2641.0,38,Superior,Mujer
1,0,64,4.5607057,EMPRESA PRIVADA -SOCIEDADES / COMPANIAS,0,1,0,0,506.0,209,Primaria,Hombre
0,1,38,5.4873505,EMPRESA PRIVADA -SOCIEDADES / COMPANIAS,0,0,0,1,468.0,12,Superior,Mujer
0,1,37,0.0,ORGANISMOS DEL REGIMEN SECCIONAL,0,0,1,0,901.0,24,Secundaria,Mujer
0,0,39,7.154472,EMPRESA PRIVADA -SOCIEDADES / COMPANIAS,0,0,1,0,763.0,56,Secundaria,Hombre
0,0,33,-1.178527,EMPRESA PRIVADA -SOCIEDADES / COMPANIAS,0,0,0,1,731.0,10,Superior,Hombre
1,0,36,0.1648341,EMPRESA PRIVADA -SOCIEDADES / COMPANIAS,0,0,1,0,547.0,88,Secundaria,Hombre
1,1,31,0.0,EMPLEADOR DOMESTICO,0,0,1,0,460.0,5,Secundaria,Mujer
1,0,31,2.6103358,EMPRESA PRIVADA -SOCIEDADES / COMPANIAS,0,0,1,0,460.0,139,Secundaria,Hombre
0,0,55,0.0,EMPRESA PRIVADA -SOCIEDADES / COMPANIAS,0,1,0,0,797.0,32,Primaria,Hombre
1,1,41,-18.924696,EMPRESA PRIVADA -SOCIEDADES / COMPANIAS,0,1,0,0,464.0,88,Primaria,Mujer
0,0,28,0.0,"FUNCION EJECUTIVA, LEGISL, JUDICIAL Y ORGANISMOS DEL ESTADO",0,0,1,0,500.0,12,Secundaria,Hombre
0,1,59,0.0,"FUNCION EJECUTIVA, LEGISL, JUDICIAL Y ORGANISMOS DEL ESTADO",0,0,1,0,659.0,233,Secundaria,Mujer
0,1,36,4.205799,EMPRESA PRIVADA -SOCIEDADES / COMPANIAS,0,0,1,0,461.0,25,Secundaria,Mujer
0,0,56,0.0,ORGANISMOS DEL REGIMEN SECCIONAL,0,0,1,0,561.0,86,Secundaria,Hombre
1,0,36,9.737495,EMPRESA PRIVADA -SOCIEDADES / COMPANIAS,0,0,1,0,471.0,1,Secundaria,Hombre
1,0,37,0.0,"FUNCION EJECUTIVA, LEGISL, JUDICIAL Y ORGANISMOS DEL ESTADO",0,0,0,1,1212.0,5,Superior,Hombre
0,0,31,1.0129057,EMPRESA PRIVADA -SOCIEDADES / COMPANIAS,0,0,1,0,471.0,4,Secundaria,Hombre
1,0,29,0.0,COOPERA  NO CONTROLADAS POR LA SUPERINTENDENCIA  DE BANCOS,0,0,0,1,900.0,2,Superior,Hombre
1,1,60,0.07874483,EMPRESA PRIVADA -SOCIEDADES / COMPANIAS,0,0,1,0,470.0,245,Secundaria,Mujer
0,0,21,16.170385,EMPRESA PRIVADA -SOCIEDADES / COMPANIAS,0,0,1,0,465.0,1,Secundaria,Hombre
0,1,39,0.0,"FUNCION EJECUTIVA, LEGISL, JUDICIAL Y ORGANISMOS DEL ESTADO",0,0,0,1,986.0,15,Superior,Mujer
1,0,60,3.1021903,EMPRESA PRIVADA -SOCIEDADES / COMPANIAS,0,1,0,0,460.0,54,Primaria,Hombre
1,1,54,-1.8189106,EMPRESA PRIVADA -SOCIEDADES / COMPANIAS,0,0,0,1,460.0,30,Superior,Mujer
1,0,41,12.377921,EMPRESA PRIVADA -SOCIEDADES / COMPANIAS,0,0,1,0,829.0,59,Secundaria,Hombre
1,1,36,0.0,EMPRESA UNIPERSONAL /  PEQUEÑA INDUSTRIA,0,0,0,1,465.0,23,Superior,Mujer
0,0,23,13.521308,EMPRESA PRIVADA -SOCIEDADES / COMPANIAS,0,0,1,0,468.0,5,Secundaria,Hombre
0,0,28,12.158182,EMPRESA PRIVADA -SOCIEDADES / COMPANIAS,0,0,1,0,474.0,17,Secundaria,Hombre
0,0,55,0.0,"FUNCION EJECUTIVA, LEGISL, JUDICIAL Y ORGANISMOS DEL ESTADO",0,0,1,0,675.0,101,Secundaria,Hombre
1,0,30,0.0,EMPRESA UNIPERSONAL /  PEQUEÑA INDUSTRIA,0,1,0,0,460.0,70,Primaria,Hombre
1,0,50,-2.8555894,EMPRESA PRIVADA -SOCIEDADES / COMPANIAS,0,1,0,0,460.0,1,Primaria,Hombre
1,0,61,0.0,EMPRESA UNIPERSONAL /  PEQUEÑA INDUSTRIA,0,0,1,0,460.0,189,Secundaria,Hombre
0,0,32,1.7736038,EMPRESA PRIVADA -SOCIEDADES / COMPANIAS,0,0,0,1,1400.0,0,Superior,Hombre
0,1,22,2.544662,EMPRESA PRIVADA -SOCIEDADES / COMPANIAS,0,0,0,1,468.0,24,Superior,Mujer
1,0,25,0.5060664,EMPRESA PRIVADA -SOCIEDADES / COMPANIAS,0,0,0,1,460.0,0,Superior,Hombre
1,0,35,3.9159575,EMPRESA PRIVADA -SOCIEDADES / COMPANIAS,0,0,1,0,521.0,147,Secundaria,Hombre
1,0,25,8.501653,EMPRESA PRIVADA -SOCIEDADES / COMPANIAS,0,0,1,0,461.0,9,Secundaria,Hombre
1,0,29,0.3008597,EMPRESA PRIVADA -SOCIEDADES / COMPANIAS,0,0,1,0,478.0,4,Secundaria,Hombre
0,1,30,0.0,EMPRESA PRIVADA -SOCIEDADES / COMPANIAS,0,0,1,0,475.0,62,Secundaria,Mujer
1,0,20,1.5833268,EMPRESA PRIVADA -SOCIEDADES / COMPANIAS,0,0,1,0,466.0,13,Secundaria,Hombre
1,1,27,0.0,"FUNCION EJECUTIVA, LEGISL, JUDICIAL Y ORGANISMOS DEL ESTADO",0,0,1,0,901.0,9,Secundaria,Mujer
1,0,22,-2.5363662,EMPRESA PRIVADA -SOCIEDADES / COMPANIAS,0,1,0,0,474.0,2,Primaria,Hombre
0,1,30,4.510469,EMPRESA PRIVADA -SOCIEDADES / COMPANIAS,0,0,0,1,469.0,120,Superior,Mujer
0,1,35,4.104191,EMPRESA PRIVADA -SOCIEDADES / COMPANIAS,0,0,1,0,460.0,138,Secundaria,Mujer
0,1,34,0.0,ENTIDADES PUBLICAS CON AUTONOMIA,0,0,0,1,1676.0,77,Superior,Mujer
0,0,38,5.6210237,EMPRESA PRIVADA -SOCIEDADES / COMPANIAS,0,0,1,0,650.0,20,Secundaria,Hombre
1,0,38,0.0,EMPRESA UNIPERSONAL /  PEQUEÑA INDUSTRIA,0,0,1,0,500.0,19,Secundaria,Hombre
0,1,20,0.0,EMPRESA PRIVADA -SOCIEDADES / COMPANIAS,0,0,1,0,500.0,13,Secundaria,Mujer
1,1,40,0.0,EMPLEADOR DOMESTICO,0,0,1,0,600.0,143,Secundaria,Mujer
1,1,26,0.0,"FUNCION EJECUTIVA, LEGISL, JUDICIAL Y ORGANISMOS DEL ESTADO",0,0,0,1,986.0,5,Superior,Mujer
1,0,26,0.0,"FUNCION EJECUTIVA, LEGISL, JUDICIAL Y ORGANISMOS DEL ESTADO",0,0,1,0,986.0,9,Secundaria,Hombre
0,1,31,4.562905,EMPRESA PRIVADA -SOCIEDADES / COMPANIAS,0,1,0,0,468.0,5,Primaria,Mujer
0,0,37,6.3835416,EMPRESA PRIVADA -SOCIEDADES / COMPANIAS,0,0,0,1,476.0,41,Superior,Hombre
0,0,55,0.8357504,EMPRESA PRIVADA -SOCIEDADES / COMPANIAS,0,1,0,0,500.0,11,Primaria,Hombre
1,0,41,0.0,EMPRESA PRIVADA -SOCIEDADES / COMPANIAS,0,0,1,0,465.0,5,Secundaria,Hombre
1,1,48,0.0,ORGANISMOS DEL REGIMEN SECCIONAL,0,0,0,1,460.0,2,Superior,Mujer
0,0,30,-4.2559786,EMPRESA PRIVADA -SOCIEDADES / COMPANIAS,0,1,0,0,465.0,34,Primaria,Hombre
0,0,28,0.4394116,EMPRESA PRIVADA -SOCIEDADES / COMPANIAS,0,0,1,0,460.0,15,Secundaria,Hombre
0,0,31,3.9786143,EMPRESA PRIVADA -SOCIEDADES / COMPANIAS,0,0,0,1,471.0,165,Superior,Hombre
1,0,37,0.0,EMPRESA UNIPERSONAL /  PEQUEÑA INDUSTRIA,0,0,1,0,460.0,28,Secundaria,Hombre
1,1,53,0.0,"FUNCION EJECUTIVA, LEGISL, JUDICIAL Y ORGANISMOS DEL ESTADO",0,0,0,1,1212.0,55,Superior,Mujer
1,1,23,0.91625667,EMPRESA PRIVADA -SOCIEDADES / COMPANIAS,0,0,1,0,765.0,40,Secundaria,Mujer
1,0,51,0.0,ENTIDADES PÚBLICAS DE EDUCACIÓN SUPERIOR,0,0,0,1,1676.0,2,Superior,Hombre
1,0,21,1.5833268,EMPRESA PRIVADA -SOCIEDADES / COMPANIAS,0,0,1,0,468.0,2,Secundaria,Hombre
1,0,59,2.5329034,EMPRESA PRIVADA -SOCIEDADES / COMPANIAS,0,0,1,0,460.0,9,Secundaria,Hombre
1,0,22,1.5833268,EMPRESA PRIVADA -SOCIEDADES / COMPANIAS,0,1,0,0,466.0,2,Primaria,Hombre
1,1,35,-14.187918,EMPRESA PRIVADA -SOCIEDADES / COMPANIAS,0,0,0,1,510.0,3,Superior,Mujer
0,0,30,0.0,EMPRESA PRIVADA -SOCIEDADES / COMPANIAS,0,0,1,0,465.0,24,Secundaria,Hombre
1,1,20,2.6055152,EMPRESA PRIVADA -SOCIEDADES / COMPANIAS,0,0,1,0,460.0,3,Secundaria,Mujer
0,0,22,0.0,EMPRESA UNIPERSONAL /  PEQUEÑA INDUSTRIA,0,0,1,0,462.0,3,Secundaria,Hombre
1,1,21,0.270299,EMPRESA PRIVADA -SOCIEDADES / COMPANIAS,0,0,1,0,461.0,3,Secundaria,Mujer
0,1,34,3.549381,EMPRESA PRIVADA -SOCIEDADES / COMPANIAS,0,0,1,0,465.0,35,Secundaria,Mujer
0,1,61,0.0,ENTIDADES PUBLICAS CON AUTONOMIA,0,0,0,1,1676.0,77,Superior,Mujer
0,1,56,0.0,EMPLEADOR DOMESTICO,1,0,0,0,460.0,176,Sin Educación,Mujer
1,0,31,0.0,"FUNCION EJECUTIVA, LEGISL, JUDICIAL Y ORGANISMOS DEL ESTADO",0,0,0,1,986.0,9,Superior,Hombre
1,0,27,1.4710709,EMPRESA PRIVADA -SOCIEDADES / COMPANIAS,0,0,1,0,472.0,4,Secundaria,Hombre
1,0,25,0.0,EMPRESA PRIVADA -SOCIEDADES / COMPANIAS,0,0,1,0,468.0,1,Secundaria,Hombre
1,0,43,0.0,EMPRESA UNIPERSONAL /  PEQUEÑA INDUSTRIA,0,0,0,1,600.0,5,Superior,Hombre
0,0,49,-15.500798,EMPRESA PRIVADA -SOCIEDADES / COMPANIAS,0,0,1,0,460.0,17,Secundaria,Hombre
0,0,20,2.494709,EMPRESA PRIVADA -SOCIEDADES / COMPANIAS,0,1,0,0,465.0,7,Primaria,Hombre
0,0,53,2.2918236,EMPRESA PRIVADA -SOCIEDADES / COMPANIAS,0,1,0,0,460.0,45,Primaria,Hombre
0,0,46,0.0,EMPRESA PRIVADA -SOCIEDADES / COMPANIAS,0,0,0,1,1000.0,26,Superior,Hombre
0,1,29,0.0,EMPRESA PRIVADA -SOCIEDADES / COMPANIAS,0,0,0,1,630.0,2,Superior,Mujer
0,1,47,6.4956584,EMPRESA PRIVADA -SOCIEDADES / COMPANIAS,0,1,0,0,461.0,144,Primaria,Mujer
1,1,63,0.0,EMPRESA UNIPERSONAL /  PEQUEÑA INDUSTRIA,0,1,0,0,465.0,3,Primaria,Mujer
0,0,29,0.0,EMPRESA PRIVADA -SOCIEDADES / COMPANIAS,0,0,1,0,500.0,31,Secundaria,Hombre
0,0,31,0.0,ENTIDADES FINANCIERAS,0,0,0,1,1676.0,54,Superior,Hombre
1,0,51,1.2382009,EMPRESA PRIVADA -SOCIEDADES / COMPANIAS,0,0,1,0,500.0,36,Secundaria,Hombre
1,1,33,0.0,EMPRESA PRIVADA -SOCIEDADES / COMPANIAS,0,0,0,1,1600.0,23,Superior,Mujer
0,1,28,9.315728,EMPRESA PRIVADA -SOCIEDADES / COMPANIAS,0,0,0,1,740.0,21,Superior,Mujer
1,1,29,6.307056,EMPRESA PRIVADA -SOCIEDADES / COMPANIAS,0,1,0,0,461.0,5,Primaria,Mujer
1,0,54,0.0,EMPRESA UNIPERSONAL /  PEQUEÑA INDUSTRIA,0,1,0,0,478.0,13,Primaria,Hombre
1,1,39,0.0,EMPRESA UNIPERSONAL /  PEQUEÑA INDUSTRIA,1,0,0,0,460.0,28,Sin Educación,Mujer
1,1,41,4.0761447,EMPRESA PRIVADA -SOCIEDADES / COMPANIAS,0,0,0,1,1567.0,58,Superior,Mujer
1,1,51,0.0,EMPRESA UNIPERSONAL /  PEQUEÑA INDUSTRIA,0,1,0,0,471.0,14,Primaria,Mujer
1,0,60,0.0,EMPRESA PRIVADA -SOCIEDADES / COMPANIAS,0,1,0,0,600.0,0,Primaria,Hombre
1,1,33,0.0,"FUNCION EJECUTIVA, LEGISL, JUDICIAL Y ORGANISMOS DEL ESTADO",0,0,0,1,1212.0,19,Superior,Mujer
0,0,26,12.299153,EMPRESA PRIVADA -SOCIEDADES / COMPANIAS,0,0,0,1,550.0,33,Superior,Hombre
1,0,44,0.0,EMPRESA PRIVADA -SOCIEDADES / COMPANIAS,0,0,1,0,460.0,68,Secundaria,Hombre
1,0,21,1.6691426,EMPRESA PRIVADA -SOCIEDADES / COMPANIAS,0,0,1,0,500.0,2,Secundaria,Hombre
1,0,32,0.91009694,EMPRESA PRIVADA -SOCIEDADES / COMPANIAS,0,0,1,0,465.0,4,Secundaria,Hombre
0,0,56,0.0,EMPRESA PRIVADA -SOCIEDADES / COMPANIAS,0,0,1,0,465.0,42,Secundaria,Hombre
1,1,27,6.302921,EMPRESA PRIVADA -SOCIEDADES / COMPANIAS,0,0,1,0,465.0,1,Secundaria,Mujer
1,0,42,1.0896417,EMPRESA PRIVADA -SOCIEDADES / COMPANIAS,0,0,1,0,619.0,137,Secundaria,Hombre
1,0,25,0.15334581,EMPRESA PRIVADA -SOCIEDADES / COMPANIAS,0,0,1,0,471.0,5,Secundaria,Hombre
1,0,39,0.0,EMPRESA PRIVADA -SOCIEDADES / COMPANIAS,0,0,0,1,1200.0,52,Superior,Hombre
0,0,39,0.0,EMPRESA PRIVADA -SOCIEDADES / COMPANIAS,0,0,0,1,500.0,65,Superior,Hombre
1,0,29,0.0,EMPRESA UNIPERSONAL /  PEQUEÑA INDUSTRIA,0,0,1,0,471.0,3,Secundaria,Hombre
0,1,42,0.79418373,EMPRESA PRIVADA -SOCIEDADES / COMPANIAS,0,0,1,0,460.0,2,Secundaria,Mujer
1,1,28,13.491468,EMPRESA PRIVADA -SOCIEDADES / COMPANIAS,0,0,1,0,472.0,46,Secundaria,Mujer
1,1,30,0.0,EMPRESA UNIPERSONAL /  PEQUEÑA INDUSTRIA,0,0,1,0,471.0,12,Secundaria,Mujer
0,0,45,-0.78565776,EMPRESA PRIVADA -SOCIEDADES / COMPANIAS,0,0,0,1,550.0,24,Superior,Hombre
0,0,30,0.0,ENTIDADES PUBLICAS CON AUTONOMIA,0,0,1,0,620.0,41,Secundaria,Hombre
0,0,66,0.0,ORGANISMOS DEL REGIMEN SECCIONAL,0,0,1,0,817.0,5,Secundaria,Hombre
0,0,56,0.0,EMPLEADOR DOMESTICO,0,0,1,0,460.0,13,Secundaria,Hombre
1,0,29,0.0,"OTRAS FINANC. PRIVAD, MUTUALISTAS ETC",0,0,1,0,900.0,35,Secundaria,Hombre
0,0,34,0.0,"FUNCION EJECUTIVA, LEGISL, JUDICIAL Y ORGANISMOS DEL ESTADO",0,0,0,1,817.0,115,Superior,Hombre
1,0,45,0.0,"FUNCION EJECUTIVA, LEGISL, JUDICIAL Y ORGANISMOS DEL ESTADO",0,1,0,0,1412.0,1,Primaria,Hombre
1,0,36,0.527145,EMPRESA PRIVADA -SOCIEDADES / COMPANIAS,0,1,0,0,460.0,0,Primaria,Hombre
1,1,56,0.0,"FUNCION EJECUTIVA, LEGISL, JUDICIAL Y ORGANISMOS DEL ESTADO",0,0,0,1,986.0,117,Superior,Mujer
0,1,50,0.0,"FUNCION EJECUTIVA, LEGISL, JUDICIAL Y ORGANISMOS DEL ESTADO",0,0,0,1,986.0,93,Superior,Mujer
1,0,36,0.0,MICRO EMPRESA (NO ARTESANAL),0,1,0,0,460.0,2,Primaria,Hombre
0,0,33,11.667365,EMPRESA PRIVADA -SOCIEDADES / COMPANIAS,0,0,0,1,757.0,6,Superior,Hombre
0,0,36,0.0,EMPRESA PRIVADA -SOCIEDADES / COMPANIAS,0,1,0,0,472.0,7,Primaria,Hombre
0,0,31,0.0,EMPRESA PRIVADA -SOCIEDADES / COMPANIAS,0,0,1,0,460.0,8,Secundaria,Hombre
1,1,23,17.277067,EMPRESA PRIVADA -SOCIEDADES / COMPANIAS,0,0,1,0,465.0,11,Secundaria,Mujer
1,1,23,0.38419434,EMPRESA PRIVADA -SOCIEDADES / COMPANIAS,0,0,1,0,468.0,1,Secundaria,Mujer
1,1,24,0.0,ORGANISMOS DEL REGIMEN SECCIONAL,0,0,1,0,460.0,0,Secundaria,Mujer
1,1,41,5.2564163,EMPRESA PRIVADA -SOCIEDADES / COMPANIAS,0,0,0,1,1740.0,45,Superior,Mujer
0,0,28,-0.77197945,EMPRESA PRIVADA -SOCIEDADES / COMPANIAS,0,0,1,0,465.0,8,Secundaria,Hombre
0,0,62,0.14498489,EMPRESA PRIVADA -SOCIEDADES / COMPANIAS,0,0,1,0,2427.0,17,Secundaria,Hombre
0,1,36,0.0,EMPRESA UNIPERSONAL /  PEQUEÑA INDUSTRIA,0,0,0,1,465.0,25,Superior,Mujer
1,0,47,0.0,ORGANISMOS DEL REGIMEN SECCIONAL,0,1,0,0,621.0,4,Primaria,Hombre
0,1,23,9.983913,EMPRESA PRIVADA -SOCIEDADES / COMPANIAS,0,1,0,0,500.0,24,Primaria,Mujer
0,0,55,0.0,EMPRESA PRIVADA -SOCIEDADES / COMPANIAS,0,0,1,0,465.0,189,Secundaria,Hombre
0,0,39,0.0,"FUNCION EJECUTIVA, LEGISL, JUDICIAL Y ORGANISMOS DEL ESTADO",0,0,0,1,2641.0,8,Superior,Hombre
0,0,42,0.0,ORGANISMOS DEL REGIMEN SECCIONAL,0,1,0,0,485.0,97,Primaria,Hombre
1,0,20,2.2910545,EMPRESA PRIVADA -SOCIEDADES / COMPANIAS,0,0,1,0,460.0,3,Secundaria,Hombre
1,0,50,2.6290565,EMPRESA PRIVADA -SOCIEDADES / COMPANIAS,0,0,1,0,800.0,0,Secundaria,Hombre
0,0,53,0.05206825,EMPRESA PRIVADA -SOCIEDADES / COMPANIAS,0,0,1,0,830.0,208,Secundaria,Hombre
1,0,62,22.935965,EMPRESA PRIVADA -SOCIEDADES / COMPANIAS,0,1,0,0,476.0,188,Primaria,Hombre
1,1,23,0.0,ORGANISMOS DEL REGIMEN SECCIONAL,0,0,0,1,460.0,4,Superior,Mujer
1,1,25,19.726566,EMPRESA PRIVADA -SOCIEDADES / COMPANIAS,0,0,1,0,465.0,0,Secundaria,Mujer
1,0,21,1.5833268,EMPRESA PRIVADA -SOCIEDADES / COMPANIAS,0,0,1,0,468.0,0,Secundaria,Hombre
0,1,66,0.0,"FUNCION EJECUTIVA, LEGISL, JUDICIAL Y ORGANISMOS DEL ESTADO",0,0,0,1,675.0,117,Superior,Mujer
0,1,41,0.0,"FUNCION EJECUTIVA, LEGISL, JUDICIAL Y ORGANISMOS DEL ESTADO",0,0,0,1,585.0,47,Superior,Mujer
0,0,46,1.7456985,EMPRESA PRIVADA -SOCIEDADES / COMPANIAS,0,0,1,0,800.0,106,Secundaria,Hombre
0,0,54,0.0,EMPRESA PRIVADA -SOCIEDADES / COMPANIAS,0,0,1,0,460.0,206,Secundaria,Hombre
0,0,55,0.0,EMPRESA PRIVADA -SOCIEDADES / COMPANIAS,0,0,0,1,950.0,33,Superior,Hombre
0,0,45,5.7518034,EMPRESA PRIVADA -SOCIEDADES / COMPANIAS,0,0,1,0,576.0,194,Secundaria,Hombre
0,1,25,5.7175198,EMPRESA PRIVADA -SOCIEDADES / COMPANIAS,0,0,1,0,468.0,2,Secundaria,Mujer
1,0,49,0.0,EMPRESA PRIVADA -SOCIEDADES / COMPANIAS,0,0,0,1,950.0,116,Superior,Hombre
1,1,23,0.0,EMPRESA UNIPERSONAL /  PEQUEÑA INDUSTRIA,0,0,1,0,800.0,20,Secundaria,Mujer
0,1,38,5.4530945,EMPRESA PRIVADA -SOCIEDADES / COMPANIAS,0,0,0,1,2000.0,104,Superior,Mujer
1,0,26,0.0,"FUNCION EJECUTIVA, LEGISL, JUDICIAL Y ORGANISMOS DEL ESTADO",0,0,0,1,986.0,21,Superior,Hombre
0,0,37,7.397831,EMPRESA PRIVADA -SOCIEDADES / COMPANIAS,0,0,1,0,475.0,0,Secundaria,Hombre
0,1,26,0.0,EMPRESA PRIVADA -SOCIEDADES / COMPANIAS,0,0,1,0,462.0,9,Secundaria,Mujer
0,0,41,0.0,"INSTITUCION FINANCIERA PRIVADA, BANCOS Y CIA DE SEGUROS",0,0,0,1,1300.0,116,Superior,Hombre
0,1,53,0.0,EMPLEADOR DOMESTICO,0,1,0,0,460.0,10,Primaria,Mujer
1,0,40,0.0,ORGANISMOS DEL REGIMEN SECCIONAL,0,0,0,1,733.0,3,Superior,Hombre
1,0,34,6.0559316,EMPRESA PRIVADA -SOCIEDADES / COMPANIAS,0,1,0,0,500.0,25,Primaria,Hombre
0,0,33,0.0,"EMBAJADAS, MISIONES DIPL., CONSULARES, ORG. INTERNACIONAL",0,0,0,1,950.0,29,Superior,Hombre
0,0,56,0.0,CONSTRUCCION,0,0,1,0,1000.0,169,Secundaria,Hombre
1,1,32,0.0,EMPRESA PRIVADA -SOCIEDADES / COMPANIAS,0,0,1,0,466.0,26,Secundaria,Mujer
0,1,34,0.0,"FUNCION EJECUTIVA, LEGISL, JUDICIAL Y ORGANISMOS DEL ESTADO",0,0,0,1,817.0,93,Superior,Mujer
1,1,23,6.4434705,EMPRESA PRIVADA -SOCIEDADES / COMPANIAS,0,0,1,0,460.0,1,Secundaria,Mujer
1,1,60,0.0,"FUNCION EJECUTIVA, LEGISL, JUDICIAL Y ORGANISMOS DEL ESTADO",0,0,0,1,1212.0,247,Superior,Mujer
0,1,37,28.602795,EMPRESA PRIVADA -SOCIEDADES / COMPANIAS,0,0,0,1,1700.0,5,Superior,Mujer
0,1,50,0.0,"FUNCION EJECUTIVA, LEGISL, JUDICIAL Y ORGANISMOS DEL ESTADO",0,0,0,1,1212.0,235,Superior,Mujer
0,0,23,0.0,ORGANISMOS DEL REGIMEN SECCIONAL,0,1,0,0,466.0,59,Primaria,Hombre
1,0,59,4.7807155,EMPRESA PRIVADA -SOCIEDADES / COMPANIAS,0,0,1,0,725.0,238,Secundaria,Hombre
0,0,30,10.732539,EMPRESA PRIVADA -SOCIEDADES / COMPANIAS,0,0,1,0,460.0,57,Secundaria,Hombre
0,1,56,0.0,EMPLEADOR DOMESTICO,0,0,1,0,460.0,168,Secundaria,Mujer
0,1,28,0.0,COOP AHORRO  CRED. VIVIENDA ETC.CONTR SUPER  DE BANCOS,0,0,0,1,600.0,1,Superior,Mujer
0,0,26,20.2896,EMPRESA PRIVADA -SOCIEDADES / COMPANIAS,0,0,0,1,600.0,17,Superior,Hombre
1,1,19,0.0,ORGANISMOS DEL REGIMEN SECCIONAL,0,0,1,0,460.0,0,Secundaria,Mujer
1,0,28,0.0,EMPRESA UNIPERSONAL /  PEQUEÑA INDUSTRIA,0,1,0,0,463.0,55,Primaria,Hombre
1,0,26,2.2743976,EMPRESA PRIVADA -SOCIEDADES / COMPANIAS,0,0,1,0,465.0,8,Secundaria,Hombre
0,0,30,0.0,"INSTITUCION FINANCIERA PRIVADA, BANCOS Y CIA DE SEGUROS",0,0,1,0,630.0,7,Secundaria,Hombre
1,1,59,0.0,ENTIDADES PÚBLICAS DE EDUCACIÓN SUPERIOR,0,0,0,1,1200.0,29,Superior,Mujer
1,0,30,1.3962157,EMPRESA PRIVADA -SOCIEDADES / COMPANIAS,0,0,1,0,471.0,5,Secundaria,Hombre
0,0,33,0.0,"FUNCION EJECUTIVA, LEGISL, JUDICIAL Y ORGANISMOS DEL ESTADO",0,0,0,1,1676.0,46,Superior,Hombre
0,1,55,-18.924696,EMPRESA PRIVADA -SOCIEDADES / COMPANIAS,0,1,0,0,486.0,41,Primaria,Mujer
1,1,38,13.42914,EMPRESA PRIVADA -SOCIEDADES / COMPANIAS,0,0,0,1,471.0,116,Superior,Mujer
1,1,33,0.0,ENTIDADES PUBLICAS CON AUTONOMIA,0,0,0,1,817.0,73,Superior,Mujer
1,0,27,4.4014153,EMPRESA PRIVADA -SOCIEDADES / COMPANIAS,0,1,0,0,470.0,46,Primaria,Hombre
0,0,30,12.281746,EMPRESA PRIVADA -SOCIEDADES / COMPANIAS,0,0,0,1,600.0,60,Superior,Hombre
1,0,27,1.5833268,EMPRESA PRIVADA -SOCIEDADES / COMPANIAS,0,1,0,0,466.0,1,Primaria,Hombre
0,0,40,0.0,ORGANISMOS DEL REGIMEN SECCIONAL,0,0,1,0,771.0,129,Secundaria,Hombre
1,0,68,0.0,CONSTRUCCION,0,1,0,0,521.0,19,Primaria,Hombre
1,0,25,14.404059,EMPRESA PRIVADA -SOCIEDADES / COMPANIAS,0,0,1,0,468.0,16,Secundaria,Hombre
0,1,49,0.0,"FUNCION EJECUTIVA, LEGISL, JUDICIAL Y ORGANISMOS DEL ESTADO",0,0,0,1,986.0,93,Superior,Mujer
0,0,39,0.0,"INSTITUCION FINANCIERA PRIVADA, BANCOS Y CIA DE SEGUROS",0,0,0,1,675.0,157,Superior,Hombre
1,0,26,4.07766,EMPRESA PRIVADA -SOCIEDADES / COMPANIAS,0,1,0,0,460.0,1,Primaria,Hombre
0,0,51,1.8330871,EMPRESA PRIVADA -SOCIEDADES / COMPANIAS,0,0,1,0,600.0,64,Secundaria,Hombre
1,0,49,0.0,"FUNCION EJECUTIVA, LEGISL, JUDICIAL Y ORGANISMOS DEL ESTADO",0,0,0,1,986.0,9,Superior,Hombre
1,0,37,0.4180675,EMPRESA PRIVADA -SOCIEDADES / COMPANIAS,0,0,1,0,600.0,0,Secundaria,Hombre
0,1,61,0.0,EMPRESA PRIVADA -SOCIEDADES / COMPANIAS,0,1,0,0,612.0,152,Primaria,Mujer
1,1,44,3.3909652,EMPRESA PRIVADA -SOCIEDADES / COMPANIAS,0,1,0,0,465.0,2,Primaria,Mujer
1,0,49,1.4589304,CONSTRUCCION,0,0,1,0,650.0,43,Secundaria,Hombre
0,1,29,1.1674767,EMPRESA PRIVADA -SOCIEDADES / COMPANIAS,0,0,0,1,800.0,65,Superior,Mujer
1,0,40,9.36584,EMPRESA PRIVADA -SOCIEDADES / COMPANIAS,0,0,1,0,460.0,37,Secundaria,Hombre
1,1,41,1.244241,EMPRESA PRIVADA -SOCIEDADES / COMPANIAS,0,0,1,0,460.0,0,Secundaria,Mujer
0,0,26,2.4488287,EMPRESA PRIVADA -SOCIEDADES / COMPANIAS,0,0,1,0,474.0,24,Secundaria,Hombre
1,0,30,0.0,ORGANISMOS DEL REGIMEN SECCIONAL,0,0,1,0,738.0,5,Secundaria,Hombre
1,0,26,1.3895271,EMPRESA PRIVADA -SOCIEDADES / COMPANIAS,0,0,1,0,1500.0,1,Secundaria,Hombre
1,0,49,0.12123434,EMPRESA PRIVADA -SOCIEDADES / COMPANIAS,0,0,1,0,501.0,6,Secundaria,Hombre
1,1,68,0.0,EMPRESA PRIVADA -SOCIEDADES / COMPANIAS,0,0,0,1,1400.0,72,Superior,Mujer
1,0,63,0.113810584,EMPRESA PRIVADA -SOCIEDADES / COMPANIAS,0,1,0,0,460.0,168,Primaria,Hombre
1,1,26,0.0,EMPLEADOR DOMESTICO,0,0,1,0,460.0,17,Secundaria,Mujer
1,0,32,-7.801868,EMPRESA PRIVADA -SOCIEDADES / COMPANIAS,0,1,0,0,502.0,2,Primaria,Hombre
1,0,38,0.19443592,EMPRESA PRIVADA -SOCIEDADES / COMPANIAS,0,0,1,0,880.0,113,Secundaria,Hombre
0,0,53,0.0,ORGANISMOS DEL REGIMEN SECCIONAL,0,0,1,0,578.0,231,Secundaria,Hombre
1,0,23,5.3714614,EMPRESA PRIVADA -SOCIEDADES / COMPANIAS,0,0,1,0,468.0,6,Secundaria,Hombre
1,0,19,1.0272193,EMPRESA PRIVADA -SOCIEDADES / COMPANIAS,0,0,1,0,460.0,4,Secundaria,Hombre
0,0,30,0.0,EMPRESA UNIPERSONAL /  PEQUEÑA INDUSTRIA,0,0,1,0,550.0,2,Secundaria,Hombre
0,0,30,0.0,ENTIDADES PÚBLICAS DE EDUCACIÓN SUPERIOR,0,0,0,1,1026.0,14,Superior,Hombre
0,0,42,0.51639575,EMPRESA PRIVADA -SOCIEDADES / COMPANIAS,0,0,1,0,800.0,36,Secundaria,Hombre
1,0,24,0.0,EMPRESA PRIVADA -SOCIEDADES / COMPANIAS,0,0,1,0,460.0,2,Secundaria,Hombre
1,1,27,5.393399,EMPRESA PRIVADA -SOCIEDADES / COMPANIAS,0,0,0,1,460.0,0,Superior,Mujer
1,0,52,12.3243475,EMPRESA PRIVADA -SOCIEDADES / COMPANIAS,0,0,1,0,463.0,113,Secundaria,Hombre
1,1,44,0.0,EMPLEADOR DOMESTICO,0,1,0,0,540.0,33,Primaria,Mujer
1,0,40,0.069649905,EMPRESA PRIVADA -SOCIEDADES / COMPANIAS,1,0,0,0,460.0,14,Sin Educación,Hombre
0,1,36,3.8973105,EMPRESA PRIVADA -SOCIEDADES / COMPANIAS,0,0,1,0,465.0,67,Secundaria,Mujer
1,1,25,0.30087522,EMPRESA PRIVADA -SOCIEDADES / COMPANIAS,0,0,1,0,472.0,7,Secundaria,Mujer
0,1,45,0.0,"FUNCION EJECUTIVA, LEGISL, JUDICIAL Y ORGANISMOS DEL ESTADO",0,0,1,0,986.0,115,Secundaria,Mujer
0,0,34,10.648561,EMPRESA PRIVADA -SOCIEDADES / COMPANIAS,0,0,1,0,466.0,14,Secundaria,Hombre
1,0,36,1.3306516,EMPRESA PRIVADA -SOCIEDADES / COMPANIAS,0,0,1,0,505.0,5,Secundaria,Hombre
1,1,33,4.908972,EMPRESA PRIVADA -SOCIEDADES / COMPANIAS,0,0,0,1,500.0,29,Superior,Mujer
1,1,28,0.0,EMPRESA PRIVADA -SOCIEDADES / COMPANIAS,0,0,1,0,460.0,3,Secundaria,Mujer
0,0,31,1.0090789,EMPRESA PRIVADA -SOCIEDADES / COMPANIAS,0,1,0,0,466.0,1,Primaria,Hombre
0,0,37,25.06536,EMPRESA PRIVADA -SOCIEDADES / COMPANIAS,0,0,0,1,1435.0,105,Superior,Hombre
1,1,25,0.0,"FUNCION EJECUTIVA, LEGISL, JUDICIAL Y ORGANISMOS DEL ESTADO",0,0,0,1,986.0,9,Superior,Mujer
1,1,50,0.0,EMPRESA PRIVADA -SOCIEDADES / COMPANIAS,0,0,1,0,460.0,2,Secundaria,Mujer
1,0,50,0.0,EMPRESA UNIPERSONAL /  PEQUEÑA INDUSTRIA,0,0,1,0,480.0,0,Secundaria,Hombre
1,0,25,-0.04712452,EMPRESA PRIVADA -SOCIEDADES / COMPANIAS,0,1,0,0,465.0,5,Primaria,Hombre
1,1,32,0.92912877,EMPRESA PRIVADA -SOCIEDADES / COMPANIAS,0,0,0,1,531.0,58,Superior,Mujer
0,1,40,0.0,EMPRESA PRIVADA -SOCIEDADES / COMPANIAS,0,0,0,1,661.0,125,Superior,Mujer
0,0,22,15.795282,EMPRESA PRIVADA -SOCIEDADES / COMPANIAS,0,0,1,0,460.0,21,Secundaria,Hombre
0,0,26,12.281746,EMPRESA PRIVADA -SOCIEDADES / COMPANIAS,0,0,1,0,487.0,0,Secundaria,Hombre
0,0,32,3.804194,EMPRESA PRIVADA -SOCIEDADES / COMPANIAS,0,0,1,0,465.0,0,Secundaria,Hombre
0,0,37,0.6225858,EMPRESA PRIVADA -SOCIEDADES / COMPANIAS,0,0,0,1,460.0,155,Superior,Hombre
0,0,51,3.476369,EMPRESA PRIVADA -SOCIEDADES / COMPANIAS,0,1,0,0,460.0,84,Primaria,Hombre
0,1,35,-18.924696,EMPRESA PRIVADA -SOCIEDADES / COMPANIAS,0,0,0,1,608.0,16,Superior,Mujer
0,1,25,0.0,"FUNCION EJECUTIVA, LEGISL, JUDICIAL Y ORGANISMOS DEL ESTADO",0,0,1,0,540.0,9,Secundaria,Mujer
0,0,38,0.0,EMPRESA UNIPERSONAL /  PEQUEÑA INDUSTRIA,0,1,0,0,460.0,1,Primaria,Hombre
0,1,52,0.0,ENTIDADES PÚBLICAS DE EDUCACIÓN SUPERIOR,0,0,1,0,817.0,70,Secundaria,Mujer
1,0,47,0.0,EMPRESA UNIPERSONAL /  PEQUEÑA INDUSTRIA,0,1,0,0,460.0,101,Primaria,Hombre
0,1,25,3.155199,EMPRESA PRIVADA -SOCIEDADES / COMPANIAS,0,0,1,0,475.0,13,Secundaria,Mujer
1,0,33,11.846011,EMPRESA PRIVADA -SOCIEDADES / COMPANIAS,0,0,1,0,490.0,21,Secundaria,Hombre
1,1,48,0.0,ENTIDADES PÚBLICAS DE EDUCACIÓN SUPERIOR,0,0,0,1,2418.0,21,Superior,Mujer
0,0,20,8.445025,EMPRESA PRIVADA -SOCIEDADES / COMPANIAS,0,0,1,0,468.0,3,Secundaria,Hombre
0,1,31,0.0,ENTIDADES PUBLICAS CON AUTONOMIA,0,0,1,0,620.0,41,Secundaria,Mujer
1,1,60,2.416001,EMPRESA PRIVADA -SOCIEDADES / COMPANIAS,0,0,1,0,476.0,61,Secundaria,Mujer
1,0,35,0.41936228,EMPRESA PRIVADA -SOCIEDADES / COMPANIAS,0,0,1,0,461.0,16,Secundaria,Hombre
1,0,44,0.17953603,EMPRESA PRIVADA -SOCIEDADES / COMPANIAS,0,0,1,0,700.0,13,Secundaria,Hombre
1,0,25,-9.618289,EMPRESA PRIVADA -SOCIEDADES / COMPANIAS,0,1,0,0,490.0,59,Primaria,Hombre
1,0,47,2.5924966,EMPRESA PRIVADA -SOCIEDADES / COMPANIAS,0,1,0,0,465.0,5,Primaria,Hombre
1,0,30,0.0,EMPRESA UNIPERSONAL /  PEQUEÑA INDUSTRIA,0,1,0,0,466.0,0,Primaria,Hombre
0,0,49,0.0,"FUNCION EJECUTIVA, LEGISL, JUDICIAL Y ORGANISMOS DEL ESTADO",0,0,0,1,986.0,123,Superior,Hombre
0,0,41,0.0,ENTIDADES PUBLICAS CON AUTONOMIA,0,0,0,1,1676.0,113,Superior,Hombre
0,1,33,0.0,"FUNCION EJECUTIVA, LEGISL, JUDICIAL Y ORGANISMOS DEL ESTADO",0,0,0,1,1412.0,83,Superior,Mujer
0,0,43,2.654186,EMPRESA PRIVADA -SOCIEDADES / COMPANIAS,0,0,0,1,1500.0,145,Superior,Hombre
0,0,48,0.0,ORGANISMOS DEL REGIMEN SECCIONAL,0,0,0,1,1340.0,232,Superior,Hombre
0,1,31,0.0,"FUNCION EJECUTIVA, LEGISL, JUDICIAL Y ORGANISMOS DEL ESTADO",0,0,0,1,817.0,26,Superior,Mujer
0,0,27,-5.2981195,EMPRESA PRIVADA -SOCIEDADES / COMPANIAS,0,0,1,0,475.0,2,Secundaria,Hombre
1,0,29,0.0,EMPRESA PRIVADA -SOCIEDADES / COMPANIAS,0,0,1,0,530.0,53,Secundaria,Hombre
0,0,57,4.2397013,EMPRESA PRIVADA -SOCIEDADES / COMPANIAS,0,0,1,0,477.0,162,Secundaria,Hombre
1,1,22,0.0,"FUNCION EJECUTIVA, LEGISL, JUDICIAL Y ORGANISMOS DEL ESTADO",0,0,0,1,540.0,9,Superior,Mujer
0,1,40,13.42914,EMPRESA PRIVADA -SOCIEDADES / COMPANIAS,0,0,1,0,471.0,171,Secundaria,Mujer
0,0,42,6.206546,EMPRESA PRIVADA -SOCIEDADES / COMPANIAS,0,0,1,0,1109.0,193,Secundaria,Hombre
1,0,41,8.584148,EMPRESA PRIVADA -SOCIEDADES / COMPANIAS,0,0,0,1,4500.0,28,Superior,Hombre
1,0,28,0.0,ORGANISMOS DEL REGIMEN SECCIONAL,0,0,1,0,460.0,1,Secundaria,Hombre
1,1,54,0.0,EMPRESA UNIPERSONAL /  PEQUEÑA INDUSTRIA,0,0,1,0,460.0,2,Secundaria,Mujer
0,1,69,11.860463,EMPRESA PRIVADA -SOCIEDADES / COMPANIAS,0,1,0,0,465.0,74,Primaria,Mujer
1,1,34,0.0,EMPRESA UNIPERSONAL /  PEQUEÑA INDUSTRIA,0,1,0,0,465.0,5,Primaria,Mujer
0,0,23,-1.4527498,EMPRESA PRIVADA -SOCIEDADES / COMPANIAS,0,0,1,0,465.0,1,Secundaria,Hombre
0,0,49,0.0,"FUNCION EJECUTIVA, LEGISL, JUDICIAL Y ORGANISMOS DEL ESTADO",0,0,0,1,817.0,121,Superior,Hombre
0,1,58,0.0,EMPLEADOR DOMESTICO,0,0,1,0,460.0,23,Secundaria,Mujer
1,0,39,13.898879,EMPRESA PRIVADA -SOCIEDADES / COMPANIAS,0,1,0,0,465.0,1,Primaria,Hombre
0,0,23,5.304976,EMPRESA PRIVADA -SOCIEDADES / COMPANIAS,0,0,1,0,635.0,45,Secundaria,Hombre
0,0,24,14.36693,EMPRESA PRIVADA -SOCIEDADES / COMPANIAS,0,0,1,0,460.0,9,Secundaria,Hombre
1,0,28,0.0,EMPRESA UNIPERSONAL /  PEQUEÑA INDUSTRIA,0,0,1,0,1213.0,11,Secundaria,Hombre
0,0,58,1.5250225,EMPRESA PRIVADA -SOCIEDADES / COMPANIAS,0,1,0,0,460.0,194,Primaria,Hombre
0,0,39,2.544662,EMPRESA PRIVADA -SOCIEDADES / COMPANIAS,0,0,1,0,536.0,69,Secundaria,Hombre
1,1,57,0.888506,EMPRESA PRIVADA -SOCIEDADES / COMPANIAS,0,0,1,0,468.0,0,Secundaria,Mujer
1,0,29,6.777494,EMPRESA PRIVADA -SOCIEDADES / COMPANIAS,0,0,1,0,464.0,6,Secundaria,Hombre
0,0,43,0.0,"FUNCION EJECUTIVA, LEGISL, JUDICIAL Y ORGANISMOS DEL ESTADO",0,0,0,1,2042.0,104,Superior,Hombre
0,1,26,0.067712404,EMPRESA PRIVADA -SOCIEDADES / COMPANIAS,0,1,0,0,460.0,16,Primaria,Mujer
1,1,58,3.458925,EMPRESA PRIVADA -SOCIEDADES / COMPANIAS,0,1,0,0,460.0,7,Primaria,Mujer
0,1,29,0.035191298,EMPRESA PRIVADA -SOCIEDADES / COMPANIAS,0,0,1,0,471.0,4,Secundaria,Mujer
0,1,36,0.0,ORGANISMOS DEL REGIMEN SECCIONAL,0,0,0,1,2115.0,60,Superior,Mujer
1,0,38,7.3763638,EMPRESA PRIVADA -SOCIEDADES / COMPANIAS,0,0,0,1,1500.0,26,Superior,Hombre
0,1,44,1.3463355,EMPRESA PRIVADA -SOCIEDADES / COMPANIAS,0,0,1,0,465.0,96,Secundaria,Mujer
1,0,29,0.6749041,EMPRESA PRIVADA -SOCIEDADES / COMPANIAS,0,0,1,0,535.0,108,Secundaria,Hombre
1,1,25,-18.924696,EMPRESA PRIVADA -SOCIEDADES / COMPANIAS,0,0,1,0,460.0,10,Secundaria,Mujer
0,0,41,13.505787,EMPRESA PRIVADA -SOCIEDADES / COMPANIAS,0,0,1,0,472.0,30,Secundaria,Hombre
0,1,26,1.0151223,EMPRESA PRIVADA -SOCIEDADES / COMPANIAS,0,0,1,0,461.0,36,Secundaria,Mujer
0,0,38,2.0689943,EMPRESA PRIVADA -SOCIEDADES / COMPANIAS,0,0,0,1,1500.0,33,Superior,Hombre
0,0,23,10.501431,EMPRESA PRIVADA -SOCIEDADES / COMPANIAS,0,0,1,0,468.0,24,Secundaria,Hombre
1,0,65,7.3287525,EMPRESA PRIVADA -SOCIEDADES / COMPANIAS,0,0,0,1,460.0,28,Superior,Hombre
0,1,20,0.0,EMPRESA UNIPERSONAL /  PEQUEÑA INDUSTRIA,0,0,1,0,460.0,21,Secundaria,Mujer
0,0,47,5.125484,EMPRESA PRIVADA -SOCIEDADES / COMPANIAS,0,1,0,0,533.0,16,Primaria,Hombre
1,0,45,0.0,CONSTRUCCION,0,0,1,0,461.0,21,Secundaria,Hombre
0,0,40,-1.0386144,EMPRESA PRIVADA -SOCIEDADES / COMPANIAS,0,0,1,0,464.0,142,Secundaria,Hombre
0,0,49,5.492622,EMPRESA PRIVADA -SOCIEDADES / COMPANIAS,0,1,0,0,460.0,129,Primaria,Hombre
0,0,57,1.1047499,EMPRESA PRIVADA -SOCIEDADES / COMPANIAS,0,0,1,0,465.0,8,Secundaria,Hombre
1,0,22,4.2788625,EMPRESA PRIVADA -SOCIEDADES / COMPANIAS,1,0,0,0,471.0,0,Sin Educación,Hombre
0,1,32,6.6390905,EMPRESA PRIVADA -SOCIEDADES / COMPANIAS,1,0,0,0,600.0,39,Sin Educación,Mujer
1,0,37,-18.924696,EMPRESA PRIVADA -SOCIEDADES / COMPANIAS,0,1,0,0,466.0,9,Primaria,Hombre
0,1,23,0.0,EMPRESA PRIVADA -SOCIEDADES / COMPANIAS,0,0,1,0,492.0,28,Secundaria,Mujer
0,0,25,14.054392,EMPRESA PRIVADA -SOCIEDADES / COMPANIAS,0,0,1,0,650.0,29,Secundaria,Hombre
0,0,35,8.501653,EMPRESA PRIVADA -SOCIEDADES / COMPANIAS,0,0,1,0,499.0,147,Secundaria,Hombre
0,1,35,1.4798042,EMPRESA PRIVADA -SOCIEDADES / COMPANIAS,0,1,0,0,460.0,119,Primaria,Mujer
0,0,30,3.7652354,EMPRESA PRIVADA -SOCIEDADES / COMPANIAS,0,0,0,1,887.0,116,Superior,Hombre
1,0,21,17.955214,EMPRESA PRIVADA -SOCIEDADES / COMPANIAS,0,0,1,0,463.0,6,Secundaria,Hombre
0,0,31,0.0,EMPRESA UNIPERSONAL /  PEQUEÑA INDUSTRIA,0,0,0,1,700.0,7,Superior,Hombre
0,0,39,0.68180144,EMPRESA PRIVADA -SOCIEDADES / COMPANIAS,0,0,1,0,465.0,2,Secundaria,Hombre
1,0,29,0.0,EMPRESA PRIVADA -SOCIEDADES / COMPANIAS,0,0,1,0,460.0,9,Secundaria,Hombre
0,1,26,0.0,EMPRESA UNIPERSONAL /  PEQUEÑA INDUSTRIA,0,0,0,1,460.0,29,Superior,Mujer
1,1,34,0.0,"EMBAJADAS, MISIONES DIPL., CONSULARES, ORG. INTERNACIONAL",0,0,0,1,3000.0,11,Superior,Mujer
0,0,57,2.5924966,EMPRESA PRIVADA -SOCIEDADES / COMPANIAS,0,1,0,0,465.0,0,Primaria,Hombre
1,1,23,-7.801868,EMPRESA PRIVADA -SOCIEDADES / COMPANIAS,0,0,1,0,487.0,4,Secundaria,Mujer
0,0,39,0.0,ORGANISMOS DEL REGIMEN SECCIONAL,0,0,0,1,1439.0,12,Superior,Hombre
0,1,36,0.0,"FUNCION EJECUTIVA, LEGISL, JUDICIAL Y ORGANISMOS DEL ESTADO",0,0,0,1,986.0,114,Superior,Mujer
1,1,36,0.0,"FUNCION EJECUTIVA, LEGISL, JUDICIAL Y ORGANISMOS DEL ESTADO",0,0,1,0,986.0,5,Secundaria,Mujer
0,1,26,12.448566,EMPRESA PRIVADA -SOCIEDADES / COMPANIAS,0,0,1,0,471.0,3,Secundaria,Mujer
1,0,33,0.5119916,EMPRESA PRIVADA -SOCIEDADES / COMPANIAS,0,0,1,0,460.0,5,Secundaria,Hombre
1,0,28,-13.015585,EMPRESA PRIVADA -SOCIEDADES / COMPANIAS,0,0,0,1,460.0,25,Superior,Hombre
1,0,47,0.0,EMPRESA PRIVADA -SOCIEDADES / COMPANIAS,0,1,0,0,550.0,1,Primaria,Hombre
0,0,36,0.7079588,EMPRESA PRIVADA -SOCIEDADES / COMPANIAS,0,0,0,1,474.0,62,Superior,Hombre
1,0,67,0.0,ORGANISMOS DEL REGIMEN SECCIONAL,0,0,1,0,817.0,251,Secundaria,Hombre
1,1,25,5.550166,EMPRESA PRIVADA -SOCIEDADES / COMPANIAS,0,0,0,1,464.0,27,Superior,Mujer
0,0,37,6.633987,EMPRESA PRIVADA -SOCIEDADES / COMPANIAS,0,0,0,1,1160.0,35,Superior,Hombre
0,0,47,0.0,ORGANISMOS DEL REGIMEN SECCIONAL,0,0,1,0,475.0,10,Secundaria,Hombre
0,0,34,4.4419746,EMPRESA PRIVADA -SOCIEDADES / COMPANIAS,0,0,1,0,505.0,173,Secundaria,Hombre
1,0,32,0.0,"FUNCION EJECUTIVA, LEGISL, JUDICIAL Y ORGANISMOS DEL ESTADO",0,0,0,1,986.0,5,Superior,Hombre
1,0,50,-7.8521323,EMPRESA PRIVADA -SOCIEDADES / COMPANIAS,0,0,1,0,750.0,20,Secundaria,Hombre
0,1,36,0.0,EMPRESA UNIPERSONAL /  PEQUEÑA INDUSTRIA,0,0,1,0,460.0,41,Secundaria,Mujer
0,0,44,0.0,EMPRESA UNIPERSONAL /  PEQUEÑA INDUSTRIA,0,1,0,0,460.0,28,Primaria,Hombre
0,1,38,0.0,EMPRESA UNIPERSONAL /  PEQUEÑA INDUSTRIA,0,0,0,1,800.0,46,Superior,Mujer
1,1,60,3.5865746,ENTIDADES PUBLICAS CON AUTONOMIA,0,0,0,1,914.0,254,Superior,Mujer
1,0,31,1.2683604,EMPRESA PRIVADA -SOCIEDADES / COMPANIAS,0,0,0,1,460.0,2,Superior,Hombre
0,0,34,0.0,"FUNCION EJECUTIVA, LEGISL, JUDICIAL Y ORGANISMOS DEL ESTADO",0,0,1,0,1676.0,29,Secundaria,Hombre
0,1,28,0.0,ORGANISMOS DEL REGIMEN SECCIONAL,0,0,1,0,817.0,24,Secundaria,Mujer
1,0,30,2.7766087,EMPRESA PRIVADA -SOCIEDADES / COMPANIAS,0,0,1,0,465.0,95,Secundaria,Hombre
1,0,45,0.0,ORGANISMOS DEL REGIMEN SECCIONAL,0,0,0,1,1412.0,1,Superior,Hombre
0,0,29,1.8999541,EMPRESA PRIVADA -SOCIEDADES / COMPANIAS,0,0,1,0,468.0,4,Secundaria,Hombre
1,0,30,5.4873505,EMPRESA PRIVADA -SOCIEDADES / COMPANIAS,0,0,1,0,466.0,1,Secundaria,Hombre
1,1,30,0.0,ORGANISMOS DEL REGIMEN SECCIONAL,0,0,0,1,2115.0,10,Superior,Mujer
0,0,56,4.252912,EMPRESA PRIVADA -SOCIEDADES / COMPANIAS,0,1,0,0,460.0,24,Primaria,Hombre
1,1,27,1.0654746,EMPRESA PRIVADA -SOCIEDADES / COMPANIAS,0,1,0,0,460.0,3,Primaria,Mujer
1,0,61,0.50054973,EMPRESA PRIVADA -SOCIEDADES / COMPANIAS,0,0,0,1,460.0,130,Superior,Hombre
1,1,25,0.0,EMPRESA PRIVADA -SOCIEDADES / COMPANIAS,0,0,1,0,800.0,3,Secundaria,Mujer
1,0,24,0.51533705,EMPRESA PRIVADA -SOCIEDADES / COMPANIAS,0,0,1,0,486.0,1,Secundaria,Hombre
0,0,30,0.0,EMPRESA UNIPERSONAL /  PEQUEÑA INDUSTRIA,0,1,0,0,460.0,2,Primaria,Hombre
0,1,25,0.0,EMPRESA PRIVADA -SOCIEDADES / COMPANIAS,0,0,1,0,460.0,19,Secundaria,Mujer
0,1,43,0.0,ORGANISMOS DEL REGIMEN SECCIONAL,0,0,0,1,622.0,94,Superior,Mujer
1,1,68,0.0,EMPLEADOR DOMESTICO,0,0,1,0,460.0,92,Secundaria,Mujer
1,0,38,15.077365,EMPRESA PRIVADA -SOCIEDADES / COMPANIAS,0,1,0,0,465.0,112,Primaria,Hombre
1,1,29,4.104191,EMPRESA PRIVADA -SOCIEDADES / COMPANIAS,0,0,1,0,471.0,7,Secundaria,Mujer
1,0,35,0.0,ORGANISMOS DEL REGIMEN SECCIONAL,0,0,0,1,1439.0,3,Superior,Hombre
1,1,25,1.1575882,EMPRESA PRIVADA -SOCIEDADES / COMPANIAS,0,0,1,0,468.0,17,Secundaria,Mujer
0,1,33,0.0,EMPRESA PRIVADA -SOCIEDADES / COMPANIAS,0,1,0,0,450.0,2,Primaria,Mujer
0,1,20,28.602795,EMPRESA PRIVADA -SOCIEDADES / COMPANIAS,0,0,1,0,476.0,12,Secundaria,Mujer
1,1,39,7.2023044,EMPRESA PRIVADA -SOCIEDADES / COMPANIAS,0,1,0,0,460.0,87,Primaria,Mujer
1,0,57,0.18920347,EMPRESA PRIVADA -SOCIEDADES / COMPANIAS,0,0,0,1,3500.0,58,Superior,Hombre
0,1,23,0.0,EMPRESA PRIVADA -SOCIEDADES / COMPANIAS,0,0,1,0,500.0,38,Secundaria,Mujer
0,1,38,4.7573543,EMPRESA PRIVADA -SOCIEDADES / COMPANIAS,0,0,0,1,1528.0,110,Superior,Mujer
0,1,27,0.0,EMPRESA PRIVADA -SOCIEDADES / COMPANIAS,0,0,1,0,481.0,65,Secundaria,Mujer
1,1,28,9.385033,EMPRESA PRIVADA -SOCIEDADES / COMPANIAS,0,0,0,1,460.0,7,Superior,Mujer
0,0,37,4.5178704,EMPRESA PRIVADA -SOCIEDADES / COMPANIAS,0,0,0,1,468.0,4,Superior,Hombre
1,1,24,0.0,EMPRESA UNIPERSONAL /  PEQUEÑA INDUSTRIA,0,0,1,0,464.0,11,Secundaria,Mujer
0,0,44,4.126235,EMPRESA PRIVADA -SOCIEDADES / COMPANIAS,0,0,1,0,465.0,38,Secundaria,Hombre
1,1,22,0.0,ORGANISMOS DEL REGIMEN SECCIONAL,0,0,1,0,621.0,4,Secundaria,Mujer
1,0,60,14.858723,EMPRESA PRIVADA -SOCIEDADES / COMPANIAS,0,1,0,0,460.0,18,Primaria,Hombre
0,1,58,0.0,EMPRESA PRIVADA -SOCIEDADES / COMPANIAS,0,0,0,1,1493.0,248,Superior,Mujer
0,1,52,0.0,"FUNCION EJECUTIVA, LEGISL, JUDICIAL Y ORGANISMOS DEL ESTADO",0,0,0,1,986.0,92,Superior,Mujer
0,0,56,0.0,EMPRESA PRIVADA -SOCIEDADES / COMPANIAS,0,0,0,1,712.0,92,Superior,Hombre
1,0,36,0.0,EMPRESA UNIPERSONAL /  PEQUEÑA INDUSTRIA,0,1,0,0,478.0,14,Primaria,Hombre
1,0,60,0.0,CONSTRUCCION,0,1,0,0,471.0,83,Primaria,Hombre
1,0,51,0.0,EMPRESA PRIVADA -SOCIEDADES / COMPANIAS,0,0,1,0,1000.0,5,Secundaria,Hombre
1,0,25,0.12981638,EMPRESA PRIVADA -SOCIEDADES / COMPANIAS,0,0,1,0,465.0,4,Secundaria,Hombre
1,1,36,3.1455667,EMPRESA PRIVADA -SOCIEDADES / COMPANIAS,0,0,1,0,464.0,20,Secundaria,Mujer
0,0,52,0.0,ENTIDADES PUBLICAS CON AUTONOMIA,0,0,1,0,777.0,164,Secundaria,Hombre
1,1,36,0.0,"FUNCION EJECUTIVA, LEGISL, JUDICIAL Y ORGANISMOS DEL ESTADO",0,0,0,1,901.0,5,Superior,Mujer
0,0,64,0.46628806,EMPRESA PRIVADA -SOCIEDADES / COMPANIAS,0,0,1,0,465.0,131,Secundaria,Hombre
0,1,56,0.0,"FUNCION EJECUTIVA, LEGISL, JUDICIAL Y ORGANISMOS DEL ESTADO",0,0,0,1,675.0,235,Superior,Mujer
1,0,27,0.0,EMPRESA PRIVADA -SOCIEDADES / COMPANIAS,0,0,1,0,714.0,16,Secundaria,Hombre
1,1,48,0.0,EMPLEADOR DOMESTICO,0,1,0,0,460.0,135,Primaria,Mujer
1,0,27,0.527145,EMPRESA PRIVADA -SOCIEDADES / COMPANIAS,0,1,0,0,460.0,0,Primaria,Hombre
0,1,24,0.0,EMPRESA PRIVADA -SOCIEDADES / COMPANIAS,0,1,0,0,600.0,0,Primaria,Mujer
1,0,47,7.2023044,EMPRESA PRIVADA -SOCIEDADES / COMPANIAS,1,0,0,0,460.0,30,Sin Educación,Hombre
0,0,53,0.0,"FUNCION EJECUTIVA, LEGISL, JUDICIAL Y ORGANISMOS DEL ESTADO",0,0,1,0,659.0,46,Secundaria,Hombre
1,0,40,4.533029,EMPRESA PRIVADA -SOCIEDADES / COMPANIAS,0,1,0,0,460.0,72,Primaria,Hombre
0,0,32,5.5351553,EMPRESA PRIVADA -SOCIEDADES / COMPANIAS,0,0,1,0,656.0,78,Secundaria,Hombre
1,0,63,0.0,EMPLEADOR DOMESTICO,0,1,0,0,854.0,174,Primaria,Hombre
0,0,25,0.0,EMPRESA PRIVADA -SOCIEDADES / COMPANIAS,0,0,1,0,465.0,28,Secundaria,Hombre
0,0,31,5.3714614,EMPRESA PRIVADA -SOCIEDADES / COMPANIAS,0,0,0,1,471.0,78,Superior,Hombre
1,0,20,3.6567068,EMPRESA PRIVADA -SOCIEDADES / COMPANIAS,0,1,0,0,471.0,11,Primaria,Hombre
0,1,35,0.0,ORGANISMOS DEL REGIMEN SECCIONAL,0,0,0,1,1412.0,5,Superior,Mujer
0,0,34,0.0,ORGANISMOS DEL REGIMEN SECCIONAL,0,0,1,0,596.0,159,Secundaria,Hombre
0,0,43,0.0,CONSTRUCCION,0,0,0,1,460.0,191,Superior,Hombre
1,1,40,0.0,EMPRESA UNIPERSONAL /  PEQUEÑA INDUSTRIA,0,0,1,0,611.0,34,Secundaria,Mujer
0,1,43,0.0,EMPRESA UNIPERSONAL /  PEQUEÑA INDUSTRIA,0,0,0,1,460.0,133,Superior,Mujer
1,0,45,7.9935403,EMPRESA PRIVADA -SOCIEDADES / COMPANIAS,0,1,0,0,460.0,10,Primaria,Hombre
0,0,35,0.0,"INSTITUCION FINANCIERA PRIVADA, BANCOS Y CIA DE SEGUROS",0,0,0,1,2622.0,119,Superior,Hombre
0,0,57,0.0,"FUNCION EJECUTIVA, LEGISL, JUDICIAL Y ORGANISMOS DEL ESTADO",0,0,0,1,4433.0,234,Superior,Hombre
0,1,32,0.0,ORGANISMOS DEL REGIMEN SECCIONAL,0,0,0,1,733.0,17,Superior,Mujer
0,1,55,0.0,ENTIDADES PUBLICAS CON AUTONOMIA,0,0,1,0,460.0,8,Secundaria,Mujer
1,0,37,0.0,EMPRESA PRIVADA -SOCIEDADES / COMPANIAS,0,0,0,1,1086.0,10,Superior,Hombre
1,1,35,0.0,ENTIDADES PÚBLICAS DE EDUCACIÓN SUPERIOR,0,0,0,1,606.0,24,Superior,Mujer
0,1,37,0.0,"FUNCION EJECUTIVA, LEGISL, JUDICIAL Y ORGANISMOS DEL ESTADO",0,0,0,1,986.0,31,Superior,Mujer
1,1,39,0.0,"FUNCION EJECUTIVA, LEGISL, JUDICIAL Y ORGANISMOS DEL ESTADO",0,0,0,1,986.0,114,Superior,Mujer
1,0,27,-8.7031145,EMPRESA PRIVADA -SOCIEDADES / COMPANIAS,0,0,1,0,461.0,2,Secundaria,Hombre
1,0,53,0.0,EMPRESA PRIVADA -SOCIEDADES / COMPANIAS,0,0,0,1,2864.0,193,Superior,Hombre
1,0,41,4.82127,EMPRESA PRIVADA -SOCIEDADES / COMPANIAS,0,0,0,1,1500.0,21,Superior,Hombre
0,1,26,0.0,EMPRESA PRIVADA -SOCIEDADES / COMPANIAS,0,0,0,1,468.0,5,Superior,Mujer
1,0,22,11.846011,EMPRESA PRIVADA -SOCIEDADES / COMPANIAS,0,0,1,0,470.0,2,Secundaria,Hombre
0,0,53,12.646478,EMPRESA PRIVADA -SOCIEDADES / COMPANIAS,0,0,1,0,694.0,248,Secundaria,Hombre
1,1,57,0.0,EMPLEADOR DOMESTICO,0,1,0,0,460.0,40,Primaria,Mujer
1,0,21,14.593347,EMPRESA PRIVADA -SOCIEDADES / COMPANIAS,0,1,0,0,460.0,4,Primaria,Hombre
1,0,27,0.0,EMPRESA UNIPERSONAL /  PEQUEÑA INDUSTRIA,0,0,1,0,460.0,13,Secundaria,Hombre
1,1,21,-14.549166,EMPRESA PRIVADA -SOCIEDADES / COMPANIAS,0,1,0,0,460.0,2,Primaria,Mujer
0,1,45,0.0,"FUNCION EJECUTIVA, LEGISL, JUDICIAL Y ORGANISMOS DEL ESTADO",0,0,0,1,986.0,16,Superior,Mujer
0,0,55,0.0,ENTIDADES PUBLICAS CON AUTONOMIA,0,1,0,0,872.0,235,Primaria,Hombre
0,1,21,0.0,EMPRESA PRIVADA -SOCIEDADES / COMPANIAS,0,0,1,0,468.0,26,Secundaria,Mujer
1,0,23,10.959227,EMPRESA PRIVADA -SOCIEDADES / COMPANIAS,0,0,1,0,460.0,21,Secundaria,Hombre
1,1,35,0.0,EMPRESA PRIVADA -SOCIEDADES / COMPANIAS,0,0,1,0,460.0,5,Secundaria,Mujer
1,1,28,0.43782735,EMPRESA PRIVADA -SOCIEDADES / COMPANIAS,0,0,0,1,471.0,9,Superior,Mujer
0,1,33,13.363816,EMPRESA PRIVADA -SOCIEDADES / COMPANIAS,0,0,0,1,471.0,2,Superior,Mujer
0,0,45,-7.2023325,EMPRESA PRIVADA -SOCIEDADES / COMPANIAS,0,0,1,0,605.0,27,Secundaria,Hombre
0,1,37,0.0,"FUNCION EJECUTIVA, LEGISL, JUDICIAL Y ORGANISMOS DEL ESTADO",0,0,0,1,817.0,79,Superior,Mujer
0,1,44,0.0,EMPLEADOR DOMESTICO,0,0,1,0,460.0,137,Secundaria,Mujer
0,0,34,4.7230053,EMPRESA PRIVADA -SOCIEDADES / COMPANIAS,0,0,1,0,519.0,32,Secundaria,Hombre
1,1,32,0.0,EMPRESA UNIPERSONAL /  PEQUEÑA INDUSTRIA,0,0,1,0,460.0,21,Secundaria,Mujer
1,0,30,0.0,"FUNCION EJECUTIVA, LEGISL, JUDICIAL Y ORGANISMOS DEL ESTADO",0,0,1,0,901.0,9,Secundaria,Hombre
0,0,43,0.0,ORGANISMOS DEL REGIMEN SECCIONAL,0,0,1,0,598.0,247,Secundaria,Hombre
1,0,30,0.9043829,EMPRESA PRIVADA -SOCIEDADES / COMPANIAS,0,1,0,0,478.0,0,Primaria,Hombre
0,1,33,-1.178527,EMPRESA PRIVADA -SOCIEDADES / COMPANIAS,0,0,0,1,624.0,30,Superior,Mujer
0,0,65,0.0,ORGANISMOS DEL REGIMEN SECCIONAL,0,0,1,0,460.0,136,Secundaria,Hombre
1,0,23,28.602795,EMPRESA PRIVADA -SOCIEDADES / COMPANIAS,0,0,1,0,463.0,1,Secundaria,Hombre
0,0,50,0.0,EMPRESA UNIPERSONAL /  PEQUEÑA INDUSTRIA,0,0,0,1,2000.0,13,Superior,Hombre
1,0,61,-0.34553218,EMPRESA PRIVADA -SOCIEDADES / COMPANIAS,0,0,1,0,460.0,124,Secundaria,Hombre
0,1,28,0.7028911,EMPRESA PRIVADA -SOCIEDADES / COMPANIAS,0,0,1,0,468.0,22,Secundaria,Mujer
0,1,35,1.994068,EMPRESA PRIVADA -SOCIEDADES / COMPANIAS,0,0,1,0,468.0,4,Secundaria,Mujer
1,0,26,2.0643318,EMPRESA PRIVADA -SOCIEDADES / COMPANIAS,0,0,0,1,744.0,23,Superior,Hombre
1,1,48,0.46643513,EMPRESA PRIVADA -SOCIEDADES / COMPANIAS,0,0,1,0,600.0,0,Secundaria,Mujer
0,0,28,7.154472,EMPRESA PRIVADA -SOCIEDADES / COMPANIAS,0,0,1,0,1090.0,28,Secundaria,Hombre
1,0,65,0.0,"FUNCION EJECUTIVA, LEGISL, JUDICIAL Y ORGANISMOS DEL ESTADO",0,0,0,1,986.0,117,Superior,Hombre
1,0,20,7.2023044,EMPRESA PRIVADA -SOCIEDADES / COMPANIAS,0,1,0,0,460.0,9,Primaria,Hombre
1,0,32,0.049000233,EMPRESA PRIVADA -SOCIEDADES / COMPANIAS,0,0,1,0,465.0,1,Secundaria,Hombre
1,1,27,0.0,EMPRESA PRIVADA -SOCIEDADES / COMPANIAS,0,0,0,1,900.0,63,Superior,Mujer
0,0,35,0.5522988,EMPRESA PRIVADA -SOCIEDADES / COMPANIAS,0,1,0,0,468.0,72,Primaria,Hombre
0,1,26,0.0,ORGANISMOS DEL REGIMEN SECCIONAL,0,0,0,1,1760.0,4,Superior,Mujer
0,0,24,12.311002,EMPRESA PRIVADA -SOCIEDADES / COMPANIAS,0,0,1,0,475.0,72,Secundaria,Hombre
1,0,28,3.6567068,EMPRESA PRIVADA -SOCIEDADES / COMPANIAS,0,0,1,0,471.0,10,Secundaria,Hombre
1,0,23,1.3962157,EMPRESA PRIVADA -SOCIEDADES / COMPANIAS,0,0,1,0,471.0,9,Secundaria,Hombre
0,0,27,2.8516927,EMPRESA PRIVADA -SOCIEDADES / COMPANIAS,0,0,1,0,800.0,107,Secundaria,Hombre
1,0,22,-2.8555894,EMPRESA PRIVADA -SOCIEDADES / COMPANIAS,0,0,1,0,460.0,1,Secundaria,Hombre
0,1,43,-8.7031145,EMPRESA PRIVADA -SOCIEDADES / COMPANIAS,0,1,0,0,461.0,13,Primaria,Mujer
1,0,30,5.4873505,EMPRESA PRIVADA -SOCIEDADES / COMPANIAS,0,0,1,0,504.0,18,Secundaria,Hombre
1,0,25,2.7557366,EMPRESA PRIVADA -SOCIEDADES / COMPANIAS,0,0,1,0,465.0,2,Secundaria,Hombre
0,1,45,0.0,"FUNCION EJECUTIVA, LEGISL, JUDICIAL Y ORGANISMOS DEL ESTADO",0,0,0,1,1212.0,123,Superior,Mujer
0,0,37,0.0,"FUNCION EJECUTIVA, LEGISL, JUDICIAL Y ORGANISMOS DEL ESTADO",0,0,0,1,986.0,48,Superior,Hombre
0,0,35,12.311002,EMPRESA PRIVADA -SOCIEDADES / COMPANIAS,0,0,1,0,469.0,92,Secundaria,Hombre
0,1,21,-11.7519865,EMPRESA PRIVADA -SOCIEDADES / COMPANIAS,0,0,1,0,460.0,0,Secundaria,Mujer
1,0,55,1.2561272,EMPRESA PRIVADA -SOCIEDADES / COMPANIAS,0,0,1,0,478.0,5,Secundaria,Hombre
0,1,35,0.0,ORGANISMOS DEL REGIMEN SECCIONAL,0,0,0,1,557.0,65,Superior,Mujer
1,0,33,0.010965063,EMPRESA PRIVADA -SOCIEDADES / COMPANIAS,0,0,1,0,478.0,7,Secundaria,Hombre
0,1,37,0.0,"FUNCION EJECUTIVA, LEGISL, JUDICIAL Y ORGANISMOS DEL ESTADO",0,0,0,1,675.0,29,Superior,Mujer
0,0,35,0.0,EMPRESA UNIPERSONAL /  PEQUEÑA INDUSTRIA,1,0,0,0,464.0,29,Sin Educación,Hombre
1,1,26,0.0,EMPRESA PRIVADA -SOCIEDADES / COMPANIAS,0,0,0,1,495.0,28,Superior,Mujer
1,0,41,-2.9673877,EMPRESA PRIVADA -SOCIEDADES / COMPANIAS,0,1,0,0,461.0,56,Primaria,Hombre
0,0,22,4.8263497,EMPRESA PRIVADA -SOCIEDADES / COMPANIAS,0,0,1,0,506.0,29,Secundaria,Hombre
1,1,25,6.302921,EMPRESA PRIVADA -SOCIEDADES / COMPANIAS,0,0,1,0,465.0,2,Secundaria,Mujer
1,0,26,2.4377487,EMPRESA PRIVADA -SOCIEDADES / COMPANIAS,0,0,1,0,471.0,2,Secundaria,Hombre
1,0,41,3.6946206,EMPRESA PRIVADA -SOCIEDADES / COMPANIAS,0,0,1,0,460.0,26,Secundaria,Hombre
1,0,21,7.6483564,EMPRESA PRIVADA -SOCIEDADES / COMPANIAS,0,0,1,0,460.0,0,Secundaria,Hombre
1,0,69,4.07766,EMPRESA PRIVADA -SOCIEDADES / COMPANIAS,0,1,0,0,707.0,60,Primaria,Hombre
0,0,35,0.0,"FUNCION EJECUTIVA, LEGISL, JUDICIAL Y ORGANISMOS DEL ESTADO",0,0,0,1,817.0,13,Superior,Hombre
0,1,64,0.0,EMPLEADOR DOMESTICO,0,0,1,0,460.0,35,Secundaria,Mujer
0,1,54,0.0,EMPLEADOR DOMESTICO,0,1,0,0,460.0,54,Primaria,Mujer
1,1,25,3.5275903,EMPRESA PRIVADA -SOCIEDADES / COMPANIAS,1,0,0,0,460.0,0,Sin Educación,Mujer
1,1,42,0.0,EMPRESA PRIVADA -SOCIEDADES / COMPANIAS,0,0,0,1,460.0,65,Superior,Mujer
0,1,24,0.0,"INSTITUCION FINANCIERA PRIVADA, BANCOS Y CIA DE SEGUROS",0,0,0,1,480.0,1,Superior,Mujer
1,0,25,0.6778101,EMPRESA PRIVADA -SOCIEDADES / COMPANIAS,0,1,0,0,466.0,1,Primaria,Hombre
0,0,70,0.0,ENTIDADES PUBLICAS CON AUTONOMIA,0,0,1,0,460.0,8,Secundaria,Hombre
0,1,53,2.8255281,EMPRESA PRIVADA -SOCIEDADES / COMPANIAS,0,1,0,0,460.0,111,Primaria,Mujer
0,0,26,1.0789409,EMPRESA PRIVADA -SOCIEDADES / COMPANIAS,0,0,1,0,465.0,34,Secundaria,Hombre
0,1,31,0.0,"FUNCION EJECUTIVA, LEGISL, JUDICIAL Y ORGANISMOS DEL ESTADO",0,0,0,1,1086.0,37,Superior,Mujer
1,1,42,0.0,ORGANISMOS DEL REGIMEN SECCIONAL,0,0,0,1,1676.0,32,Superior,Mujer
0,0,34,16.170385,EMPRESA PRIVADA -SOCIEDADES / COMPANIAS,0,0,1,0,465.0,10,Secundaria,Hombre
1,0,27,19.046694,EMPRESA PRIVADA -SOCIEDADES / COMPANIAS,0,0,1,0,467.0,8,Secundaria,Hombre
1,1,51,3.5660303,EMPRESA PRIVADA -SOCIEDADES / COMPANIAS,0,1,0,0,461.0,76,Primaria,Mujer
1,1,38,0.0,"FUNCION EJECUTIVA, LEGISL, JUDICIAL Y ORGANISMOS DEL ESTADO",0,0,0,1,2115.0,6,Superior,Mujer
1,1,41,0.0,ORGANISMOS DEL REGIMEN SECCIONAL,0,0,0,1,460.0,5,Superior,Mujer
0,0,36,0.40521,EMPRESA PRIVADA -SOCIEDADES / COMPANIAS,0,0,0,1,995.0,14,Superior,Hombre
0,1,36,0.0,"FUNCION EJECUTIVA, LEGISL, JUDICIAL Y ORGANISMOS DEL ESTADO",0,0,0,1,817.0,55,Superior,Mujer
1,0,39,0.0,EMPRESA UNIPERSONAL /  PEQUEÑA INDUSTRIA,0,0,1,0,486.0,1,Secundaria,Hombre
0,0,35,5.4873505,EMPRESA PRIVADA -SOCIEDADES / COMPANIAS,0,0,0,1,600.0,35,Superior,Hombre
0,0,45,0.0,"FUNCION EJECUTIVA, LEGISL, JUDICIAL Y ORGANISMOS DEL ESTADO",0,0,0,1,817.0,93,Superior,Hombre
0,0,31,1.0135124,EMPRESA UNIPERSONAL /  PEQUEÑA INDUSTRIA,0,0,1,0,607.0,37,Secundaria,Hombre
1,1,20,3.155199,EMPRESA PRIVADA -SOCIEDADES / COMPANIAS,0,0,1,0,475.0,7,Secundaria,Mujer
1,0,31,0.0,ORGANISMOS DEL REGIMEN SECCIONAL,0,0,1,0,700.0,11,Secundaria,Hombre
1,1,62,-18.924696,EMPRESA PRIVADA -SOCIEDADES / COMPANIAS,0,0,1,0,600.0,63,Secundaria,Mujer
0,0,49,0.0,ENTIDADES PUBLICAS CON AUTONOMIA,0,1,0,0,725.0,167,Primaria,Hombre
1,1,44,6.2176003,EMPRESA PRIVADA -SOCIEDADES / COMPANIAS,0,0,1,0,460.0,9,Secundaria,Mujer
1,1,32,0.0,EMPRESA PRIVADA -SOCIEDADES / COMPANIAS,0,1,0,0,460.0,27,Primaria,Mujer
0,0,32,0.8462647,EMPRESA PRIVADA -SOCIEDADES / COMPANIAS,0,1,0,0,460.0,9,Primaria,Hombre
0,1,46,0.0,ENTIDADES PÚBLICAS DE EDUCACIÓN SUPERIOR,0,0,0,1,1676.0,46,Superior,Mujer
1,0,23,4.984322,EMPRESA PRIVADA -SOCIEDADES / COMPANIAS,0,0,0,1,464.0,27,Superior,Hombre
0,1,37,0.0,"FUNCION EJECUTIVA, LEGISL, JUDICIAL Y ORGANISMOS DEL ESTADO",0,0,0,1,2034.0,95,Superior,Mujer
1,0,52,0.0,EMPRESA PRIVADA -SOCIEDADES / COMPANIAS,0,1,0,0,461.0,164,Primaria,Hombre
0,0,35,0.0,COOPERA  NO CONTROLADAS POR LA SUPERINTENDENCIA  DE BANCOS,0,1,0,0,460.0,31,Primaria,Hombre
0,0,32,0.0,CONSTRUCCION,0,1,0,0,467.0,128,Primaria,Hombre
0,0,51,0.0,EMPRESA UNIPERSONAL /  PEQUEÑA INDUSTRIA,0,0,1,0,461.0,60,Secundaria,Hombre
1,0,24,4.442028,EMPRESA PRIVADA -SOCIEDADES / COMPANIAS,0,0,1,0,533.0,3,Secundaria,Hombre
1,0,41,3.624904,EMPRESA PRIVADA -SOCIEDADES / COMPANIAS,0,0,1,0,460.0,0,Secundaria,Hombre
1,0,34,1.697813,EMPRESA PRIVADA -SOCIEDADES / COMPANIAS,0,0,1,0,478.0,12,Secundaria,Hombre
0,0,27,0.0,ENTIDADES PUBLICAS CON AUTONOMIA,0,0,1,0,1676.0,5,Secundaria,Hombre
1,0,25,0.0,EMPRESA PRIVADA -SOCIEDADES / COMPANIAS,1,0,0,0,1725.0,3,Sin Educación,Hombre
1,0,56,2.4380639,EMPRESA PRIVADA -SOCIEDADES / COMPANIAS,0,0,0,1,554.0,0,Superior,Hombre
0,0,36,5.221449,EMPRESA PRIVADA -SOCIEDADES / COMPANIAS,0,0,0,1,500.0,87,Superior,Hombre
0,0,29,19.967442,EMPRESA PRIVADA -SOCIEDADES / COMPANIAS,0,0,1,0,460.0,11,Secundaria,Hombre
0,0,65,15.422355,EMPRESA PRIVADA -SOCIEDADES / COMPANIAS,0,1,0,0,975.0,24,Primaria,Hombre
1,0,56,0.0,EMPRESA PRIVADA -SOCIEDADES / COMPANIAS,0,0,0,1,1500.0,145,Superior,Hombre
0,1,61,4.3558946,EMPRESA PRIVADA -SOCIEDADES / COMPANIAS,0,1,0,0,460.0,10,Primaria,Mujer
0,1,42,0.0,ORGANISMOS DEL REGIMEN SECCIONAL,0,0,1,0,600.0,7,Secundaria,Mujer
0,1,46,0.0,"FUNCION EJECUTIVA, LEGISL, JUDICIAL Y ORGANISMOS DEL ESTADO",0,0,1,0,1170.0,119,Secundaria,Mujer
0,1,32,0.0,ORGANISMOS DEL REGIMEN SECCIONAL,0,0,0,1,553.0,0,Superior,Mujer
0,1,44,0.27977875,EMPRESA PRIVADA -SOCIEDADES / COMPANIAS,0,0,1,0,613.0,92,Secundaria,Mujer
1,1,22,0.0,ORGANISMOS DEL REGIMEN SECCIONAL,0,0,1,0,460.0,3,Secundaria,Mujer
0,1,32,0.0,ORGANISMOS DEL REGIMEN SECCIONAL,0,0,1,0,596.0,114,Secundaria,Mujer
0,1,60,2.4875183,EMPRESA PRIVADA -SOCIEDADES / COMPANIAS,0,0,0,1,1212.0,58,Superior,Mujer
0,1,47,0.0,EMPRESA UNIPERSONAL /  PEQUEÑA INDUSTRIA,0,0,1,0,462.0,1,Secundaria,Mujer
1,1,39,7.442317,EMPRESA PRIVADA -SOCIEDADES / COMPANIAS,0,0,0,1,1200.0,0,Superior,Mujer
0,0,47,0.0,EMPRESA PRIVADA -SOCIEDADES / COMPANIAS,0,0,0,1,1580.0,35,Superior,Hombre
1,1,25,-8.713267,EMPRESA PRIVADA -SOCIEDADES / COMPANIAS,0,0,1,0,471.0,24,Secundaria,Mujer
1,0,31,-0.48466527,EMPRESA PRIVADA -SOCIEDADES / COMPANIAS,0,0,1,0,468.0,0,Secundaria,Hombre
1,0,37,0.0,EMPRESA UNIPERSONAL /  PEQUEÑA INDUSTRIA,0,0,1,0,810.0,185,Secundaria,Hombre
0,0,35,15.662013,EMPRESA PRIVADA -SOCIEDADES / COMPANIAS,0,0,0,1,493.0,74,Superior,Hombre
0,0,49,0.0,ORGANISMOS DEL REGIMEN SECCIONAL,0,0,0,1,570.0,206,Superior,Hombre
1,0,33,-0.2838309,EMPRESA PRIVADA -SOCIEDADES / COMPANIAS,0,0,1,0,472.0,0,Secundaria,Hombre
0,0,47,0.7376626,EMPRESA PRIVADA -SOCIEDADES / COMPANIAS,0,0,1,0,696.0,25,Secundaria,Hombre
1,1,48,0.0,MICRO EMPRESA (NO ARTESANAL),0,1,0,0,462.0,36,Primaria,Mujer
1,1,36,0.0,ORGANISMOS DEL REGIMEN SECCIONAL,0,0,1,0,460.0,2,Secundaria,Mujer
0,0,45,0.0,EMPRESA UNIPERSONAL /  PEQUEÑA INDUSTRIA,0,1,0,0,465.0,218,Primaria,Hombre
0,0,33,0.0,"FUNCION EJECUTIVA, LEGISL, JUDICIAL Y ORGANISMOS DEL ESTADO",0,0,0,1,585.0,77,Superior,Hombre
1,1,60,0.0,"FUNCION EJECUTIVA, LEGISL, JUDICIAL Y ORGANISMOS DEL ESTADO",0,0,0,1,733.0,243,Superior,Mujer
0,1,43,0.0,"FUNCION EJECUTIVA, LEGISL, JUDICIAL Y ORGANISMOS DEL ESTADO",0,0,1,0,817.0,26,Secundaria,Mujer
1,0,49,2.5561833,EMPRESA PRIVADA -SOCIEDADES / COMPANIAS,0,0,1,0,460.0,0,Secundaria,Hombre
1,0,22,9.879105,EMPRESA PRIVADA -SOCIEDADES / COMPANIAS,0,0,1,0,460.0,0,Secundaria,Hombre
0,0,33,4.0869656,EMPRESA PRIVADA -SOCIEDADES / COMPANIAS,0,0,0,1,1700.0,1,Superior,Hombre
1,0,65,0.0,EMPRESA UNIPERSONAL /  PEQUEÑA INDUSTRIA,0,1,0,0,582.0,108,Primaria,Hombre
0,0,43,-16.257755,EMPRESA PRIVADA -SOCIEDADES / COMPANIAS,0,1,0,0,466.0,16,Primaria,Hombre
1,0,28,0.0,"FUNCION EJECUTIVA, LEGISL, JUDICIAL Y ORGANISMOS DEL ESTADO",0,0,0,1,986.0,9,Superior,Hombre
0,0,39,0.0,ORGANISMOS DEL REGIMEN SECCIONAL,0,0,1,0,622.0,57,Secundaria,Hombre
0,0,34,5.4873505,EMPRESA PRIVADA -SOCIEDADES / COMPANIAS,0,1,0,0,600.0,6,Primaria,Hombre
0,0,43,0.0,EMPRESA PRIVADA -SOCIEDADES / COMPANIAS,0,0,0,1,460.0,50,Superior,Hombre
0,1,53,0.0,"FUNCION EJECUTIVA, LEGISL, JUDICIAL Y ORGANISMOS DEL ESTADO",0,0,0,1,1760.0,119,Superior,Mujer
1,0,25,0.0,EMPRESA UNIPERSONAL /  PEQUEÑA INDUSTRIA,0,0,1,0,460.0,62,Secundaria,Hombre
1,0,27,7.035242,EMPRESA PRIVADA -SOCIEDADES / COMPANIAS,0,0,1,0,465.0,58,Secundaria,Hombre
1,0,44,3.8217602,CONSTRUCCION,0,0,1,0,460.0,19,Secundaria,Hombre
1,1,28,0.0,ORGANISMOS DEL REGIMEN SECCIONAL,0,0,1,0,460.0,0,Secundaria,Mujer
0,0,28,2.207291,EMPRESA PRIVADA -SOCIEDADES / COMPANIAS,0,0,1,0,707.0,1,Secundaria,Hombre
0,1,35,0.0,COOP AHORRO  CRED. VIVIENDA ETC.CONTR SUPER  DE BANCOS,0,0,1,0,600.0,74,Secundaria,Mujer
0,0,43,0.0,EMPRESA PRIVADA -SOCIEDADES / COMPANIAS,0,1,0,0,470.0,212,Primaria,Hombre
0,0,39,-6.4699802,EMPRESA PRIVADA -SOCIEDADES / COMPANIAS,0,0,0,1,1660.0,35,Superior,Hombre
1,0,31,2.3223157,EMPRESA PRIVADA -SOCIEDADES / COMPANIAS,0,0,0,1,550.0,3,Superior,Hombre
0,1,33,0.0,"FUNCION EJECUTIVA, LEGISL, JUDICIAL Y ORGANISMOS DEL ESTADO",0,0,0,1,1676.0,90,Superior,Mujer
0,0,29,0.7645451,EMPRESA PRIVADA -SOCIEDADES / COMPANIAS,0,0,1,0,460.0,36,Secundaria,Hombre
0,1,35,0.8766211,EMPRESA PRIVADA -SOCIEDADES / COMPANIAS,1,0,0,0,500.0,48,Sin Educación,Mujer
0,1,32,0.0,EMPRESA PRIVADA -SOCIEDADES / COMPANIAS,0,0,0,1,541.0,34,Superior,Mujer
1,0,28,0.0,"INSTITUCION FINANCIERA PRIVADA, BANCOS Y CIA DE SEGUROS",0,0,1,0,650.0,7,Secundaria,Hombre
0,1,37,0.0,"FUNCION EJECUTIVA, LEGISL, JUDICIAL Y ORGANISMOS DEL ESTADO",0,0,0,1,986.0,97,Superior,Mujer
0,0,51,0.0,EMPRESA PRIVADA -SOCIEDADES / COMPANIAS,0,1,0,0,470.0,16,Primaria,Hombre
1,1,36,0.0,ORGANISMOS DEL REGIMEN SECCIONAL,0,0,0,1,1412.0,5,Superior,Mujer
1,1,44,0.5522988,EMPRESA PRIVADA -SOCIEDADES / COMPANIAS,0,1,0,0,468.0,77,Primaria,Mujer
1,0,24,25.875563,EMPRESA UNIPERSONAL /  PEQUEÑA INDUSTRIA,0,0,1,0,460.0,0,Secundaria,Hombre
1,1,29,0.0,EMPRESA UNIPERSONAL /  PEQUEÑA INDUSTRIA,0,0,1,0,461.0,5,Secundaria,Mujer
0,0,58,0.0,ORGANISMOS DEL REGIMEN SECCIONAL,0,1,0,0,527.0,135,Primaria,Hombre
1,1,34,4.562905,EMPRESA PRIVADA -SOCIEDADES / COMPANIAS,0,1,0,0,468.0,3,Primaria,Mujer
1,0,29,19.179201,EMPRESA PRIVADA -SOCIEDADES / COMPANIAS,0,0,0,1,468.0,11,Superior,Hombre
0,1,31,-11.027313,EMPRESA PRIVADA -SOCIEDADES / COMPANIAS,0,0,0,1,700.0,4,Superior,Mujer
1,0,29,0.0,EMPRESA PRIVADA -SOCIEDADES / COMPANIAS,0,0,1,0,581.0,19,Secundaria,Hombre
0,1,59,0.0,"FUNCION EJECUTIVA, LEGISL, JUDICIAL Y ORGANISMOS DEL ESTADO",0,0,1,0,659.0,209,Secundaria,Mujer
0,0,31,0.0,"INSTITUCION FINANCIERA PRIVADA, BANCOS Y CIA DE SEGUROS",0,0,1,0,1130.0,134,Secundaria,Hombre
1,0,38,0.0,EMPLEADOR DOMESTICO,0,0,1,0,460.0,14,Secundaria,Hombre
0,1,24,0.0,EMPRESA PRIVADA -SOCIEDADES / COMPANIAS,0,0,1,0,511.0,36,Secundaria,Mujer
0,1,66,0.0,EMPRESA UNIPERSONAL /  PEQUEÑA INDUSTRIA,0,0,0,1,460.0,121,Superior,Mujer
0,0,22,1.5833268,EMPRESA PRIVADA -SOCIEDADES / COMPANIAS,0,1,0,0,468.0,30,Primaria,Hombre
0,1,26,-14.365984,EMPRESA PRIVADA -SOCIEDADES / COMPANIAS,0,0,1,0,460.0,4,Secundaria,Mujer
1,0,45,-0.59192073,EMPRESA PRIVADA -SOCIEDADES / COMPANIAS,0,1,0,0,1089.0,90,Primaria,Hombre
0,0,58,5.044416,EMPRESA PRIVADA -SOCIEDADES / COMPANIAS,0,1,0,0,478.0,13,Primaria,Hombre
1,0,30,18.537975,EMPRESA PRIVADA -SOCIEDADES / COMPANIAS,0,0,0,1,500.0,12,Superior,Hombre
1,0,29,0.0,EMPRESA UNIPERSONAL /  PEQUEÑA INDUSTRIA,0,0,1,0,466.0,17,Secundaria,Hombre
0,0,49,0.0,"FUNCION EJECUTIVA, LEGISL, JUDICIAL Y ORGANISMOS DEL ESTADO",0,0,0,1,3352.0,100,Superior,Hombre
1,1,38,0.0,"INSTITUCION FINANCIERA PRIVADA, BANCOS Y CIA DE SEGUROS",0,0,0,1,813.0,32,Superior,Mujer
0,0,21,0.6383519,EMPRESA PRIVADA -SOCIEDADES / COMPANIAS,0,0,1,0,460.0,0,Secundaria,Hombre
0,0,30,16.564945,EMPRESA PRIVADA -SOCIEDADES / COMPANIAS,0,0,0,1,735.0,32,Superior,Hombre
0,1,59,0.0,"FUNCION EJECUTIVA, LEGISL, JUDICIAL Y ORGANISMOS DEL ESTADO",0,0,0,1,622.0,237,Superior,Mujer
1,0,28,0.718236,EMPRESA PRIVADA -SOCIEDADES / COMPANIAS,0,0,1,0,494.0,27,Secundaria,Hombre
0,0,60,6.2788196,EMPRESA PRIVADA -SOCIEDADES / COMPANIAS,0,0,1,0,622.0,118,Secundaria,Hombre
0,0,51,0.0,"FUNCION EJECUTIVA, LEGISL, JUDICIAL Y ORGANISMOS DEL ESTADO",0,0,0,1,1086.0,118,Superior,Hombre
0,0,30,0.0,"FUNCION EJECUTIVA, LEGISL, JUDICIAL Y ORGANISMOS DEL ESTADO",0,0,0,1,659.0,15,Superior,Hombre
1,0,23,-9.329728,EMPRESA PRIVADA -SOCIEDADES / COMPANIAS,0,0,1,0,461.0,6,Secundaria,Hombre
0,1,47,0.0,EMPLEADOR DOMESTICO,0,0,1,0,460.0,109,Secundaria,Mujer
1,0,51,1.7714039,ENTIDADES PUBLICAS CON AUTONOMIA,0,0,0,1,1190.0,4,Superior,Hombre
0,0,31,1.5075141,EMPRESA PRIVADA -SOCIEDADES / COMPANIAS,0,0,1,0,484.0,18,Secundaria,Hombre
1,0,26,2.8516927,EMPRESA PRIVADA -SOCIEDADES / COMPANIAS,0,0,1,0,461.0,15,Secundaria,Hombre
1,0,21,4.984322,EMPRESA PRIVADA -SOCIEDADES / COMPANIAS,0,0,1,0,232.0,1,Secundaria,Hombre
0,1,40,0.0,EMPRESA UNIPERSONAL /  PEQUEÑA INDUSTRIA,0,0,0,1,460.0,45,Superior,Mujer
1,1,36,0.19104487,EMPRESA PRIVADA -SOCIEDADES / COMPANIAS,0,0,0,1,468.0,5,Superior,Mujer
0,0,26,4.528617,EMPRESA PRIVADA -SOCIEDADES / COMPANIAS,0,1,0,0,467.0,15,Primaria,Hombre
0,0,23,2.4634192,EMPRESA PRIVADA -SOCIEDADES / COMPANIAS,0,0,1,0,460.0,7,Secundaria,Hombre
0,1,30,19.967442,EMPRESA PRIVADA -SOCIEDADES / COMPANIAS,0,0,0,1,605.0,15,Superior,Mujer
0,0,28,2.060965,EMPRESA PRIVADA -SOCIEDADES / COMPANIAS,0,0,0,1,800.0,16,Superior,Hombre
1,0,47,0.0,"FUNCION EJECUTIVA, LEGISL, JUDICIAL Y ORGANISMOS DEL ESTADO",0,0,1,0,1412.0,4,Secundaria,Hombre
0,0,43,0.0,EMPRESA PRIVADA -SOCIEDADES / COMPANIAS,0,1,0,0,473.0,13,Primaria,Hombre
0,1,35,0.0,"FUNCION EJECUTIVA, LEGISL, JUDICIAL Y ORGANISMOS DEL ESTADO",0,0,0,1,817.0,90,Superior,Mujer
1,1,29,0.39835,EMPRESA PRIVADA -SOCIEDADES / COMPANIAS,0,0,1,0,466.0,10,Secundaria,Mujer
1,0,56,2.4380639,EMPRESA PRIVADA -SOCIEDADES / COMPANIAS,1,0,0,0,472.0,0,Sin Educación,Hombre
0,0,36,0.0,ENTIDADES PUBLICAS CON AUTONOMIA,0,0,0,1,1026.0,120,Superior,Hombre
0,1,27,0.0,"FUNCION EJECUTIVA, LEGISL, JUDICIAL Y ORGANISMOS DEL ESTADO",0,0,0,1,817.0,11,Superior,Mujer
1,1,28,0.0,"FUNCION EJECUTIVA, LEGISL, JUDICIAL Y ORGANISMOS DEL ESTADO",0,0,0,1,986.0,9,Superior,Mujer
0,1,28,3.7191427,EMPRESA PRIVADA -SOCIEDADES / COMPANIAS,0,0,1,0,515.0,86,Secundaria,Mujer
0,1,43,0.0,"FUNCION EJECUTIVA, LEGISL, JUDICIAL Y ORGANISMOS DEL ESTADO",0,0,1,0,986.0,45,Secundaria,Mujer
1,0,39,9.054878,EMPRESA PRIVADA -SOCIEDADES / COMPANIAS,0,1,0,0,468.0,16,Primaria,Hombre
0,0,31,5.646691,EMPRESA PRIVADA -SOCIEDADES / COMPANIAS,0,1,0,0,480.0,84,Primaria,Hombre
1,0,46,0.0,EMPRESA UNIPERSONAL /  PEQUEÑA INDUSTRIA,0,0,1,0,460.0,235,Secundaria,Hombre
0,0,62,0.0,ENTIDADES PÚBLICAS DE EDUCACIÓN SUPERIOR,0,0,0,1,2100.0,67,Superior,Hombre
1,0,35,0.5112916,EMPRESA PRIVADA -SOCIEDADES / COMPANIAS,0,1,0,0,465.0,1,Primaria,Hombre
0,1,39,-1.572067,CONSTRUCCION,0,0,1,0,460.0,17,Secundaria,Mujer
0,1,31,0.0,"FUNCION EJECUTIVA, LEGISL, JUDICIAL Y ORGANISMOS DEL ESTADO",0,0,0,1,1212.0,64,Superior,Mujer
0,1,26,4.3297443,EMPRESA PRIVADA -SOCIEDADES / COMPANIAS,0,0,1,0,900.0,4,Secundaria,Mujer
0,1,48,3.1738641,EMPRESA PRIVADA -SOCIEDADES / COMPANIAS,0,0,1,0,468.0,15,Secundaria,Mujer
0,0,47,0.0,"FUNCION EJECUTIVA, LEGISL, JUDICIAL Y ORGANISMOS DEL ESTADO",0,0,0,1,2034.0,36,Superior,Hombre
0,0,46,14.726685,EMPRESA PRIVADA -SOCIEDADES / COMPANIAS,0,0,0,1,623.0,79,Superior,Hombre
0,0,41,2.3497365,EMPRESA PRIVADA -SOCIEDADES / COMPANIAS,0,0,1,0,474.0,47,Secundaria,Hombre
0,0,21,0.0,MICRO EMPRESA (NO ARTESANAL),0,0,1,0,474.0,16,Secundaria,Hombre
1,1,27,8.503571,EMPRESA PRIVADA -SOCIEDADES / COMPANIAS,0,0,0,1,500.0,2,Superior,Mujer
0,0,27,9.801656,EMPRESA PRIVADA -SOCIEDADES / COMPANIAS,0,0,1,0,1091.0,85,Secundaria,Hombre
0,0,39,2.1428487,EMPRESA PRIVADA -SOCIEDADES / COMPANIAS,0,0,0,1,460.0,75,Superior,Hombre
1,1,37,0.0,ORGANISMOS DEL REGIMEN SECCIONAL,0,0,0,1,986.0,2,Superior,Mujer
0,0,29,28.602795,EMPRESA PRIVADA -SOCIEDADES / COMPANIAS,0,0,1,0,474.0,5,Secundaria,Hombre
1,1,47,0.5522988,EMPRESA PRIVADA -SOCIEDADES / COMPANIAS,0,1,0,0,468.0,107,Primaria,Mujer
1,1,67,0.0,EMPLEADOR DOMESTICO,0,0,1,0,460.0,31,Secundaria,Mujer
1,0,45,0.0,EMPRESA UNIPERSONAL /  PEQUEÑA INDUSTRIA,0,1,0,0,460.0,4,Primaria,Hombre
0,0,26,0.0,EMPRESA UNIPERSONAL /  PEQUEÑA INDUSTRIA,0,0,1,0,471.0,14,Secundaria,Hombre
0,0,31,0.0,ENTIDADES FINANCIERAS,0,0,0,1,901.0,11,Superior,Hombre
0,0,24,4.9862576,EMPRESA UNIPERSONAL /  PEQUEÑA INDUSTRIA,0,1,0,0,476.0,0,Primaria,Hombre
0,1,34,0.0,COOP AHORRO  CRED. VIVIENDA ETC.CONTR SUPER  DE BANCOS,0,0,0,1,550.0,14,Superior,Mujer
1,1,51,0.0,EMPRESA UNIPERSONAL /  PEQUEÑA INDUSTRIA,0,0,0,1,3100.0,261,Superior,Mujer
0,0,34,2.7723649,EMPRESA PRIVADA -SOCIEDADES / COMPANIAS,0,0,0,1,474.0,21,Superior,Hombre
1,0,51,7.2023044,EMPRESA PRIVADA -SOCIEDADES / COMPANIAS,0,0,1,0,460.0,133,Secundaria,Hombre
0,1,57,0.0,"FUNCION EJECUTIVA, LEGISL, JUDICIAL Y ORGANISMOS DEL ESTADO",0,0,0,1,1412.0,97,Superior,Mujer
1,0,28,0.0,EMPRESA PRIVADA -SOCIEDADES / COMPANIAS,0,0,1,0,471.0,11,Secundaria,Hombre
1,0,32,-0.45412537,EMPRESA PRIVADA -SOCIEDADES / COMPANIAS,0,0,1,0,465.0,2,Secundaria,Hombre
1,1,21,10.501431,EMPRESA PRIVADA -SOCIEDADES / COMPANIAS,0,0,1,0,468.0,22,Secundaria,Mujer
0,0,29,0.0,"INSTITUCION FINANCIERA PRIVADA, BANCOS Y CIA DE SEGUROS",0,0,0,1,839.0,21,Superior,Hombre
1,0,32,0.0,EMPRESA UNIPERSONAL /  PEQUEÑA INDUSTRIA,0,0,1,0,460.0,71,Secundaria,Hombre
0,1,41,0.0,"FUNCION EJECUTIVA, LEGISL, JUDICIAL Y ORGANISMOS DEL ESTADO",0,0,0,1,817.0,45,Superior,Mujer
0,1,52,0.0,"FUNCION EJECUTIVA, LEGISL, JUDICIAL Y ORGANISMOS DEL ESTADO",0,0,0,1,986.0,117,Superior,Mujer
0,0,26,0.0,EMPRESA PRIVADA -SOCIEDADES / COMPANIAS,0,0,0,1,500.0,29,Superior,Hombre
0,0,37,0.0,EMPRESA UNIPERSONAL /  PEQUEÑA INDUSTRIA,0,0,1,0,465.0,114,Secundaria,Hombre
0,0,24,2.59876,EMPRESA PRIVADA -SOCIEDADES / COMPANIAS,0,0,1,0,500.0,22,Secundaria,Hombre
0,1,25,0.0,EMPRESA UNIPERSONAL /  PEQUEÑA INDUSTRIA,0,0,1,0,460.0,87,Secundaria,Mujer
1,1,31,1.6193749,EMPRESA PRIVADA -SOCIEDADES / COMPANIAS,0,0,1,0,460.0,25,Secundaria,Mujer
0,1,34,0.0,EMPRESA UNIPERSONAL /  PEQUEÑA INDUSTRIA,0,0,0,1,553.0,2,Superior,Mujer
0,0,36,-0.5001228,EMPRESA PRIVADA -SOCIEDADES / COMPANIAS,0,1,0,0,460.0,13,Primaria,Hombre
1,0,26,0.0,EMPRESA PRIVADA -SOCIEDADES / COMPANIAS,0,0,1,0,475.0,0,Secundaria,Hombre
1,0,37,9.488422,EMPRESA PRIVADA -SOCIEDADES / COMPANIAS,0,0,1,0,475.0,41,Secundaria,Hombre
1,0,51,0.67987794,EMPRESA PRIVADA -SOCIEDADES / COMPANIAS,0,0,1,0,478.0,5,Secundaria,Hombre
0,0,56,0.0,"FUNCION EJECUTIVA, LEGISL, JUDICIAL Y ORGANISMOS DEL ESTADO",0,0,0,1,2641.0,201,Superior,Hombre
0,0,66,0.0,"INSTITUCION FINANCIERA PRIVADA, BANCOS Y CIA DE SEGUROS",0,0,1,0,460.0,29,Secundaria,Hombre
0,1,44,0.0,"FUNCION EJECUTIVA, LEGISL, JUDICIAL Y ORGANISMOS DEL ESTADO",0,0,0,1,1086.0,84,Superior,Mujer
0,0,36,1.1684839,EMPRESA PRIVADA -SOCIEDADES / COMPANIAS,0,1,0,0,477.0,87,Primaria,Hombre
0,0,46,3.9662507,EMPRESA PRIVADA -SOCIEDADES / COMPANIAS,0,0,0,1,1455.0,74,Superior,Hombre
1,1,32,0.0,EMPRESA PRIVADA -SOCIEDADES / COMPANIAS,0,0,0,1,2400.0,2,Superior,Mujer
1,1,29,-4.2037253,EMPRESA PRIVADA -SOCIEDADES / COMPANIAS,0,0,1,0,461.0,1,Secundaria,Mujer
1,1,65,0.0,EMPLEADOR DOMESTICO,0,0,1,0,700.0,21,Secundaria,Mujer
1,0,42,7.035242,EMPRESA PRIVADA -SOCIEDADES / COMPANIAS,0,0,0,1,700.0,70,Superior,Hombre
0,0,37,4.9860516,EMPRESA PRIVADA -SOCIEDADES / COMPANIAS,0,0,1,0,531.0,168,Secundaria,Hombre
1,1,34,2.654411,EMPRESA PRIVADA -SOCIEDADES / COMPANIAS,0,0,0,1,700.0,10,Superior,Mujer
0,1,48,0.0,EMPLEADOR DOMESTICO,0,1,0,0,460.0,70,Primaria,Mujer
0,0,55,5.998175,EMPRESA PRIVADA -SOCIEDADES / COMPANIAS,0,0,1,0,474.0,145,Secundaria,Hombre
1,0,24,1.6254948,EMPRESA UNIPERSONAL /  PEQUEÑA INDUSTRIA,0,0,1,0,533.0,1,Secundaria,Hombre
1,1,44,0.0,EMPRESA PRIVADA -SOCIEDADES / COMPANIAS,0,0,0,1,500.0,26,Superior,Mujer
1,1,26,0.38419434,EMPRESA PRIVADA -SOCIEDADES / COMPANIAS,0,0,1,0,468.0,2,Secundaria,Mujer
0,0,38,0.0,ORGANISMOS DEL REGIMEN SECCIONAL,0,0,1,0,561.0,24,Secundaria,Hombre
1,1,35,0.359023,EMPRESA PRIVADA -SOCIEDADES / COMPANIAS,0,0,1,0,900.0,10,Secundaria,Mujer
0,1,45,3.429206,EMPRESA PRIVADA -SOCIEDADES / COMPANIAS,0,1,0,0,784.0,173,Primaria,Mujer
0,1,36,0.0,ORGANISMOS DEL REGIMEN SECCIONAL,0,0,0,1,1212.0,19,Superior,Mujer
1,0,27,-4.2559786,EMPRESA PRIVADA -SOCIEDADES / COMPANIAS,0,0,0,1,464.0,36,Superior,Hombre
0,1,45,0.0,"FUNCION EJECUTIVA, LEGISL, JUDICIAL Y ORGANISMOS DEL ESTADO",0,0,0,1,986.0,123,Superior,Mujer
1,0,34,1.7346791,EMPRESA PRIVADA -SOCIEDADES / COMPANIAS,0,1,0,0,460.0,0,Primaria,Hombre
0,0,44,4.2408633,EMPRESA PRIVADA -SOCIEDADES / COMPANIAS,0,0,1,0,800.0,7,Secundaria,Hombre
0,0,33,0.0,EMPRESA UNIPERSONAL /  PEQUEÑA INDUSTRIA,0,0,0,1,473.0,41,Superior,Hombre
0,0,41,2.3497365,EMPRESA PRIVADA -SOCIEDADES / COMPANIAS,0,0,1,0,656.0,175,Secundaria,Hombre
0,0,33,0.0,ENTIDADES PUBLICAS CON AUTONOMIA,0,0,1,0,1264.0,106,Secundaria,Hombre
0,1,39,20.129128,EMPRESA PRIVADA -SOCIEDADES / COMPANIAS,0,0,1,0,460.0,5,Secundaria,Mujer
0,1,45,0.0,"FUNCION EJECUTIVA, LEGISL, JUDICIAL Y ORGANISMOS DEL ESTADO",0,1,0,0,986.0,123,Primaria,Mujer
1,1,64,0.0,"FUNCION EJECUTIVA, LEGISL, JUDICIAL Y ORGANISMOS DEL ESTADO",0,0,0,1,986.0,122,Superior,Mujer
0,0,47,-18.924696,EMPRESA PRIVADA -SOCIEDADES / COMPANIAS,1,0,0,0,461.0,134,Sin Educación,Hombre
0,0,50,2.6010323,EMPRESA PRIVADA -SOCIEDADES / COMPANIAS,0,0,1,0,468.0,6,Secundaria,Hombre
0,0,52,13.565835,EMPRESA PRIVADA -SOCIEDADES / COMPANIAS,0,0,1,0,510.0,206,Secundaria,Hombre
0,1,52,0.0,EMPRESA PRIVADA -SOCIEDADES / COMPANIAS,0,0,0,1,522.0,82,Superior,Mujer
0,0,55,1.9366311,EMPRESA PRIVADA -SOCIEDADES / COMPANIAS,1,0,0,0,460.0,68,Sin Educación,Hombre
1,1,34,0.0,"FUNCION EJECUTIVA, LEGISL, JUDICIAL Y ORGANISMOS DEL ESTADO",0,0,0,1,817.0,91,Superior,Mujer
0,1,19,0.0,EMPRESA PRIVADA -SOCIEDADES / COMPANIAS,0,0,1,0,500.0,12,Secundaria,Mujer
0,1,50,28.602795,EMPRESA PRIVADA -SOCIEDADES / COMPANIAS,0,0,1,0,487.0,141,Secundaria,Mujer
1,0,39,0.0,CONSTRUCCION,0,1,0,0,480.0,8,Primaria,Hombre
0,0,28,0.0,EMPRESA PRIVADA -SOCIEDADES / COMPANIAS,0,1,0,0,468.0,33,Primaria,Hombre
1,0,29,-5.967535,EMPRESA PRIVADA -SOCIEDADES / COMPANIAS,0,1,0,0,461.0,29,Primaria,Hombre
0,0,41,0.0,ENTIDADES PUBLICAS CON AUTONOMIA,0,0,1,0,1204.0,46,Secundaria,Hombre
0,1,34,0.0,ENTIDADES PUBLICAS CON AUTONOMIA,0,0,0,1,1212.0,78,Superior,Mujer
0,0,33,0.62820184,EMPRESA PRIVADA -SOCIEDADES / COMPANIAS,0,1,0,0,646.0,72,Primaria,Hombre
0,1,23,0.0,"FUNCION EJECUTIVA, LEGISL, JUDICIAL Y ORGANISMOS DEL ESTADO",0,0,1,0,540.0,9,Secundaria,Mujer
0,1,54,0.0,"FUNCION EJECUTIVA, LEGISL, JUDICIAL Y ORGANISMOS DEL ESTADO",0,0,0,1,1212.0,197,Superior,Mujer
1,1,39,16.061543,EMPRESA PRIVADA -SOCIEDADES / COMPANIAS,0,0,0,1,1560.0,38,Superior,Mujer
1,0,35,4.712103,EMPRESA PRIVADA -SOCIEDADES / COMPANIAS,0,0,1,0,460.0,5,Secundaria,Hombre
0,0,40,5.326576,EMPRESA PRIVADA -SOCIEDADES / COMPANIAS,0,0,1,0,465.0,102,Secundaria,Hombre
0,0,38,0.0,MICRO EMPRESA (NO ARTESANAL),0,0,1,0,600.0,73,Secundaria,Hombre
1,0,25,0.0,"FUNCION EJECUTIVA, LEGISL, JUDICIAL Y ORGANISMOS DEL ESTADO",0,0,0,1,622.0,28,Superior,Hombre
0,1,39,15.941819,EMPRESA PRIVADA -SOCIEDADES / COMPANIAS,0,0,1,0,468.0,30,Secundaria,Mujer
0,0,34,2.8255281,EMPRESA PRIVADA -SOCIEDADES / COMPANIAS,0,0,0,1,460.0,135,Superior,Hombre
1,1,28,3.6567068,EMPRESA PRIVADA -SOCIEDADES / COMPANIAS,0,0,1,0,471.0,26,Secundaria,Mujer
0,0,62,6.401648,EMPRESA PRIVADA -SOCIEDADES / COMPANIAS,0,1,0,0,667.0,24,Primaria,Hombre
1,1,64,0.0,EMPRESA UNIPERSONAL /  PEQUEÑA INDUSTRIA,0,0,1,0,465.0,5,Secundaria,Mujer
0,0,26,10.501431,EMPRESA PRIVADA -SOCIEDADES / COMPANIAS,0,0,1,0,468.0,23,Secundaria,Hombre
0,0,33,0.32540995,EMPRESA PRIVADA -SOCIEDADES / COMPANIAS,0,0,1,0,521.0,42,Secundaria,Hombre
1,0,22,7.154472,EMPRESA PRIVADA -SOCIEDADES / COMPANIAS,1,0,0,0,485.0,1,Sin Educación,Hombre
0,0,38,0.0,"FUNCION EJECUTIVA, LEGISL, JUDICIAL Y ORGANISMOS DEL ESTADO",0,0,0,1,1212.0,53,Superior,Hombre
0,1,58,0.0,EMPRESA PRIVADA -SOCIEDADES / COMPANIAS,0,1,0,0,465.0,10,Primaria,Mujer
0,1,44,0.0,"FUNCION EJECUTIVA, LEGISL, JUDICIAL Y ORGANISMOS DEL ESTADO",0,0,0,1,986.0,123,Superior,Mujer
0,0,36,11.682749,EMPRESA PRIVADA -SOCIEDADES / COMPANIAS,0,1,0,0,607.0,57,Primaria,Hombre
1,0,23,1.6567713,EMPRESA PRIVADA -SOCIEDADES / COMPANIAS,0,0,1,0,591.0,32,Secundaria,Hombre
0,0,33,0.0,"FUNCION EJECUTIVA, LEGISL, JUDICIAL Y ORGANISMOS DEL ESTADO",0,0,0,1,1086.0,85,Superior,Hombre
1,0,24,3.4180465,EMPRESA PRIVADA -SOCIEDADES / COMPANIAS,0,0,1,0,465.0,5,Secundaria,Hombre
0,1,31,0.49576375,EMPRESA PRIVADA -SOCIEDADES / COMPANIAS,0,1,0,0,461.0,15,Primaria,Mujer
1,0,26,0.0,ENTIDADES FINANCIERAS,0,0,1,0,622.0,0,Secundaria,Hombre
0,0,31,2.009697,EMPRESA PRIVADA -SOCIEDADES / COMPANIAS,0,0,0,1,488.0,92,Superior,Hombre
0,0,48,0.0,ENTIDADES PUBLICAS CON AUTONOMIA,0,0,0,1,2229.0,3,Superior,Hombre
0,0,32,0.0,"FUNCION EJECUTIVA, LEGISL, JUDICIAL Y ORGANISMOS DEL ESTADO",0,0,0,1,986.0,9,Superior,Hombre
0,0,29,3.155199,EMPRESA PRIVADA -SOCIEDADES / COMPANIAS,0,0,1,0,475.0,36,Secundaria,Hombre
1,0,45,0.0,EMPRESA PRIVADA -SOCIEDADES / COMPANIAS,0,1,0,0,595.0,153,Primaria,Hombre
0,1,42,0.0,"FUNCION EJECUTIVA, LEGISL, JUDICIAL Y ORGANISMOS DEL ESTADO",0,0,0,1,986.0,117,Superior,Mujer
0,0,22,5.50723,EMPRESA PRIVADA -SOCIEDADES / COMPANIAS,0,0,1,0,464.0,9,Secundaria,Hombre
0,0,34,0.14763366,EMPRESA PRIVADA -SOCIEDADES / COMPANIAS,0,0,1,0,462.0,29,Secundaria,Hombre
1,0,56,28.602795,EMPRESA PRIVADA -SOCIEDADES / COMPANIAS,0,1,0,0,465.0,6,Primaria,Hombre
0,0,36,0.0,ORGANISMOS DEL REGIMEN SECCIONAL,0,0,0,1,1212.0,12,Superior,Hombre
0,0,64,0.0,EMPRESA PRIVADA -SOCIEDADES / COMPANIAS,0,0,0,1,480.0,117,Superior,Hombre
1,0,40,2.593771,CONSTRUCCION,0,1,0,0,471.0,2,Primaria,Hombre
0,0,27,6.4434705,EMPRESA PRIVADA -SOCIEDADES / COMPANIAS,0,0,1,0,460.0,29,Secundaria,Hombre
1,1,38,0.0,EMPRESA UNIPERSONAL /  PEQUEÑA INDUSTRIA,0,0,1,0,460.0,1,Secundaria,Mujer
0,1,33,0.0,EMPRESA PRIVADA -SOCIEDADES / COMPANIAS,0,0,0,1,582.0,130,Superior,Mujer
1,1,56,0.08241893,EMPRESA PRIVADA -SOCIEDADES / COMPANIAS,0,0,1,0,468.0,23,Secundaria,Mujer
1,0,21,0.54076135,EMPRESA PRIVADA -SOCIEDADES / COMPANIAS,0,1,0,0,468.0,0,Primaria,Hombre
0,1,51,0.0,COOPERA  NO CONTROLADAS POR LA SUPERINTENDENCIA  DE BANCOS,0,0,0,1,3512.0,234,Superior,Mujer
1,0,20,5.5351553,EMPRESA PRIVADA -SOCIEDADES / COMPANIAS,0,1,0,0,460.0,1,Primaria,Hombre
1,1,52,0.0,EMPLEADOR DOMESTICO,0,1,0,0,460.0,17,Primaria,Mujer
0,0,35,0.0,"FUNCION EJECUTIVA, LEGISL, JUDICIAL Y ORGANISMOS DEL ESTADO",0,0,1,0,1113.0,135,Secundaria,Hombre
0,1,26,0.0,EMPRESA UNIPERSONAL /  PEQUEÑA INDUSTRIA,0,0,1,0,550.0,1,Secundaria,Mujer
0,0,32,26.551691,EMPRESA PRIVADA -SOCIEDADES / COMPANIAS,0,0,0,1,1104.0,53,Superior,Hombre
1,1,27,0.0,"FUNCION EJECUTIVA, LEGISL, JUDICIAL Y ORGANISMOS DEL ESTADO",0,0,0,1,986.0,9,Superior,Mujer
0,0,38,0.0,ORGANISMOS DEL REGIMEN SECCIONAL,0,0,0,1,1412.0,30,Superior,Hombre
0,1,30,1.5075184,EMPRESA PRIVADA -SOCIEDADES / COMPANIAS,0,0,1,0,479.0,46,Secundaria,Mujer
1,1,19,3.0238168,EMPRESA PRIVADA -SOCIEDADES / COMPANIAS,0,0,0,1,471.0,3,Superior,Mujer
1,0,27,0.0,EMPRESA PRIVADA -SOCIEDADES / COMPANIAS,0,0,1,0,460.0,24,Secundaria,Hombre
0,0,50,0.0,EMPRESA UNIPERSONAL /  PEQUEÑA INDUSTRIA,0,1,0,0,471.0,65,Primaria,Hombre
0,1,30,6.031604,EMPRESA PRIVADA -SOCIEDADES / COMPANIAS,0,0,0,1,1000.0,61,Superior,Mujer
1,0,46,1.3962157,EMPRESA PRIVADA -SOCIEDADES / COMPANIAS,0,1,0,0,471.0,3,Primaria,Hombre
0,0,39,1.1684839,EMPRESA PRIVADA -SOCIEDADES / COMPANIAS,0,1,0,0,477.0,89,Primaria,Hombre
1,0,23,-18.924696,EMPRESA PRIVADA -SOCIEDADES / COMPANIAS,0,0,1,0,460.0,48,Secundaria,Hombre
1,1,34,0.0,EMPRESA PRIVADA -SOCIEDADES / COMPANIAS,0,0,0,1,670.0,22,Superior,Mujer
1,0,50,0.0,ORGANISMOS DEL REGIMEN SECCIONAL,0,1,0,0,520.0,137,Primaria,Hombre
1,0,23,3.7191427,EMPRESA PRIVADA -SOCIEDADES / COMPANIAS,0,0,1,0,471.0,14,Secundaria,Hombre
0,1,30,0.0,ENTIDADES PUBLICAS CON AUTONOMIA,0,0,0,1,540.0,9,Superior,Mujer
0,0,46,0.0,"FUNCION EJECUTIVA, LEGISL, JUDICIAL Y ORGANISMOS DEL ESTADO",0,0,0,1,817.0,66,Superior,Hombre
0,1,30,0.0,MICRO EMPRESA (NO ARTESANAL),0,0,0,1,460.0,23,Superior,Mujer
1,1,64,0.0,"FUNCION EJECUTIVA, LEGISL, JUDICIAL Y ORGANISMOS DEL ESTADO",0,0,0,1,2115.0,1,Superior,Mujer
1,0,25,-1.5000954,EMPRESA PRIVADA -SOCIEDADES / COMPANIAS,0,0,1,0,466.0,0,Secundaria,Hombre
1,0,21,0.0,ORGANISMOS DEL REGIMEN SECCIONAL,0,0,1,0,561.0,0,Secundaria,Hombre
1,1,40,0.0301887,EMPRESA PRIVADA -SOCIEDADES / COMPANIAS,0,0,1,0,460.0,32,Secundaria,Mujer
1,1,60,0.0,EMPRESA PRIVADA -SOCIEDADES / COMPANIAS,0,0,1,0,840.0,136,Secundaria,Mujer
0,1,33,0.0,EMPRESA UNIPERSONAL /  PEQUEÑA INDUSTRIA,0,0,0,1,465.0,0,Superior,Mujer
0,1,38,-2.674948,EMPRESA UNIPERSONAL /  PEQUEÑA INDUSTRIA,0,0,1,0,546.0,40,Secundaria,Mujer
1,1,33,0.5522988,EMPRESA PRIVADA -SOCIEDADES / COMPANIAS,0,0,0,1,500.0,2,Superior,Mujer
1,1,23,4.3297443,EMPRESA PRIVADA -SOCIEDADES / COMPANIAS,0,0,1,0,460.0,20,Secundaria,Mujer
1,0,48,13.119392,EMPRESA PRIVADA -SOCIEDADES / COMPANIAS,0,1,0,0,460.0,0,Primaria,Hombre
1,1,35,0.0,EMPRESA PRIVADA -SOCIEDADES / COMPANIAS,0,0,1,0,460.0,1,Secundaria,Mujer
1,1,22,5.7175198,EMPRESA PRIVADA -SOCIEDADES / COMPANIAS,0,0,1,0,468.0,1,Secundaria,Mujer
1,0,54,0.0,ORGANISMOS DEL REGIMEN SECCIONAL,0,1,0,0,625.0,230,Primaria,Hombre
1,0,32,0.0,EMPRESA UNIPERSONAL /  PEQUEÑA INDUSTRIA,0,1,0,0,707.0,1,Primaria,Hombre
1,1,29,0.0,ENTIDADES PUBLICAS CON AUTONOMIA,0,0,1,0,622.0,5,Secundaria,Mujer
1,1,22,-3.7401857,EMPRESA PRIVADA -SOCIEDADES / COMPANIAS,0,0,1,0,485.0,0,Secundaria,Mujer
0,1,46,10.819233,EMPRESA PRIVADA -SOCIEDADES / COMPANIAS,0,0,0,1,1450.0,29,Superior,Mujer
0,1,41,0.0,"FUNCION EJECUTIVA, LEGISL, JUDICIAL Y ORGANISMOS DEL ESTADO",0,0,0,1,986.0,97,Superior,Mujer
0,0,28,0.0,EMPRESA PRIVADA -SOCIEDADES / COMPANIAS,0,0,1,0,460.0,80,Secundaria,Hombre
1,1,25,-4.108718,EMPRESA PRIVADA -SOCIEDADES / COMPANIAS,0,0,1,0,471.0,11,Secundaria,Mujer
1,1,26,0.0,"FUNCION EJECUTIVA, LEGISL, JUDICIAL Y ORGANISMOS DEL ESTADO",0,0,1,0,986.0,9,Secundaria,Mujer
1,0,70,0.35343653,EMPRESA PRIVADA -SOCIEDADES / COMPANIAS,0,1,0,0,465.0,129,Primaria,Hombre
1,1,24,-8.627019,EMPRESA PRIVADA -SOCIEDADES / COMPANIAS,0,0,1,0,460.0,27,Secundaria,Mujer
0,0,47,0.0,"INSTITUCION FINANCIERA PRIVADA, BANCOS Y CIA DE SEGUROS",0,0,0,1,3332.0,28,Superior,Hombre
1,0,27,0.2525577,EMPRESA PRIVADA -SOCIEDADES / COMPANIAS,0,0,1,0,460.0,7,Secundaria,Hombre
1,0,32,11.975137,CONSTRUCCION,0,1,0,0,471.0,0,Primaria,Hombre
1,0,45,0.0,EMPRESA UNIPERSONAL /  PEQUEÑA INDUSTRIA,0,1,0,0,707.0,14,Primaria,Hombre
1,0,29,4.4700713,EMPRESA PRIVADA -SOCIEDADES / COMPANIAS,0,0,1,0,630.0,0,Secundaria,Hombre
1,0,23,0.0,MICRO EMPRESA (NO ARTESANAL),1,0,0,0,700.0,0,Sin Educación,Hombre
0,0,32,7.8724627,EMPRESA PRIVADA -SOCIEDADES / COMPANIAS,0,0,1,0,479.0,0,Secundaria,Hombre
0,1,31,0.0,EMPLEADOR DOMESTICO,0,0,1,0,460.0,39,Secundaria,Mujer
0,1,31,2.8864872,EMPRESA PRIVADA -SOCIEDADES / COMPANIAS,0,0,0,1,476.0,39,Superior,Mujer
0,0,28,9.488422,EMPRESA PRIVADA -SOCIEDADES / COMPANIAS,1,0,0,0,2437.0,62,Sin Educación,Hombre
0,0,42,0.0,ENTIDADES PUBLICAS CON AUTONOMIA,0,0,0,1,1165.0,9,Superior,Hombre
1,0,37,3.5275903,EMPRESA PRIVADA -SOCIEDADES / COMPANIAS,1,0,0,0,460.0,1,Sin Educación,Hombre
0,0,53,28.602795,EMPRESA PRIVADA -SOCIEDADES / COMPANIAS,0,1,0,0,480.0,38,Primaria,Hombre
0,0,31,0.0,"FUNCION EJECUTIVA, LEGISL, JUDICIAL Y ORGANISMOS DEL ESTADO",0,0,1,0,500.0,136,Secundaria,Hombre
0,0,30,7.456753,EMPRESA PRIVADA -SOCIEDADES / COMPANIAS,0,0,1,0,465.0,38,Secundaria,Hombre
0,1,59,0.0,EMPLEADOR DOMESTICO,0,0,1,0,460.0,56,Secundaria,Mujer
0,1,30,7.035242,EMPRESA PRIVADA -SOCIEDADES / COMPANIAS,0,0,1,0,471.0,31,Secundaria,Mujer
1,0,39,0.0,EMPLEADOR DOMESTICO,0,1,0,0,460.0,13,Primaria,Hombre
0,0,28,-0.08745633,EMPRESA PRIVADA -SOCIEDADES / COMPANIAS,0,0,1,0,460.0,34,Secundaria,Hombre
0,1,29,0.0,"FUNCION EJECUTIVA, LEGISL, JUDICIAL Y ORGANISMOS DEL ESTADO",0,0,0,1,817.0,0,Superior,Mujer
0,0,45,6.302921,EMPRESA PRIVADA -SOCIEDADES / COMPANIAS,0,0,1,0,465.0,2,Secundaria,Hombre
0,0,40,0.28832525,EMPRESA PRIVADA -SOCIEDADES / COMPANIAS,0,1,0,0,460.0,76,Primaria,Hombre
1,0,26,0.0,EMPRESA PRIVADA -SOCIEDADES / COMPANIAS,0,0,1,0,800.0,8,Secundaria,Hombre
1,1,22,-1.3809508,EMPRESA PRIVADA -SOCIEDADES / COMPANIAS,0,0,1,0,460.0,1,Secundaria,Mujer
1,0,30,0.53157765,EMPRESA PRIVADA -SOCIEDADES / COMPANIAS,0,0,1,0,465.0,34,Secundaria,Hombre
1,0,30,0.0,EMPRESA UNIPERSONAL /  PEQUEÑA INDUSTRIA,0,0,1,0,560.0,10,Secundaria,Hombre
1,1,48,0.0,EMPRESA PRIVADA -SOCIEDADES / COMPANIAS,0,0,1,0,460.0,1,Secundaria,Mujer
1,1,46,3.7878015,EMPRESA PRIVADA -SOCIEDADES / COMPANIAS,0,0,1,0,471.0,209,Secundaria,Mujer
1,0,52,0.06272096,EMPRESA PRIVADA -SOCIEDADES / COMPANIAS,0,1,0,0,478.0,3,Primaria,Hombre
0,0,47,0.0,ORGANISMOS DEL REGIMEN SECCIONAL,0,1,0,0,578.0,193,Primaria,Hombre
1,0,32,2.9485147,EMPRESA PRIVADA -SOCIEDADES / COMPANIAS,0,0,1,0,465.0,6,Secundaria,Hombre
1,1,35,0.0,ORGANISMOS DEL REGIMEN SECCIONAL,1,0,0,0,520.0,5,Sin Educación,Mujer
0,0,33,-10.601096,EMPRESA PRIVADA -SOCIEDADES / COMPANIAS,0,0,1,0,600.0,32,Secundaria,Hombre
0,0,42,12.954389,EMPRESA PRIVADA -SOCIEDADES / COMPANIAS,0,0,1,0,460.0,36,Secundaria,Hombre
1,1,41,0.0,EMPRESA UNIPERSONAL /  PEQUEÑA INDUSTRIA,0,0,1,0,460.0,10,Secundaria,Mujer
0,0,44,0.0,EMPRESA UNIPERSONAL /  PEQUEÑA INDUSTRIA,0,1,0,0,466.0,13,Primaria,Hombre
0,1,31,0.0,EMPLEADOR DOMESTICO,0,0,1,0,460.0,81,Secundaria,Mujer
0,1,41,28.602795,EMPRESA PRIVADA -SOCIEDADES / COMPANIAS,0,0,0,1,480.0,41,Superior,Mujer
1,0,40,12.415036,EMPRESA PRIVADA -SOCIEDADES / COMPANIAS,0,0,1,0,461.0,5,Secundaria,Hombre
0,0,41,1.6629307,EMPRESA PRIVADA -SOCIEDADES / COMPANIAS,0,0,1,0,493.0,21,Secundaria,Hombre
0,0,48,0.0,"FUNCION EJECUTIVA, LEGISL, JUDICIAL Y ORGANISMOS DEL ESTADO",0,0,0,1,817.0,61,Superior,Hombre
1,0,39,0.07433986,CONSTRUCCION,0,0,1,0,465.0,2,Secundaria,Hombre
0,0,28,4.9214206,EMPRESA PRIVADA -SOCIEDADES / COMPANIAS,0,0,1,0,486.0,5,Secundaria,Hombre
0,0,33,0.09814339,EMPRESA PRIVADA -SOCIEDADES / COMPANIAS,0,0,0,1,1000.0,67,Superior,Hombre
1,1,28,0.0,EMPRESA UNIPERSONAL /  PEQUEÑA INDUSTRIA,0,0,1,0,465.0,14,Secundaria,Mujer
0,0,62,0.0,EMPRESA UNIPERSONAL /  PEQUEÑA INDUSTRIA,0,1,0,0,460.0,167,Primaria,Hombre
1,0,20,-0.6603853,EMPRESA PRIVADA -SOCIEDADES / COMPANIAS,0,0,1,0,466.0,9,Secundaria,Hombre
0,0,42,15.077365,EMPRESA PRIVADA -SOCIEDADES / COMPANIAS,0,0,0,1,1610.0,147,Superior,Hombre
0,0,31,0.0,ENTIDADES PUBLICAS CON AUTONOMIA,0,0,1,0,760.0,98,Secundaria,Hombre
0,0,41,0.0,ENTIDADES PÚBLICAS DE EDUCACIÓN SUPERIOR,0,0,0,1,817.0,0,Superior,Hombre
0,1,57,0.0,"FUNCION EJECUTIVA, LEGISL, JUDICIAL Y ORGANISMOS DEL ESTADO",0,0,1,0,622.0,237,Secundaria,Mujer
0,0,39,4.2246723,EMPRESA PRIVADA -SOCIEDADES / COMPANIAS,0,0,1,0,460.0,27,Secundaria,Hombre
0,1,43,0.0,"FUNCION EJECUTIVA, LEGISL, JUDICIAL Y ORGANISMOS DEL ESTADO",0,0,0,1,986.0,26,Superior,Mujer
0,1,32,0.0,EMPRESA PRIVADA -SOCIEDADES / COMPANIAS,0,1,0,0,465.0,2,Primaria,Mujer
0,0,22,3.4740827,EMPRESA PRIVADA -SOCIEDADES / COMPANIAS,0,0,0,1,500.0,20,Superior,Hombre
0,1,28,-0.52835363,EMPRESA PRIVADA -SOCIEDADES / COMPANIAS,1,0,0,0,461.0,1,Sin Educación,Mujer
1,0,39,2.7431903,EMPRESA PRIVADA -SOCIEDADES / COMPANIAS,0,0,1,0,474.0,108,Secundaria,Hombre
1,0,25,12.281746,EMPRESA PRIVADA -SOCIEDADES / COMPANIAS,0,0,1,0,487.0,4,Secundaria,Hombre
0,0,64,0.0,EMPLEADOR DOMESTICO,0,0,1,0,460.0,35,Secundaria,Hombre
0,0,20,5.7117295,EMPRESA PRIVADA -SOCIEDADES / COMPANIAS,1,0,0,0,460.0,17,Sin Educación,Hombre
0,1,38,0.067912206,EMPRESA PRIVADA -SOCIEDADES / COMPANIAS,0,0,0,1,4160.0,42,Superior,Mujer
1,1,28,5.4873505,EMPRESA PRIVADA -SOCIEDADES / COMPANIAS,0,1,0,0,468.0,16,Primaria,Mujer
0,0,36,0.0,ENTIDADES PUBLICAS CON AUTONOMIA,0,0,1,0,611.0,24,Secundaria,Hombre
0,1,30,0.0,"FUNCION EJECUTIVA, LEGISL, JUDICIAL Y ORGANISMOS DEL ESTADO",0,0,0,1,1212.0,14,Superior,Mujer
0,0,40,0.0,ORGANISMOS DEL REGIMEN SECCIONAL,0,0,0,1,1461.0,185,Superior,Hombre
1,0,34,0.0,EMPRESA PRIVADA -SOCIEDADES / COMPANIAS,0,0,0,1,468.0,122,Superior,Hombre
1,1,42,0.0,"FUNCION EJECUTIVA, LEGISL, JUDICIAL Y ORGANISMOS DEL ESTADO",0,0,0,1,1212.0,0,Superior,Mujer
0,0,30,3.0626278,EMPRESA PRIVADA -SOCIEDADES / COMPANIAS,0,0,1,0,600.0,43,Secundaria,Hombre
1,0,52,0.0,EMPRESA PRIVADA -SOCIEDADES / COMPANIAS,0,1,0,0,460.0,1,Primaria,Hombre
1,1,33,0.0,EMPRESA PRIVADA -SOCIEDADES / COMPANIAS,0,0,0,1,550.0,83,Superior,Mujer
1,0,59,0.0,EMPRESA PRIVADA -SOCIEDADES / COMPANIAS,0,1,0,0,500.0,20,Primaria,Hombre
1,0,21,7.397831,EMPRESA PRIVADA -SOCIEDADES / COMPANIAS,0,0,0,1,472.0,29,Superior,Hombre
0,0,30,-18.924696,EMPRESA PRIVADA -SOCIEDADES / COMPANIAS,0,0,0,1,550.0,40,Superior,Hombre
0,0,34,0.0,"FUNCION EJECUTIVA, LEGISL, JUDICIAL Y ORGANISMOS DEL ESTADO",0,0,0,1,986.0,120,Superior,Hombre
1,1,27,4.3297443,EMPRESA PRIVADA -SOCIEDADES / COMPANIAS,0,0,1,0,460.0,8,Secundaria,Mujer
0,0,27,5.228767,EMPRESA PRIVADA -SOCIEDADES / COMPANIAS,0,1,0,0,461.0,3,Primaria,Hombre
1,1,65,0.0,"FUNCION EJECUTIVA, LEGISL, JUDICIAL Y ORGANISMOS DEL ESTADO",0,0,1,0,561.0,190,Secundaria,Mujer
1,0,38,2.3223157,EMPRESA PRIVADA -SOCIEDADES / COMPANIAS,0,1,0,0,466.0,7,Primaria,Hombre
0,0,27,2.7967284,EMPRESA PRIVADA -SOCIEDADES / COMPANIAS,0,1,0,0,460.0,8,Primaria,Hombre
1,1,43,0.0,CONSTRUCCION,0,0,0,1,480.0,37,Superior,Mujer
1,0,21,13.521308,EMPRESA PRIVADA -SOCIEDADES / COMPANIAS,0,0,1,0,460.0,2,Secundaria,Hombre
1,0,33,-8.710829,EMPRESA PRIVADA -SOCIEDADES / COMPANIAS,0,0,1,0,721.0,105,Secundaria,Hombre
0,1,55,0.0,EMPRESA PRIVADA -SOCIEDADES / COMPANIAS,0,0,1,0,460.0,21,Secundaria,Mujer
0,1,32,0.0,ENTIDADES PUBLICAS CON AUTONOMIA,0,0,0,1,817.0,19,Superior,Mujer
0,0,42,4.519324,EMPRESA PRIVADA -SOCIEDADES / COMPANIAS,0,0,1,0,823.0,122,Secundaria,Hombre
0,1,30,0.0,EMPRESA PRIVADA -SOCIEDADES / COMPANIAS,0,0,0,1,650.0,17,Superior,Mujer
1,0,21,5.5479617,EMPRESA PRIVADA -SOCIEDADES / COMPANIAS,0,0,1,0,470.0,3,Secundaria,Hombre
0,0,64,0.3355793,EMPRESA PRIVADA -SOCIEDADES / COMPANIAS,0,0,1,0,471.0,112,Secundaria,Hombre
0,0,40,0.0,ENTIDADES PUBLICAS CON AUTONOMIA,0,0,0,1,553.0,88,Superior,Hombre
0,0,29,1.2091534,EMPRESA PRIVADA -SOCIEDADES / COMPANIAS,0,0,0,1,600.0,12,Superior,Hombre
1,0,29,1.8596712,EMPRESA PRIVADA -SOCIEDADES / COMPANIAS,0,0,1,0,477.0,123,Secundaria,Hombre
1,0,34,0.0,EMPRESA PRIVADA -SOCIEDADES / COMPANIAS,0,1,0,0,467.0,1,Primaria,Hombre
1,0,24,1.3898982,EMPRESA PRIVADA -SOCIEDADES / COMPANIAS,0,1,0,0,468.0,9,Primaria,Hombre
0,1,30,0.035517298,EMPRESA PRIVADA -SOCIEDADES / COMPANIAS,0,0,1,0,932.0,137,Secundaria,Mujer
0,0,27,0.2292912,EMPRESA PRIVADA -SOCIEDADES / COMPANIAS,0,0,0,1,2500.0,59,Superior,Hombre
0,1,39,0.0,ENTIDADES PÚBLICAS DE EDUCACIÓN SUPERIOR,0,0,0,1,1300.0,0,Superior,Mujer
0,0,23,0.54047865,EMPRESA PRIVADA -SOCIEDADES / COMPANIAS,0,0,1,0,470.0,13,Secundaria,Hombre
0,1,35,0.0,EMPRESA UNIPERSONAL /  PEQUEÑA INDUSTRIA,0,0,1,0,600.0,24,Secundaria,Mujer
1,1,56,0.0,EMPLEADOR DOMESTICO,0,0,1,0,460.0,5,Secundaria,Mujer
0,1,48,0.0,ENTIDADES PÚBLICAS DE EDUCACIÓN SUPERIOR,0,0,0,1,1412.0,149,Superior,Mujer
0,0,38,-7.34126,EMPRESA UNIPERSONAL /  PEQUEÑA INDUSTRIA,0,0,1,0,468.0,32,Secundaria,Hombre
1,0,33,0.0,EMPRESA UNIPERSONAL /  PEQUEÑA INDUSTRIA,0,0,0,1,600.0,83,Superior,Hombre
0,0,64,0.08148737,EMPRESA PRIVADA -SOCIEDADES / COMPANIAS,0,1,0,0,460.0,191,Primaria,Hombre
0,1,60,0.0,EMPLEADOR DOMESTICO,0,0,1,0,460.0,155,Secundaria,Mujer
1,0,38,28.409428,EMPRESA PRIVADA -SOCIEDADES / COMPANIAS,0,0,0,1,684.0,5,Superior,Hombre
1,0,40,0.0,EMPRESA PRIVADA -SOCIEDADES / COMPANIAS,0,0,1,0,466.0,1,Secundaria,Hombre
1,0,50,0.0,EMPRESA UNIPERSONAL /  PEQUEÑA INDUSTRIA,0,0,0,1,766.0,2,Superior,Hombre
0,1,44,0.0,"FUNCION EJECUTIVA, LEGISL, JUDICIAL Y ORGANISMOS DEL ESTADO",0,0,0,1,817.0,48,Superior,Mujer
1,0,34,-3.3758404,EMPRESA PRIVADA -SOCIEDADES / COMPANIAS,0,0,1,0,461.0,0,Secundaria,Hombre
1,0,23,0.7284441,EMPRESA PRIVADA -SOCIEDADES / COMPANIAS,0,0,1,0,465.0,3,Secundaria,Hombre
1,0,37,-8.020703,EMPRESA PRIVADA -SOCIEDADES / COMPANIAS,0,0,1,0,461.0,24,Secundaria,Hombre
0,0,49,0.0,ORGANISMOS DEL REGIMEN SECCIONAL,0,1,0,0,864.0,239,Primaria,Hombre
0,0,33,0.0,"FUNCION EJECUTIVA, LEGISL, JUDICIAL Y ORGANISMOS DEL ESTADO",0,0,0,1,817.0,52,Superior,Hombre
0,0,43,0.0,ENTIDADES PUBLICAS CON AUTONOMIA,0,0,0,1,1518.0,116,Superior,Hombre
1,1,39,0.0,EMPRESA UNIPERSONAL /  PEQUEÑA INDUSTRIA,0,0,1,0,460.0,0,Secundaria,Mujer
0,0,60,0.7840341,EMPRESA PRIVADA -SOCIEDADES / COMPANIAS,0,1,0,0,460.0,44,Primaria,Hombre
1,0,50,-3.1928477,EMPRESA PRIVADA -SOCIEDADES / COMPANIAS,0,0,1,0,471.0,39,Secundaria,Hombre
0,1,45,0.0,"FUNCION EJECUTIVA, LEGISL, JUDICIAL Y ORGANISMOS DEL ESTADO",0,0,0,1,817.0,115,Superior,Mujer
1,0,56,2.996037,EMPRESA PRIVADA -SOCIEDADES / COMPANIAS,0,0,1,0,800.0,0,Secundaria,Hombre
0,1,27,0.0,EMPRESA PRIVADA -SOCIEDADES / COMPANIAS,0,0,0,1,900.0,30,Superior,Mujer
1,1,29,0.0,EMPRESA PRIVADA -SOCIEDADES / COMPANIAS,0,0,0,1,471.0,64,Superior,Mujer
0,0,64,0.0,"FUNCION EJECUTIVA, LEGISL, JUDICIAL Y ORGANISMOS DEL ESTADO",0,0,1,0,561.0,119,Secundaria,Hombre
0,1,51,0.0,"FUNCION EJECUTIVA, LEGISL, JUDICIAL Y ORGANISMOS DEL ESTADO",0,0,1,0,805.0,247,Secundaria,Mujer
0,0,52,0.0,ORGANISMOS DEL REGIMEN SECCIONAL,0,1,0,0,578.0,29,Primaria,Hombre
1,0,61,0.42918894,EMPRESA PRIVADA -SOCIEDADES / COMPANIAS,0,0,0,1,1000.0,240,Superior,Hombre
1,1,24,0.0,EMPRESA UNIPERSONAL /  PEQUEÑA INDUSTRIA,0,0,1,0,460.0,0,Secundaria,Mujer
1,0,27,4.104191,EMPRESA PRIVADA -SOCIEDADES / COMPANIAS,0,0,1,0,471.0,1,Secundaria,Hombre
1,1,26,0.0,"FUNCION EJECUTIVA, LEGISL, JUDICIAL Y ORGANISMOS DEL ESTADO",0,1,0,0,591.0,9,Primaria,Mujer
1,1,30,0.0,ORGANISMOS DEL REGIMEN SECCIONAL,0,1,0,0,500.0,0,Primaria,Mujer
0,1,57,0.0,CONSTRUCCION,0,0,0,1,800.0,140,Superior,Mujer
1,1,62,0.0,"FUNCION EJECUTIVA, LEGISL, JUDICIAL Y ORGANISMOS DEL ESTADO",0,0,0,1,986.0,123,Superior,Mujer
1,1,33,0.0,ORGANISMOS DEL REGIMEN SECCIONAL,0,0,0,1,2115.0,6,Superior,Mujer
0,1,59,0.0,EMPLEADOR DOMESTICO,0,0,1,0,460.0,121,Secundaria,Mujer
1,1,44,0.0,EMPRESA PRIVADA -SOCIEDADES / COMPANIAS,0,1,0,0,460.0,63,Primaria,Mujer
1,0,49,0.0,EMPRESA PRIVADA -SOCIEDADES / COMPANIAS,0,0,1,0,707.0,30,Secundaria,Hombre
0,1,35,9.279453,EMPRESA PRIVADA -SOCIEDADES / COMPANIAS,0,0,1,0,525.0,11,Secundaria,Mujer
0,0,57,0.0,EMPRESA UNIPERSONAL /  PEQUEÑA INDUSTRIA,0,1,0,0,460.0,53,Primaria,Hombre
0,1,30,4.104191,EMPRESA PRIVADA -SOCIEDADES / COMPANIAS,0,0,0,1,471.0,30,Superior,Mujer
1,0,32,0.0,CONSTRUCCION,0,0,1,0,471.0,3,Secundaria,Hombre
1,1,30,0.0,"FUNCION EJECUTIVA, LEGISL, JUDICIAL Y ORGANISMOS DEL ESTADO",0,0,0,1,817.0,16,Superior,Mujer
1,1,60,0.0,ENTIDADES PUBLICAS CON AUTONOMIA,0,0,0,1,1212.0,39,Superior,Mujer
0,0,38,0.38190693,EMPRESA PRIVADA -SOCIEDADES / COMPANIAS,0,0,1,0,468.0,141,Secundaria,Hombre
0,1,59,0.0,"FUNCION EJECUTIVA, LEGISL, JUDICIAL Y ORGANISMOS DEL ESTADO",0,0,0,1,986.0,60,Superior,Mujer
1,0,36,0.0,EMPRESA PRIVADA -SOCIEDADES / COMPANIAS,0,0,1,0,460.0,4,Secundaria,Hombre
0,1,37,0.0,"FUNCION EJECUTIVA, LEGISL, JUDICIAL Y ORGANISMOS DEL ESTADO",0,0,1,0,574.0,46,Secundaria,Mujer
1,0,33,25.576027,EMPRESA PRIVADA -SOCIEDADES / COMPANIAS,0,0,0,1,1000.0,23,Superior,Hombre
0,0,32,3.4279366,EMPRESA PRIVADA -SOCIEDADES / COMPANIAS,0,0,1,0,543.0,27,Secundaria,Hombre
1,1,35,0.0,ENTIDADES PUBLICAS CON AUTONOMIA,0,0,0,1,913.0,13,Superior,Mujer
1,1,37,0.0,"FUNCION EJECUTIVA, LEGISL, JUDICIAL Y ORGANISMOS DEL ESTADO",0,0,0,1,1212.0,16,Superior,Mujer
0,0,42,0.0,EMPRESA PRIVADA -SOCIEDADES / COMPANIAS,0,1,0,0,460.0,91,Primaria,Hombre
1,0,49,0.0,ENTIDADES PUBLICAS CON AUTONOMIA,0,0,0,1,1676.0,21,Superior,Hombre
0,1,50,0.0,"FUNCION EJECUTIVA, LEGISL, JUDICIAL Y ORGANISMOS DEL ESTADO",0,0,0,1,1412.0,34,Superior,Mujer
0,1,35,0.0,EMPRESA PRIVADA -SOCIEDADES / COMPANIAS,0,0,1,0,800.0,19,Secundaria,Mujer
0,0,41,0.0,ORGANISMOS DEL REGIMEN SECCIONAL,0,0,1,0,651.0,46,Secundaria,Hombre
0,0,28,0.25699747,EMPRESA PRIVADA -SOCIEDADES / COMPANIAS,0,1,0,0,461.0,65,Primaria,Hombre
0,1,49,0.0,"FUNCION EJECUTIVA, LEGISL, JUDICIAL Y ORGANISMOS DEL ESTADO",0,0,0,1,986.0,115,Superior,Mujer
0,0,36,8.685562,EMPRESA PRIVADA -SOCIEDADES / COMPANIAS,0,0,1,0,463.0,17,Secundaria,Hombre
0,0,60,-6.211085,EMPRESA PRIVADA -SOCIEDADES / COMPANIAS,1,0,0,0,466.0,43,Sin Educación,Hombre
1,1,23,4.8699203,EMPRESA PRIVADA -SOCIEDADES / COMPANIAS,0,0,1,0,466.0,9,Secundaria,Mujer
1,0,26,3.0626278,EMPRESA PRIVADA -SOCIEDADES / COMPANIAS,0,0,1,0,502.0,60,Secundaria,Hombre
0,1,63,0.0,EMPRESA PRIVADA -SOCIEDADES / COMPANIAS,0,0,0,1,503.0,61,Superior,Mujer
1,0,25,2.4447649,EMPRESA PRIVADA -SOCIEDADES / COMPANIAS,0,0,0,1,700.0,4,Superior,Hombre
1,1,20,3.6023543,EMPRESA PRIVADA -SOCIEDADES / COMPANIAS,0,0,1,0,460.0,0,Secundaria,Mujer
1,0,50,17.810266,EMPRESA PRIVADA -SOCIEDADES / COMPANIAS,0,0,1,0,467.0,136,Secundaria,Hombre
0,1,58,0.0,"FUNCION EJECUTIVA, LEGISL, JUDICIAL Y ORGANISMOS DEL ESTADO",0,0,0,1,1212.0,123,Superior,Mujer
1,0,25,0.0,"FUNCION EJECUTIVA, LEGISL, JUDICIAL Y ORGANISMOS DEL ESTADO",0,0,1,0,986.0,5,Secundaria,Hombre
0,0,28,0.0,EMPRESA UNIPERSONAL /  PEQUEÑA INDUSTRIA,0,0,0,1,474.0,5,Superior,Hombre
1,1,24,0.0,EMPRESA UNIPERSONAL /  PEQUEÑA INDUSTRIA,0,0,1,0,460.0,11,Secundaria,Mujer
1,0,24,0.0,EMPRESA PRIVADA -SOCIEDADES / COMPANIAS,0,0,1,0,474.0,1,Secundaria,Hombre
1,0,44,5.5351553,EMPRESA PRIVADA -SOCIEDADES / COMPANIAS,0,0,1,0,621.0,121,Secundaria,Hombre
0,0,28,0.0,"FUNCION EJECUTIVA, LEGISL, JUDICIAL Y ORGANISMOS DEL ESTADO",0,0,1,0,817.0,13,Secundaria,Hombre
0,0,59,0.0,EMPRESA PRIVADA -SOCIEDADES / COMPANIAS,0,0,1,0,465.0,165,Secundaria,Hombre
1,1,41,0.0,ENTIDADES PÚBLICAS DE EDUCACIÓN SUPERIOR,0,0,0,1,901.0,0,Superior,Mujer
0,0,24,21.37136,EMPRESA PRIVADA -SOCIEDADES / COMPANIAS,0,0,1,0,466.0,53,Secundaria,Hombre
0,0,35,7.5984654,EMPRESA PRIVADA -SOCIEDADES / COMPANIAS,0,1,0,0,460.0,5,Primaria,Hombre
0,1,33,0.0,"FUNCION EJECUTIVA, LEGISL, JUDICIAL Y ORGANISMOS DEL ESTADO",0,0,0,1,1212.0,23,Superior,Mujer
1,1,37,8.714922,EMPRESA PRIVADA -SOCIEDADES / COMPANIAS,0,0,1,0,460.0,10,Secundaria,Mujer
1,1,35,1.5833268,EMPRESA PRIVADA -SOCIEDADES / COMPANIAS,0,0,1,0,468.0,2,Secundaria,Mujer
1,0,24,4.562905,EMPRESA PRIVADA -SOCIEDADES / COMPANIAS,0,0,1,0,468.0,5,Secundaria,Hombre
1,0,25,-4.2037253,EMPRESA PRIVADA -SOCIEDADES / COMPANIAS,0,0,0,1,461.0,2,Superior,Hombre
1,1,38,0.0,COOP AHORRO  CRED. VIVIENDA ETC.CONTR SUPER  DE BANCOS,0,0,0,1,600.0,12,Superior,Mujer
0,0,36,0.0,ORGANISMOS DEL REGIMEN SECCIONAL,0,0,0,1,901.0,98,Superior,Hombre
0,1,27,22.37498,EMPRESA PRIVADA -SOCIEDADES / COMPANIAS,0,0,0,1,700.0,21,Superior,Mujer
0,1,63,0.0,"FUNCION EJECUTIVA, LEGISL, JUDICIAL Y ORGANISMOS DEL ESTADO",0,0,0,1,1212.0,93,Superior,Mujer
0,1,24,0.0,"FUNCION EJECUTIVA, LEGISL, JUDICIAL Y ORGANISMOS DEL ESTADO",0,0,1,0,540.0,1,Secundaria,Mujer
0,1,39,0.0,"FUNCION EJECUTIVA, LEGISL, JUDICIAL Y ORGANISMOS DEL ESTADO",0,0,0,1,1212.0,33,Superior,Mujer
0,1,28,0.9418786,EMPRESA PRIVADA -SOCIEDADES / COMPANIAS,0,0,0,1,550.0,22,Superior,Mujer
1,1,26,11.440756,EMPRESA PRIVADA -SOCIEDADES / COMPANIAS,0,0,0,1,700.0,55,Superior,Mujer
0,0,49,0.0,EMPRESA UNIPERSONAL /  PEQUEÑA INDUSTRIA,0,1,0,0,707.0,206,Primaria,Hombre
1,0,29,8.584148,EMPRESA PRIVADA -SOCIEDADES / COMPANIAS,0,0,1,0,464.0,2,Secundaria,Hombre
0,1,38,5.696773,EMPRESA PRIVADA -SOCIEDADES / COMPANIAS,0,0,0,1,1200.0,4,Superior,Mujer
0,0,22,2.8255281,EMPRESA PRIVADA -SOCIEDADES / COMPANIAS,0,0,1,0,470.0,0,Secundaria,Hombre
0,1,37,0.0,EMPLEADOR DOMESTICO,1,0,0,0,460.0,49,Sin Educación,Mujer
0,1,58,0.0,"FUNCION EJECUTIVA, LEGISL, JUDICIAL Y ORGANISMOS DEL ESTADO",0,0,0,1,1676.0,121,Superior,Mujer
0,1,34,0.0,ENTIDADES PUBLICAS CON AUTONOMIA,0,0,0,1,1412.0,17,Superior,Mujer
1,0,39,1.9850539,EMPRESA PRIVADA -SOCIEDADES / COMPANIAS,0,0,1,0,1153.0,73,Secundaria,Hombre
0,1,37,0.0,"FUNCION EJECUTIVA, LEGISL, JUDICIAL Y ORGANISMOS DEL ESTADO",0,0,0,1,1412.0,47,Superior,Mujer
0,1,32,0.0,"FUNCION EJECUTIVA, LEGISL, JUDICIAL Y ORGANISMOS DEL ESTADO",0,0,0,1,986.0,0,Superior,Mujer
0,0,49,7.456753,EMPRESA PRIVADA -SOCIEDADES / COMPANIAS,0,0,1,0,465.0,64,Secundaria,Hombre
0,1,29,8.636753,EMPRESA PRIVADA -SOCIEDADES / COMPANIAS,0,0,0,1,1100.0,17,Superior,Mujer
1,0,52,13.718223,EMPRESA PRIVADA -SOCIEDADES / COMPANIAS,0,0,1,0,460.0,43,Secundaria,Hombre
0,1,44,0.0,"FUNCION EJECUTIVA, LEGISL, JUDICIAL Y ORGANISMOS DEL ESTADO",0,0,0,1,986.0,97,Superior,Mujer
0,0,49,-0.17898537,EMPRESA PRIVADA -SOCIEDADES / COMPANIAS,0,0,1,0,2400.0,232,Secundaria,Hombre
0,0,60,4.208294,EMPRESA PRIVADA -SOCIEDADES / COMPANIAS,0,1,0,0,465.0,1,Primaria,Hombre
0,0,31,0.0,EMPLEADOR DOMESTICO,0,0,1,0,460.0,41,Secundaria,Hombre
0,1,45,7.919181,EMPRESA PRIVADA -SOCIEDADES / COMPANIAS,0,0,0,1,5175.0,55,Superior,Mujer
1,0,28,2.6927598,EMPRESA PRIVADA -SOCIEDADES / COMPANIAS,0,0,0,1,471.0,1,Superior,Hombre
1,0,25,0.0,"FUNCION EJECUTIVA, LEGISL, JUDICIAL Y ORGANISMOS DEL ESTADO",0,0,0,1,986.0,5,Superior,Hombre
0,1,37,0.0,EMPRESA PRIVADA -SOCIEDADES / COMPANIAS,0,0,0,1,600.0,115,Superior,Mujer
1,0,45,0.0,ENTIDADES PUBLICAS CON AUTONOMIA,0,0,0,1,1676.0,0,Superior,Hombre
1,1,30,0.0,ORGANISMOS DEL REGIMEN SECCIONAL,0,0,0,1,986.0,2,Superior,Mujer
1,1,20,16.47726,EMPRESA PRIVADA -SOCIEDADES / COMPANIAS,0,0,0,1,460.0,6,Superior,Mujer
0,0,38,-0.17692822,EMPRESA PRIVADA -SOCIEDADES / COMPANIAS,0,0,1,0,684.0,9,Secundaria,Hombre
1,0,32,0.0,EMPRESA UNIPERSONAL /  PEQUEÑA INDUSTRIA,0,1,0,0,460.0,14,Primaria,Hombre
0,0,23,4.984322,EMPRESA PRIVADA -SOCIEDADES / COMPANIAS,0,0,1,0,464.0,18,Secundaria,Hombre
0,1,50,4.289333,EMPRESA PRIVADA -SOCIEDADES / COMPANIAS,0,1,0,0,468.0,165,Primaria,Mujer
0,0,27,0.08743529,EMPRESA PRIVADA -SOCIEDADES / COMPANIAS,0,0,1,0,460.0,49,Secundaria,Hombre
0,1,39,0.41936228,EMPRESA PRIVADA -SOCIEDADES / COMPANIAS,0,1,0,0,461.0,26,Primaria,Mujer
0,0,45,0.0,"FUNCION EJECUTIVA, LEGISL, JUDICIAL Y ORGANISMOS DEL ESTADO",0,0,0,1,817.0,71,Superior,Hombre
1,0,39,0.0,EMPRESA PRIVADA -SOCIEDADES / COMPANIAS,0,0,1,0,460.0,3,Secundaria,Hombre
0,0,21,3.6340551,EMPRESA PRIVADA -SOCIEDADES / COMPANIAS,0,0,1,0,460.0,12,Secundaria,Hombre
1,1,36,0.0,"FUNCION EJECUTIVA, LEGISL, JUDICIAL Y ORGANISMOS DEL ESTADO",0,0,0,1,817.0,122,Superior,Mujer
0,0,34,5.4873505,EMPRESA PRIVADA -SOCIEDADES / COMPANIAS,0,0,1,0,468.0,11,Secundaria,Hombre
0,0,50,5.880209,EMPRESA PRIVADA -SOCIEDADES / COMPANIAS,0,0,1,0,800.0,38,Secundaria,Hombre
1,0,24,12.3243475,EMPRESA PRIVADA -SOCIEDADES / COMPANIAS,0,0,1,0,833.0,11,Secundaria,Hombre
1,0,23,0.13926215,EMPRESA PRIVADA -SOCIEDADES / COMPANIAS,0,0,1,0,460.0,0,Secundaria,Hombre
0,1,29,28.602795,EMPRESA PRIVADA -SOCIEDADES / COMPANIAS,0,0,0,1,468.0,36,Superior,Mujer
0,0,20,3.7191427,EMPRESA PRIVADA -SOCIEDADES / COMPANIAS,0,0,1,0,460.0,23,Secundaria,Hombre
0,0,37,0.0,"FUNCION EJECUTIVA, LEGISL, JUDICIAL Y ORGANISMOS DEL ESTADO",0,0,0,1,1676.0,20,Superior,Hombre
1,0,26,3.7652354,EMPRESA PRIVADA -SOCIEDADES / COMPANIAS,0,0,1,0,560.0,8,Secundaria,Hombre
0,0,47,1.3908035,EMPRESA PRIVADA -SOCIEDADES / COMPANIAS,0,1,0,0,460.0,75,Primaria,Hombre
0,0,50,3.7738483,EMPRESA PRIVADA -SOCIEDADES / COMPANIAS,0,0,1,0,468.0,128,Secundaria,Hombre
1,0,39,1.6482445,EMPRESA PRIVADA -SOCIEDADES / COMPANIAS,0,0,1,0,505.0,3,Secundaria,Hombre
0,0,34,4.289333,EMPRESA PRIVADA -SOCIEDADES / COMPANIAS,0,0,1,0,468.0,86,Secundaria,Hombre
0,0,25,5.663916,EMPRESA PRIVADA -SOCIEDADES / COMPANIAS,0,0,1,0,465.0,26,Secundaria,Hombre
0,1,39,0.0,"INSTITUCION FINANCIERA PRIVADA, BANCOS Y CIA DE SEGUROS",0,0,0,1,1200.0,86,Superior,Mujer
1,0,21,6.4434705,EMPRESA PRIVADA -SOCIEDADES / COMPANIAS,0,1,0,0,460.0,4,Primaria,Hombre
1,1,29,0.0,ORGANISMOS DEL REGIMEN SECCIONAL,0,0,0,1,1412.0,4,Superior,Mujer
0,1,53,0.0,"FUNCION EJECUTIVA, LEGISL, JUDICIAL Y ORGANISMOS DEL ESTADO",0,0,0,1,2034.0,119,Superior,Mujer
0,0,29,12.281746,EMPRESA PRIVADA -SOCIEDADES / COMPANIAS,0,0,0,1,884.0,29,Superior,Hombre
1,0,34,0.0,EMPRESA UNIPERSONAL /  PEQUEÑA INDUSTRIA,0,0,0,1,460.0,3,Superior,Hombre
0,0,56,0.0,EMPLEADOR DOMESTICO,0,1,0,0,460.0,179,Primaria,Hombre
0,0,47,2.7820504,EMPRESA PRIVADA -SOCIEDADES / COMPANIAS,0,0,1,0,465.0,61,Secundaria,Hombre
1,0,36,2.8260372,EMPRESA PRIVADA -SOCIEDADES / COMPANIAS,0,1,0,0,465.0,16,Primaria,Hombre
1,1,24,0.24672835,EMPRESA PRIVADA -SOCIEDADES / COMPANIAS,0,0,0,1,460.0,1,Superior,Mujer
1,1,35,-3.9607992,EMPRESA PRIVADA -SOCIEDADES / COMPANIAS,0,1,0,0,461.0,92,Primaria,Mujer
1,0,42,5.455719,EMPRESA PRIVADA -SOCIEDADES / COMPANIAS,0,0,1,0,515.0,63,Secundaria,Hombre
1,1,25,5.50723,EMPRESA PRIVADA -SOCIEDADES / COMPANIAS,0,0,0,1,464.0,1,Superior,Mujer
1,0,20,0.0,MICRO EMPRESA (NO ARTESANAL),0,1,0,0,466.0,0,Primaria,Hombre
1,1,19,0.44419467,EMPRESA PRIVADA -SOCIEDADES / COMPANIAS,0,1,0,0,478.0,1,Primaria,Mujer
1,0,27,2.200609,EMPRESA PRIVADA -SOCIEDADES / COMPANIAS,0,0,1,0,462.0,18,Secundaria,Hombre
1,0,49,4.9862576,EMPRESA UNIPERSONAL /  PEQUEÑA INDUSTRIA,0,0,1,0,460.0,47,Secundaria,Hombre
1,1,61,0.0,"FUNCION EJECUTIVA, LEGISL, JUDICIAL Y ORGANISMOS DEL ESTADO",0,0,0,1,986.0,117,Superior,Mujer
0,0,45,0.0,ORGANISMOS DEL REGIMEN SECCIONAL,0,1,0,0,738.0,163,Primaria,Hombre
1,0,56,0.0,"FUNCION EJECUTIVA, LEGISL, JUDICIAL Y ORGANISMOS DEL ESTADO",0,0,1,0,826.0,56,Secundaria,Hombre
0,0,76,0.0,EMPRESA PRIVADA -SOCIEDADES / COMPANIAS,0,0,0,1,1850.0,95,Superior,Hombre
0,0,54,0.0,MICRO EMPRESA (NO ARTESANAL),0,1,0,0,460.0,89,Primaria,Hombre
0,1,41,0.0,EMPRESA PRIVADA -SOCIEDADES / COMPANIAS,0,0,0,1,770.0,116,Superior,Mujer
1,0,22,2.9705455,EMPRESA PRIVADA -SOCIEDADES / COMPANIAS,0,0,1,0,460.0,3,Secundaria,Hombre
0,1,26,0.0,EMPRESA UNIPERSONAL /  PEQUEÑA INDUSTRIA,0,0,0,1,550.0,36,Superior,Mujer
1,0,23,-3.6990526,EMPRESA PRIVADA -SOCIEDADES / COMPANIAS,0,0,1,0,464.0,3,Secundaria,Hombre
0,0,24,5.4873505,EMPRESA PRIVADA -SOCIEDADES / COMPANIAS,0,0,1,0,468.0,42,Secundaria,Hombre
1,0,27,7.547908,EMPRESA PRIVADA -SOCIEDADES / COMPANIAS,0,0,0,1,460.0,27,Superior,Hombre
0,1,31,0.0,EMPLEADOR DOMESTICO,0,1,0,0,461.0,69,Primaria,Mujer
0,0,51,0.18135777,EMPRESA PRIVADA -SOCIEDADES / COMPANIAS,0,0,1,0,929.0,257,Secundaria,Hombre
1,1,26,0.90305537,EMPRESA PRIVADA -SOCIEDADES / COMPANIAS,0,0,1,0,460.0,6,Secundaria,Mujer
1,0,23,6.1896043,EMPRESA PRIVADA -SOCIEDADES / COMPANIAS,0,0,1,0,460.0,2,Secundaria,Hombre
0,0,32,0.064840965,EMPRESA PRIVADA -SOCIEDADES / COMPANIAS,0,1,0,0,460.0,15,Primaria,Hombre
1,0,24,16.506748,EMPRESA PRIVADA -SOCIEDADES / COMPANIAS,0,0,1,0,653.0,20,Secundaria,Hombre
1,0,47,-0.48466527,EMPRESA PRIVADA -SOCIEDADES / COMPANIAS,0,1,0,0,707.0,0,Primaria,Hombre
1,0,24,7.156834,EMPRESA PRIVADA -SOCIEDADES / COMPANIAS,0,0,1,0,460.0,22,Secundaria,Hombre
1,1,36,0.0,ORGANISMOS DEL REGIMEN SECCIONAL,0,0,0,1,986.0,5,Superior,Mujer
1,0,44,0.0,CONSTRUCCION,0,0,1,0,478.0,2,Secundaria,Hombre
1,0,21,0.0,EMPRESA PRIVADA -SOCIEDADES / COMPANIAS,0,0,1,0,460.0,1,Secundaria,Hombre
1,0,28,12.281746,EMPRESA PRIVADA -SOCIEDADES / COMPANIAS,0,0,0,1,487.0,5,Superior,Hombre
1,0,19,-0.10350054,EMPRESA PRIVADA -SOCIEDADES / COMPANIAS,0,0,1,0,471.0,0,Secundaria,Hombre
0,0,44,0.0,EMPRESA PRIVADA -SOCIEDADES / COMPANIAS,0,0,1,0,550.0,8,Secundaria,Hombre
1,0,41,0.05691595,EMPRESA PRIVADA -SOCIEDADES / COMPANIAS,0,0,1,0,2000.0,4,Secundaria,Hombre
0,0,43,14.678628,EMPRESA PRIVADA -SOCIEDADES / COMPANIAS,0,1,0,0,465.0,43,Primaria,Hombre
0,0,65,0.0,EMPRESA PRIVADA -SOCIEDADES / COMPANIAS,0,1,0,0,480.0,137,Primaria,Hombre
1,0,30,7.3763638,EMPRESA PRIVADA -SOCIEDADES / COMPANIAS,0,0,0,1,800.0,40,Superior,Hombre
1,1,22,1.5833268,EMPRESA PRIVADA -SOCIEDADES / COMPANIAS,0,0,1,0,468.0,2,Secundaria,Mujer
0,0,56,0.0,EMPRESA PRIVADA -SOCIEDADES / COMPANIAS,0,1,0,0,460.0,140,Primaria,Hombre
1,0,27,15.422355,EMPRESA PRIVADA -SOCIEDADES / COMPANIAS,0,0,1,0,471.0,0,Secundaria,Hombre
1,1,23,0.0,"OTRAS FINANC. PRIVAD, MUTUALISTAS ETC",0,0,1,0,471.0,5,Secundaria,Mujer
1,1,22,7.9048147,EMPRESA PRIVADA -SOCIEDADES / COMPANIAS,0,0,1,0,471.0,22,Secundaria,Mujer
0,0,45,2.2547987,EMPRESA PRIVADA -SOCIEDADES / COMPANIAS,0,0,1,0,610.0,135,Secundaria,Hombre
0,0,38,-1.8583145,EMPRESA PRIVADA -SOCIEDADES / COMPANIAS,0,0,1,0,600.0,55,Secundaria,Hombre
0,1,42,1.0881566,EMPRESA PRIVADA -SOCIEDADES / COMPANIAS,0,0,0,1,506.0,15,Superior,Mujer
1,0,27,4.164076,EMPRESA PRIVADA -SOCIEDADES / COMPANIAS,0,0,1,0,465.0,6,Secundaria,Hombre
0,1,39,0.0,"FUNCION EJECUTIVA, LEGISL, JUDICIAL Y ORGANISMOS DEL ESTADO",0,0,0,1,1086.0,81,Superior,Mujer
1,0,51,0.0,EMPRESA PRIVADA -SOCIEDADES / COMPANIAS,0,1,0,0,460.0,17,Primaria,Hombre
0,0,29,-7.627123,EMPRESA PRIVADA -SOCIEDADES / COMPANIAS,0,0,0,1,700.0,2,Superior,Hombre
0,0,38,0.0,ORGANISMOS DEL REGIMEN SECCIONAL,0,0,1,0,561.0,20,Secundaria,Hombre
0,0,60,9.350828,EMPRESA PRIVADA -SOCIEDADES / COMPANIAS,0,0,1,0,460.0,11,Secundaria,Hombre
1,0,27,-1.3581285,EMPRESA PRIVADA -SOCIEDADES / COMPANIAS,0,0,1,0,550.0,9,Secundaria,Hombre
0,1,33,0.70053864,EMPRESA PRIVADA -SOCIEDADES / COMPANIAS,0,0,0,1,815.0,44,Superior,Mujer
1,1,19,3.7191427,EMPRESA PRIVADA -SOCIEDADES / COMPANIAS,0,0,1,0,471.0,9,Secundaria,Mujer
0,1,24,0.0,"NOTARIAS, (LOS REGITRADORES  SON PÚBLICOS)",0,0,1,0,460.0,21,Secundaria,Mujer
0,0,57,0.9501023,EMPRESA UNIPERSONAL /  PEQUEÑA INDUSTRIA,0,0,1,0,1550.0,81,Secundaria,Hombre
1,0,49,0.0,ORGANISMOS DEL REGIMEN SECCIONAL,0,0,0,1,733.0,107,Superior,Hombre
0,0,53,28.602795,EMPRESA PRIVADA -SOCIEDADES / COMPANIAS,0,0,1,0,503.0,35,Secundaria,Hombre
1,0,27,2.4447649,EMPRESA PRIVADA -SOCIEDADES / COMPANIAS,0,0,0,1,460.0,1,Superior,Hombre
0,0,51,0.0,ORGANISMOS DEL REGIMEN SECCIONAL,0,1,0,0,1086.0,51,Primaria,Hombre
1,1,22,0.0,"INSTITUCION FINANCIERA PRIVADA, BANCOS Y CIA DE SEGUROS",0,1,0,0,460.0,1,Primaria,Mujer
1,0,33,2.2738676,EMPRESA PRIVADA -SOCIEDADES / COMPANIAS,0,0,1,0,520.0,17,Secundaria,Hombre
1,1,23,3.0461628,EMPRESA PRIVADA -SOCIEDADES / COMPANIAS,0,0,0,1,600.0,0,Superior,Mujer
1,1,39,3.6222162,EMPRESA PRIVADA -SOCIEDADES / COMPANIAS,0,0,1,0,544.0,12,Secundaria,Mujer
0,0,33,7.6176457,EMPRESA PRIVADA -SOCIEDADES / COMPANIAS,0,0,1,0,465.0,38,Secundaria,Hombre
0,1,38,0.0,"FUNCION EJECUTIVA, LEGISL, JUDICIAL Y ORGANISMOS DEL ESTADO",0,0,0,1,1086.0,71,Superior,Mujer
1,1,60,0.0,ENTIDADES PÚBLICAS DE EDUCACIÓN SUPERIOR,0,0,1,0,1676.0,252,Secundaria,Mujer
0,0,59,0.0,EMPRESA PRIVADA -SOCIEDADES / COMPANIAS,0,0,0,1,1714.0,99,Superior,Hombre
0,1,25,4.8102903,EMPRESA PRIVADA -SOCIEDADES / COMPANIAS,0,0,1,0,600.0,11,Secundaria,Mujer
0,0,48,1.0245844,EMPRESA PRIVADA -SOCIEDADES / COMPANIAS,0,0,1,0,468.0,243,Secundaria,Hombre
1,0,60,0.0,EMPRESA UNIPERSONAL /  PEQUEÑA INDUSTRIA,0,0,1,0,800.0,10,Secundaria,Hombre
1,0,34,0.5060664,EMPRESA PRIVADA -SOCIEDADES / COMPANIAS,0,0,0,1,1238.0,65,Superior,Hombre
0,1,54,0.0,"FUNCION EJECUTIVA, LEGISL, JUDICIAL Y ORGANISMOS DEL ESTADO",0,0,0,1,1212.0,93,Superior,Mujer
0,0,29,7.5678205,EMPRESA PRIVADA -SOCIEDADES / COMPANIAS,0,0,0,1,600.0,46,Superior,Hombre
0,0,31,0.0,"FUNCION EJECUTIVA, LEGISL, JUDICIAL Y ORGANISMOS DEL ESTADO",0,0,1,0,733.0,1,Secundaria,Hombre
1,1,22,0.0,EMPRESA UNIPERSONAL /  PEQUEÑA INDUSTRIA,0,0,1,0,468.0,28,Secundaria,Mujer
1,0,37,-0.74260414,EMPRESA PRIVADA -SOCIEDADES / COMPANIAS,0,1,0,0,460.0,117,Primaria,Hombre
0,1,30,0.0,ORGANISMOS DEL REGIMEN SECCIONAL,0,0,0,1,901.0,29,Superior,Mujer
0,1,44,0.0,"FUNCION EJECUTIVA, LEGISL, JUDICIAL Y ORGANISMOS DEL ESTADO",0,0,0,1,817.0,169,Superior,Mujer
0,1,52,0.0,EMPLEADOR DOMESTICO,1,0,0,0,460.0,110,Sin Educación,Mujer
0,1,42,1.0861704,EMPRESA PRIVADA -SOCIEDADES / COMPANIAS,0,0,0,1,1200.0,97,Superior,Mujer
1,0,61,6.4944315,EMPRESA PRIVADA -SOCIEDADES / COMPANIAS,0,0,1,0,876.0,197,Secundaria,Hombre
1,0,56,0.0,CONSTRUCCION,0,1,0,0,471.0,5,Primaria,Hombre
1,1,26,0.0,"FUNCION EJECUTIVA, LEGISL, JUDICIAL Y ORGANISMOS DEL ESTADO",0,0,1,0,986.0,5,Secundaria,Mujer
0,0,47,3.0728462,EMPRESA PRIVADA -SOCIEDADES / COMPANIAS,0,0,0,1,2400.0,87,Superior,Hombre
0,0,36,0.0,ORGANISMOS DEL REGIMEN SECCIONAL,0,0,0,1,1300.0,72,Superior,Hombre
1,0,36,3.20061,EMPRESA PRIVADA -SOCIEDADES / COMPANIAS,0,1,0,0,466.0,46,Primaria,Hombre
0,1,46,0.0,"FUNCION EJECUTIVA, LEGISL, JUDICIAL Y ORGANISMOS DEL ESTADO",0,0,0,1,1212.0,67,Superior,Mujer
1,1,25,0.51114994,EMPRESA PRIVADA -SOCIEDADES / COMPANIAS,0,0,1,0,465.0,21,Secundaria,Mujer
0,0,35,8.033403,EMPRESA PRIVADA -SOCIEDADES / COMPANIAS,0,0,1,0,500.0,36,Secundaria,Hombre
0,0,56,5.4873505,EMPRESA PRIVADA -SOCIEDADES / COMPANIAS,0,1,0,0,707.0,137,Primaria,Hombre
0,0,29,17.914007,EMPRESA PRIVADA -SOCIEDADES / COMPANIAS,0,0,0,1,1050.0,2,Superior,Hombre
0,0,46,0.0,"FUNCION EJECUTIVA, LEGISL, JUDICIAL Y ORGANISMOS DEL ESTADO",0,0,0,1,986.0,115,Superior,Hombre
1,1,23,0.0,EMPRESA UNIPERSONAL /  PEQUEÑA INDUSTRIA,0,0,1,0,460.0,9,Secundaria,Mujer
1,0,22,4.507921,EMPRESA PRIVADA -SOCIEDADES / COMPANIAS,1,0,0,0,471.0,1,Sin Educación,Hombre
0,0,58,0.0,EMPRESA PRIVADA -SOCIEDADES / COMPANIAS,0,1,0,0,460.0,137,Primaria,Hombre
1,0,64,0.0,"FUNCION EJECUTIVA, LEGISL, JUDICIAL Y ORGANISMOS DEL ESTADO",0,0,0,1,1212.0,117,Superior,Hombre
0,0,37,-11.498155,EMPRESA PRIVADA -SOCIEDADES / COMPANIAS,0,1,0,0,460.0,17,Primaria,Hombre
1,0,41,0.0,ORGANISMOS DEL REGIMEN SECCIONAL,0,0,0,1,1212.0,12,Superior,Hombre
0,0,35,0.0,"FUNCION EJECUTIVA, LEGISL, JUDICIAL Y ORGANISMOS DEL ESTADO",0,0,0,1,2641.0,9,Superior,Hombre
0,0,35,0.0,EMPRESA PRIVADA -SOCIEDADES / COMPANIAS,0,0,0,1,460.0,69,Superior,Hombre
1,0,33,15.937713,EMPRESA PRIVADA -SOCIEDADES / COMPANIAS,0,0,1,0,683.0,0,Secundaria,Hombre
0,0,38,0.6990655,EMPRESA PRIVADA -SOCIEDADES / COMPANIAS,0,0,0,1,1340.0,12,Superior,Hombre
0,0,46,1.3725402,EMPRESA PRIVADA -SOCIEDADES / COMPANIAS,0,0,0,1,1500.0,197,Superior,Hombre
0,0,30,1.9719675,EMPRESA PRIVADA -SOCIEDADES / COMPANIAS,0,0,0,1,1100.0,3,Superior,Hombre
0,0,43,0.14323597,EMPRESA PRIVADA -SOCIEDADES / COMPANIAS,0,0,1,0,460.0,160,Secundaria,Hombre
1,0,51,4.4014153,EMPRESA PRIVADA -SOCIEDADES / COMPANIAS,0,1,0,0,600.0,47,Primaria,Hombre
1,1,38,0.0,EMPRESA UNIPERSONAL /  PEQUEÑA INDUSTRIA,0,1,0,0,460.0,5,Primaria,Mujer
1,0,25,7.0809526,EMPRESA PRIVADA -SOCIEDADES / COMPANIAS,0,0,1,0,530.0,5,Secundaria,Hombre
0,1,42,0.0,EMPLEADOR DOMESTICO,0,1,0,0,460.0,20,Primaria,Mujer
1,0,20,-1.0436077,EMPRESA PRIVADA -SOCIEDADES / COMPANIAS,0,0,1,0,491.0,0,Secundaria,Hombre
1,1,41,-10.182182,EMPRESA PRIVADA -SOCIEDADES / COMPANIAS,0,0,0,1,461.0,0,Superior,Mujer
1,0,26,0.0,EMPRESA UNIPERSONAL /  PEQUEÑA INDUSTRIA,0,0,1,0,465.0,33,Secundaria,Hombre
1,1,60,0.0,CONSTRUCCION,0,0,1,0,630.0,33,Secundaria,Mujer
0,0,33,0.12690325,EMPRESA PRIVADA -SOCIEDADES / COMPANIAS,0,0,1,0,460.0,36,Secundaria,Hombre
0,0,37,7.0809526,EMPRESA PRIVADA -SOCIEDADES / COMPANIAS,0,0,1,0,460.0,13,Secundaria,Hombre
1,1,28,0.0,EMPRESA PRIVADA -SOCIEDADES / COMPANIAS,0,0,1,0,460.0,8,Secundaria,Mujer
0,0,30,0.0,"FUNCION EJECUTIVA, LEGISL, JUDICIAL Y ORGANISMOS DEL ESTADO",0,0,1,0,500.0,19,Secundaria,Hombre
1,0,21,0.0,EMPRESA UNIPERSONAL /  PEQUEÑA INDUSTRIA,0,0,1,0,465.0,5,Secundaria,Hombre
0,1,50,27.959602,EMPRESA PRIVADA -SOCIEDADES / COMPANIAS,0,0,1,0,460.0,168,Secundaria,Mujer
0,0,43,0.0,ORGANISMOS DEL REGIMEN SECCIONAL,0,1,0,0,653.0,120,Primaria,Hombre
0,1,31,0.0,ENTIDADES PUBLICAS CON AUTONOMIA,0,0,1,0,1760.0,75,Secundaria,Mujer
0,1,32,0.0,"FUNCION EJECUTIVA, LEGISL, JUDICIAL Y ORGANISMOS DEL ESTADO",0,0,0,1,986.0,33,Superior,Mujer
1,0,59,0.0,"FUNCION EJECUTIVA, LEGISL, JUDICIAL Y ORGANISMOS DEL ESTADO",0,0,1,0,817.0,117,Secundaria,Hombre
1,0,27,0.0,CONSTRUCCION,0,0,1,0,471.0,0,Secundaria,Hombre
1,0,19,0.0,EMPRESA PRIVADA -SOCIEDADES / COMPANIAS,0,0,1,0,460.0,3,Secundaria,Hombre
1,0,47,5.4873505,EMPRESA PRIVADA -SOCIEDADES / COMPANIAS,0,0,1,0,604.0,179,Secundaria,Hombre
0,0,24,0.0,EMPRESA PRIVADA -SOCIEDADES / COMPANIAS,0,0,0,1,494.0,12,Superior,Hombre
0,1,34,1.0129057,EMPRESA PRIVADA -SOCIEDADES / COMPANIAS,0,0,1,0,460.0,6,Secundaria,Mujer
0,0,53,0.0,"FUNCION EJECUTIVA, LEGISL, JUDICIAL Y ORGANISMOS DEL ESTADO",0,0,0,1,4759.0,7,Superior,Hombre
1,1,64,0.0,"FUNCION EJECUTIVA, LEGISL, JUDICIAL Y ORGANISMOS DEL ESTADO",0,0,0,1,986.0,119,Superior,Mujer
1,1,25,0.0,"INSTITUCION FINANCIERA PRIVADA, BANCOS Y CIA DE SEGUROS",0,0,1,0,465.0,1,Secundaria,Mujer
1,0,58,0.0,ORGANISMOS DEL REGIMEN SECCIONAL,0,0,0,1,685.0,233,Superior,Hombre
1,0,42,-0.10350054,EMPRESA PRIVADA -SOCIEDADES / COMPANIAS,0,0,1,0,700.0,0,Secundaria,Hombre
0,0,36,0.0,EMPRESA PRIVADA -SOCIEDADES / COMPANIAS,0,1,0,0,613.0,130,Primaria,Hombre
0,1,55,0.0,ENTIDADES PUBLICAS CON AUTONOMIA,0,0,0,1,2011.0,116,Superior,Mujer
1,1,36,0.0,EMPRESA UNIPERSONAL /  PEQUEÑA INDUSTRIA,0,0,1,0,550.0,75,Secundaria,Mujer
0,0,36,0.0,"FUNCION EJECUTIVA, LEGISL, JUDICIAL Y ORGANISMOS DEL ESTADO",0,0,0,1,1676.0,68,Superior,Hombre
0,1,48,0.0,ENTIDADES PÚBLICAS DE EDUCACIÓN SUPERIOR,0,0,0,1,3996.0,111,Superior,Mujer
1,1,57,5.9585342,EMPRESA PRIVADA -SOCIEDADES / COMPANIAS,0,1,0,0,460.0,11,Primaria,Mujer
0,1,38,0.0,"INSTITUCION FINANCIERA PRIVADA, BANCOS Y CIA DE SEGUROS",0,0,1,0,1200.0,131,Secundaria,Mujer
0,0,32,19.246296,EMPRESA PRIVADA -SOCIEDADES / COMPANIAS,0,0,1,0,463.0,12,Secundaria,Hombre
1,0,25,0.0,ORGANISMOS DEL REGIMEN SECCIONAL,0,1,0,0,460.0,1,Primaria,Hombre
1,0,21,-1.3158627,EMPRESA PRIVADA -SOCIEDADES / COMPANIAS,0,0,1,0,466.0,1,Secundaria,Hombre
1,0,51,0.90305537,EMPRESA PRIVADA -SOCIEDADES / COMPANIAS,0,0,0,1,1050.0,248,Superior,Hombre
0,1,32,7.907049,EMPRESA PRIVADA -SOCIEDADES / COMPANIAS,0,0,1,0,461.0,153,Secundaria,Mujer
0,0,39,1.1934649,EMPRESA PRIVADA -SOCIEDADES / COMPANIAS,0,0,1,0,460.0,24,Secundaria,Hombre
0,1,30,0.0,"INSTITUCION FINANCIERA PRIVADA, BANCOS Y CIA DE SEGUROS",0,0,0,1,1128.0,110,Superior,Mujer
0,1,51,0.0,EMPRESA PRIVADA -SOCIEDADES / COMPANIAS,0,1,0,0,465.0,42,Primaria,Mujer
1,0,34,16.400206,EMPRESA PRIVADA -SOCIEDADES / COMPANIAS,0,0,1,0,465.0,0,Secundaria,Hombre
0,1,29,0.41936228,EMPRESA PRIVADA -SOCIEDADES / COMPANIAS,0,0,1,0,461.0,3,Secundaria,Mujer
0,1,37,10.544094,EMPRESA PRIVADA -SOCIEDADES / COMPANIAS,0,0,1,0,484.0,174,Secundaria,Mujer
1,1,32,0.38733461,EMPRESA PRIVADA -SOCIEDADES / COMPANIAS,0,0,0,1,460.0,75,Superior,Mujer
1,0,33,2.484297,EMPRESA PRIVADA -SOCIEDADES / COMPANIAS,0,1,0,0,460.0,26,Primaria,Hombre
0,1,42,0.0,"FUNCION EJECUTIVA, LEGISL, JUDICIAL Y ORGANISMOS DEL ESTADO",0,0,0,1,1212.0,30,Superior,Mujer
0,0,35,11.846011,EMPRESA PRIVADA -SOCIEDADES / COMPANIAS,0,0,0,1,490.0,1,Superior,Hombre
0,1,35,0.92796016,EMPRESA PRIVADA -SOCIEDADES / COMPANIAS,0,0,1,0,798.0,107,Secundaria,Mujer
1,0,55,0.0,"FUNCION EJECUTIVA, LEGISL, JUDICIAL Y ORGANISMOS DEL ESTADO",0,0,1,0,752.0,47,Secundaria,Hombre
0,0,28,5.895993,EMPRESA PRIVADA -SOCIEDADES / COMPANIAS,0,0,0,1,800.0,72,Superior,Hombre
1,1,66,0.0,EMPLEADOR DOMESTICO,0,1,0,0,460.0,72,Primaria,Mujer
1,0,54,10.234871,EMPRESA PRIVADA -SOCIEDADES / COMPANIAS,0,0,1,0,465.0,10,Secundaria,Hombre
0,0,41,2.5124002,EMPRESA PRIVADA -SOCIEDADES / COMPANIAS,0,1,0,0,468.0,7,Primaria,Hombre
0,1,28,0.0,"FUNCION EJECUTIVA, LEGISL, JUDICIAL Y ORGANISMOS DEL ESTADO",0,0,1,0,1212.0,3,Secundaria,Mujer
0,1,56,0.0,EMPRESA PRIVADA -SOCIEDADES / COMPANIAS,0,0,0,1,1070.0,21,Superior,Mujer
1,1,28,0.0,EMPRESA PRIVADA -SOCIEDADES / COMPANIAS,0,0,0,1,906.0,8,Superior,Mujer
0,1,36,1.246414,EMPRESA PRIVADA -SOCIEDADES / COMPANIAS,0,0,1,0,461.0,77,Secundaria,Mujer
1,0,48,28.602795,EMPRESA PRIVADA -SOCIEDADES / COMPANIAS,0,1,0,0,478.0,6,Primaria,Hombre
1,0,20,1.3378813,EMPRESA PRIVADA -SOCIEDADES / COMPANIAS,0,0,1,0,460.0,5,Secundaria,Hombre
0,1,27,19.443762,EMPRESA PRIVADA -SOCIEDADES / COMPANIAS,0,0,1,0,461.0,1,Secundaria,Mujer
0,0,24,5.8139477,EMPRESA PRIVADA -SOCIEDADES / COMPANIAS,0,0,1,0,465.0,2,Secundaria,Hombre
1,0,35,0.0,"FUNCION EJECUTIVA, LEGISL, JUDICIAL Y ORGANISMOS DEL ESTADO",0,0,0,1,1086.0,112,Superior,Hombre
1,1,43,7.9935403,EMPRESA PRIVADA -SOCIEDADES / COMPANIAS,1,0,0,0,460.0,0,Sin Educación,Mujer
0,1,34,0.0,ORGANISMOS DEL REGIMEN SECCIONAL,0,0,0,1,675.0,29,Superior,Mujer
1,1,41,0.0,"FUNCION EJECUTIVA, LEGISL, JUDICIAL Y ORGANISMOS DEL ESTADO",0,0,1,0,1212.0,2,Secundaria,Mujer
1,1,51,3.9573977,EMPRESA PRIVADA -SOCIEDADES / COMPANIAS,0,0,1,0,471.0,23,Secundaria,Mujer
1,0,42,0.0,EMPRESA PRIVADA -SOCIEDADES / COMPANIAS,0,0,1,0,465.0,125,Secundaria,Hombre
1,1,61,0.0,"FUNCION EJECUTIVA, LEGISL, JUDICIAL Y ORGANISMOS DEL ESTADO",0,0,0,1,1676.0,117,Superior,Mujer
1,0,24,1.4700199,EMPRESA PRIVADA -SOCIEDADES / COMPANIAS,0,1,0,0,461.0,1,Primaria,Hombre
1,0,41,2.2366168,EMPRESA PRIVADA -SOCIEDADES / COMPANIAS,0,1,0,0,460.0,0,Primaria,Hombre
1,1,27,0.0,"FUNCION EJECUTIVA, LEGISL, JUDICIAL Y ORGANISMOS DEL ESTADO",0,0,0,1,1394.0,3,Superior,Mujer
0,1,39,-18.698328,EMPRESA PRIVADA -SOCIEDADES / COMPANIAS,0,1,0,0,461.0,1,Primaria,Mujer
1,1,25,2.439304,EMPRESA PRIVADA -SOCIEDADES / COMPANIAS,0,0,1,0,470.0,9,Secundaria,Mujer
1,0,57,11.533856,EMPRESA PRIVADA -SOCIEDADES / COMPANIAS,0,0,1,0,465.0,13,Secundaria,Hombre
1,0,28,0.0,"FUNCION EJECUTIVA, LEGISL, JUDICIAL Y ORGANISMOS DEL ESTADO",0,0,0,1,1086.0,3,Superior,Hombre
1,1,47,3.315583,EMPRESA PRIVADA -SOCIEDADES / COMPANIAS,0,0,1,0,465.0,0,Secundaria,Mujer
1,0,35,0.0,ORGANISMOS DEL REGIMEN SECCIONAL,0,0,0,1,622.0,4,Superior,Hombre
1,0,30,0.13498789,EMPRESA PRIVADA -SOCIEDADES / COMPANIAS,0,0,1,0,460.0,2,Secundaria,Hombre
1,1,21,4.5991883,EMPRESA PRIVADA -SOCIEDADES / COMPANIAS,0,0,1,0,471.0,3,Secundaria,Mujer
0,0,44,0.0,ENTIDADES PÚBLICAS DE EDUCACIÓN SUPERIOR,0,0,1,0,561.0,125,Secundaria,Hombre
1,0,34,0.0,EMPRESA UNIPERSONAL /  PEQUEÑA INDUSTRIA,0,1,0,0,478.0,0,Primaria,Hombre
1,0,30,-3.1524823,EMPRESA PRIVADA -SOCIEDADES / COMPANIAS,0,0,1,0,470.0,0,Secundaria,Hombre
1,0,24,22.681807,EMPRESA PRIVADA -SOCIEDADES / COMPANIAS,0,0,1,0,460.0,13,Secundaria,Hombre
0,1,22,-1.147657,EMPRESA PRIVADA -SOCIEDADES / COMPANIAS,0,0,1,0,460.0,0,Secundaria,Mujer
1,0,36,7.2655473,EMPRESA PRIVADA -SOCIEDADES / COMPANIAS,0,0,0,1,600.0,10,Superior,Hombre
1,0,30,0.0,COOPERA  NO CONTROLADAS POR LA SUPERINTENDENCIA  DE BANCOS,0,0,0,1,619.0,28,Superior,Hombre
0,0,38,0.0,"FUNCION EJECUTIVA, LEGISL, JUDICIAL Y ORGANISMOS DEL ESTADO",0,0,0,1,986.0,123,Superior,Hombre
1,0,57,-1.8032665,CONSTRUCCION,0,1,0,0,478.0,29,Primaria,Hombre
1,1,43,0.0,"FUNCION EJECUTIVA, LEGISL, JUDICIAL Y ORGANISMOS DEL ESTADO",0,0,0,1,817.0,87,Superior,Mujer
1,1,31,0.0,EMPRESA PRIVADA -SOCIEDADES / COMPANIAS,0,0,1,0,460.0,64,Secundaria,Mujer
0,1,52,-2.0899296,EMPRESA PRIVADA -SOCIEDADES / COMPANIAS,0,1,0,0,460.0,6,Primaria,Mujer
0,0,22,19.836605,EMPRESA PRIVADA -SOCIEDADES / COMPANIAS,0,0,1,0,465.0,1,Secundaria,Hombre
1,1,29,15.510148,EMPRESA PRIVADA -SOCIEDADES / COMPANIAS,0,0,0,1,469.0,2,Superior,Mujer
1,0,31,0.0,EMPRESA PRIVADA -SOCIEDADES / COMPANIAS,0,1,0,0,466.0,2,Primaria,Hombre
1,0,32,15.795282,EMPRESA PRIVADA -SOCIEDADES / COMPANIAS,0,0,1,0,460.0,24,Secundaria,Hombre
0,0,34,-4.1655912,EMPRESA PRIVADA -SOCIEDADES / COMPANIAS,0,0,1,0,478.0,25,Secundaria,Hombre
0,0,55,0.72882456,EMPRESA PRIVADA -SOCIEDADES / COMPANIAS,0,1,0,0,707.0,130,Primaria,Hombre
1,0,46,28.602795,EMPRESA PRIVADA -SOCIEDADES / COMPANIAS,0,0,1,0,465.0,5,Secundaria,Hombre
1,0,28,4.752557,EMPRESA PRIVADA -SOCIEDADES / COMPANIAS,0,0,0,1,486.0,20,Superior,Hombre
1,0,30,0.107601985,EMPRESA PRIVADA -SOCIEDADES / COMPANIAS,0,0,1,0,477.0,8,Secundaria,Hombre
1,0,38,2.5431228,EMPRESA PRIVADA -SOCIEDADES / COMPANIAS,0,1,0,0,461.0,0,Primaria,Hombre
1,0,33,0.021809135,EMPRESA PRIVADA -SOCIEDADES / COMPANIAS,0,0,1,0,460.0,7,Secundaria,Hombre
1,0,36,4.989853,EMPRESA PRIVADA -SOCIEDADES / COMPANIAS,0,0,1,0,465.0,73,Secundaria,Hombre
0,0,32,-4.4395323,EMPRESA PRIVADA -SOCIEDADES / COMPANIAS,0,1,0,0,460.0,43,Primaria,Hombre
0,0,26,0.0,EMPRESA PRIVADA -SOCIEDADES / COMPANIAS,0,0,0,1,460.0,3,Superior,Hombre
1,1,27,28.602795,EMPRESA PRIVADA -SOCIEDADES / COMPANIAS,0,0,0,1,484.0,33,Superior,Mujer
1,0,29,0.0,ENTIDADES PUBLICAS CON AUTONOMIA,0,0,0,1,585.0,41,Superior,Hombre
1,0,23,3.7191427,EMPRESA PRIVADA -SOCIEDADES / COMPANIAS,0,0,1,0,471.0,6,Secundaria,Hombre
0,1,48,0.0,"FUNCION EJECUTIVA, LEGISL, JUDICIAL Y ORGANISMOS DEL ESTADO",0,0,0,1,986.0,123,Superior,Mujer
0,1,45,0.0,"FUNCION EJECUTIVA, LEGISL, JUDICIAL Y ORGANISMOS DEL ESTADO",0,0,0,1,986.0,115,Superior,Mujer
0,0,29,0.0,ENTIDADES PÚBLICAS DE EDUCACIÓN SUPERIOR,0,0,1,0,531.0,104,Secundaria,Hombre
0,1,37,0.0,"FUNCION EJECUTIVA, LEGISL, JUDICIAL Y ORGANISMOS DEL ESTADO",0,0,0,1,986.0,29,Superior,Mujer
1,0,38,0.0,EMPRESA UNIPERSONAL /  PEQUEÑA INDUSTRIA,0,0,0,1,600.0,5,Superior,Hombre
0,0,64,0.0,ORGANISMOS DEL REGIMEN SECCIONAL,0,0,1,0,505.0,221,Secundaria,Hombre
1,1,24,2.5653272,EMPRESA PRIVADA -SOCIEDADES / COMPANIAS,0,0,1,0,468.0,4,Secundaria,Mujer
0,0,40,0.0,EMPRESA UNIPERSONAL /  PEQUEÑA INDUSTRIA,0,1,0,0,460.0,112,Primaria,Hombre
1,1,28,0.42995673,EMPRESA PRIVADA -SOCIEDADES / COMPANIAS,0,0,0,1,460.0,26,Superior,Mujer
1,1,26,28.602795,EMPRESA PRIVADA -SOCIEDADES / COMPANIAS,0,0,1,0,471.0,11,Secundaria,Mujer
0,0,23,4.0392303,EMPRESA PRIVADA -SOCIEDADES / COMPANIAS,0,0,1,0,465.0,0,Secundaria,Hombre
0,0,40,2.4668775,EMPRESA PRIVADA -SOCIEDADES / COMPANIAS,0,0,1,0,600.0,30,Secundaria,Hombre
1,1,26,0.0,ORGANISMOS DEL REGIMEN SECCIONAL,0,0,1,0,460.0,4,Secundaria,Mujer
0,0,22,7.1631956,EMPRESA PRIVADA -SOCIEDADES / COMPANIAS,0,0,1,0,470.0,12,Secundaria,Hombre
1,0,50,-18.924696,EMPRESA PRIVADA -SOCIEDADES / COMPANIAS,0,0,1,0,800.0,35,Secundaria,Hombre
1,1,29,0.0,EMPRESA UNIPERSONAL /  PEQUEÑA INDUSTRIA,0,0,1,0,461.0,18,Secundaria,Mujer
1,0,32,-0.029511338,EMPRESA PRIVADA -SOCIEDADES / COMPANIAS,0,0,1,0,600.0,0,Secundaria,Hombre
0,0,50,2.140955,EMPRESA PRIVADA -SOCIEDADES / COMPANIAS,0,0,0,1,6625.0,78,Superior,Hombre
1,0,27,0.0,EMPRESA UNIPERSONAL /  PEQUEÑA INDUSTRIA,0,1,0,0,463.0,7,Primaria,Hombre
0,1,51,-0.11204607,EMPRESA PRIVADA -SOCIEDADES / COMPANIAS,0,0,0,1,1493.0,37,Superior,Mujer
0,0,34,0.0,COOP AHORRO  CRED. VIVIENDA ETC.CONTR SUPER  DE BANCOS,0,0,0,1,800.0,70,Superior,Hombre
0,0,25,0.0,"FUNCION EJECUTIVA, LEGISL, JUDICIAL Y ORGANISMOS DEL ESTADO",0,0,0,1,1212.0,13,Superior,Hombre
0,1,45,-3.9607992,EMPRESA PRIVADA -SOCIEDADES / COMPANIAS,0,1,0,0,461.0,35,Primaria,Mujer
1,0,25,1.6193749,EMPRESA PRIVADA -SOCIEDADES / COMPANIAS,0,1,0,0,460.0,15,Primaria,Hombre
0,0,44,7.456753,EMPRESA PRIVADA -SOCIEDADES / COMPANIAS,0,1,0,0,465.0,3,Primaria,Hombre
0,1,32,10.364066,EMPRESA PRIVADA -SOCIEDADES / COMPANIAS,0,0,1,0,471.0,24,Secundaria,Mujer
1,0,63,1.2088232,EMPRESA PRIVADA -SOCIEDADES / COMPANIAS,0,1,0,0,465.0,192,Primaria,Hombre
0,1,44,0.0,"FUNCION EJECUTIVA, LEGISL, JUDICIAL Y ORGANISMOS DEL ESTADO",0,0,1,0,1086.0,123,Secundaria,Mujer
1,1,37,3.3017256,EMPRESA PRIVADA -SOCIEDADES / COMPANIAS,0,0,0,1,7500.0,4,Superior,Mujer
0,1,32,0.0,"FUNCION EJECUTIVA, LEGISL, JUDICIAL Y ORGANISMOS DEL ESTADO",0,0,1,0,824.0,145,Secundaria,Mujer
1,0,22,2.4380639,EMPRESA PRIVADA -SOCIEDADES / COMPANIAS,0,0,1,0,473.0,0,Secundaria,Hombre
0,0,54,1.053361,EMPRESA PRIVADA -SOCIEDADES / COMPANIAS,0,0,1,0,460.0,144,Secundaria,Hombre
0,0,46,0.0,"FUNCION EJECUTIVA, LEGISL, JUDICIAL Y ORGANISMOS DEL ESTADO",0,0,1,0,602.0,108,Secundaria,Hombre
1,0,54,0.0,ENTIDADES PUBLICAS CON AUTONOMIA,0,0,1,0,639.0,15,Secundaria,Hombre
0,0,44,0.0,ENTIDADES PUBLICAS CON AUTONOMIA,0,0,0,1,2641.0,84,Superior,Hombre
0,0,45,28.602795,EMPRESA PRIVADA -SOCIEDADES / COMPANIAS,0,0,0,1,800.0,148,Superior,Hombre
1,0,23,6.401648,EMPRESA PRIVADA -SOCIEDADES / COMPANIAS,0,0,1,0,501.0,5,Secundaria,Hombre
1,1,33,12.3243475,EMPRESA PRIVADA -SOCIEDADES / COMPANIAS,0,0,0,1,463.0,12,Superior,Mujer
1,0,46,0.0,CONSTRUCCION,0,0,1,0,489.0,0,Secundaria,Hombre
0,0,45,11.179195,EMPRESA PRIVADA -SOCIEDADES / COMPANIAS,0,0,1,0,700.0,77,Secundaria,Hombre
0,0,23,-4.0013514,EMPRESA PRIVADA -SOCIEDADES / COMPANIAS,0,0,1,0,460.0,18,Secundaria,Hombre
1,1,42,0.0,"FUNCION EJECUTIVA, LEGISL, JUDICIAL Y ORGANISMOS DEL ESTADO",0,0,0,1,901.0,5,Superior,Mujer
0,1,48,3.0626278,EMPRESA PRIVADA -SOCIEDADES / COMPANIAS,0,1,0,0,468.0,62,Primaria,Mujer
1,0,35,0.0,ENTIDADES PUBLICAS CON AUTONOMIA,0,0,0,1,1676.0,5,Superior,Hombre
1,0,27,0.0,ORGANISMOS DEL REGIMEN SECCIONAL,0,0,1,0,500.0,25,Secundaria,Hombre
0,1,28,0.0,ORGANISMOS DEL REGIMEN SECCIONAL,0,0,0,1,817.0,0,Superior,Mujer
1,1,39,0.0,CONSTRUCCION,0,1,0,0,460.0,2,Primaria,Mujer
0,1,39,0.0,"FUNCION EJECUTIVA, LEGISL, JUDICIAL Y ORGANISMOS DEL ESTADO",0,0,0,1,817.0,65,Superior,Mujer
0,1,58,0.0,"FUNCION EJECUTIVA, LEGISL, JUDICIAL Y ORGANISMOS DEL ESTADO",0,0,0,1,1412.0,119,Superior,Mujer
0,0,55,0.0,ORGANISMOS DEL REGIMEN SECCIONAL,0,0,1,0,777.0,13,Secundaria,Hombre
1,1,37,0.0,ENTIDADES PÚBLICAS DE EDUCACIÓN SUPERIOR,0,0,0,1,1676.0,98,Superior,Mujer
0,0,32,0.0,"FUNCION EJECUTIVA, LEGISL, JUDICIAL Y ORGANISMOS DEL ESTADO",0,0,0,1,817.0,46,Superior,Hombre
1,0,20,0.7028911,EMPRESA PRIVADA -SOCIEDADES / COMPANIAS,0,1,0,0,468.0,1,Primaria,Hombre
1,1,49,0.085445896,EMPRESA PRIVADA -SOCIEDADES / COMPANIAS,0,0,0,1,700.0,175,Superior,Mujer
0,0,44,13.529827,EMPRESA PRIVADA -SOCIEDADES / COMPANIAS,0,0,1,0,570.0,189,Secundaria,Hombre
0,0,30,0.0,EMPRESA PRIVADA -SOCIEDADES / COMPANIAS,0,1,0,0,460.0,3,Primaria,Hombre
1,0,31,0.0,MIEMBROS DE   SINDICATOS  Y COOP DE TRANSPORTE TERRESTRE,0,1,0,0,475.0,46,Primaria,Hombre
1,0,70,0.0,EMPRESA UNIPERSONAL /  PEQUEÑA INDUSTRIA,1,0,0,0,460.0,50,Sin Educación,Hombre
1,0,29,2.7820504,EMPRESA PRIVADA -SOCIEDADES / COMPANIAS,0,1,0,0,465.0,12,Primaria,Hombre
1,1,39,0.0,EMPRESA UNIPERSONAL /  PEQUEÑA INDUSTRIA,0,0,1,0,462.0,26,Secundaria,Mujer
1,1,22,-3.147458,EMPRESA PRIVADA -SOCIEDADES / COMPANIAS,0,0,0,1,500.0,0,Superior,Mujer
0,0,28,-5.5650034,EMPRESA PRIVADA -SOCIEDADES / COMPANIAS,1,0,0,0,475.0,45,Sin Educación,Hombre
1,1,31,2.2147408,EMPRESA PRIVADA -SOCIEDADES / COMPANIAS,0,0,1,0,471.0,0,Secundaria,Mujer
1,1,27,4.7006063,EMPRESA PRIVADA -SOCIEDADES / COMPANIAS,0,0,1,0,460.0,17,Secundaria,Mujer
0,1,44,0.0,ENTIDADES FINANCIERAS,0,0,0,1,1760.0,73,Superior,Mujer
1,0,37,4.188343,EMPRESA PRIVADA -SOCIEDADES / COMPANIAS,0,1,0,0,461.0,19,Primaria,Hombre
1,1,38,7.8076715,EMPRESA PRIVADA -SOCIEDADES / COMPANIAS,0,0,1,0,465.0,5,Secundaria,Mujer
1,0,33,0.6228503,EMPRESA PRIVADA -SOCIEDADES / COMPANIAS,0,0,1,0,460.0,6,Secundaria,Hombre
1,0,19,2.7257664,EMPRESA PRIVADA -SOCIEDADES / COMPANIAS,0,0,1,0,463.0,6,Secundaria,Hombre
0,1,29,21.37136,EMPRESA PRIVADA -SOCIEDADES / COMPANIAS,0,0,0,1,600.0,15,Superior,Mujer
1,0,70,0.0,MIEMBROS DE   SINDICATOS  Y COOP DE TRANSPORTE TERRESTRE,0,1,0,0,707.0,152,Primaria,Hombre
1,0,38,0.049205903,EMPRESA PRIVADA -SOCIEDADES / COMPANIAS,0,1,0,0,465.0,21,Primaria,Hombre
1,1,39,0.0,EMPRESA PRIVADA -SOCIEDADES / COMPANIAS,0,0,0,1,1000.0,136,Superior,Mujer
1,0,25,0.0,EMPRESA PRIVADA -SOCIEDADES / COMPANIAS,0,0,1,0,505.0,25,Secundaria,Hombre
0,1,33,0.0,"FUNCION EJECUTIVA, LEGISL, JUDICIAL Y ORGANISMOS DEL ESTADO",0,0,0,1,986.0,92,Superior,Mujer
0,1,33,0.0,"FUNCION EJECUTIVA, LEGISL, JUDICIAL Y ORGANISMOS DEL ESTADO",0,0,0,1,1212.0,47,Superior,Mujer
1,0,27,15.222712,EMPRESA PRIVADA -SOCIEDADES / COMPANIAS,0,1,0,0,461.0,17,Primaria,Hombre
1,1,23,22.996094,EMPRESA PRIVADA -SOCIEDADES / COMPANIAS,0,0,1,0,460.0,3,Secundaria,Mujer
1,1,43,0.0,"FUNCION EJECUTIVA, LEGISL, JUDICIAL Y ORGANISMOS DEL ESTADO",0,0,0,1,901.0,117,Superior,Mujer
1,1,34,6.947534,EMPRESA PRIVADA -SOCIEDADES / COMPANIAS,0,1,0,0,461.0,19,Primaria,Mujer
1,0,43,7.462057,EMPRESA PRIVADA -SOCIEDADES / COMPANIAS,0,0,0,1,1335.0,161,Superior,Hombre
0,1,46,0.0,EMPLEADOR DOMESTICO,0,1,0,0,460.0,171,Primaria,Mujer
0,0,60,-5.163127,EMPRESA PRIVADA -SOCIEDADES / COMPANIAS,0,1,0,0,600.0,12,Primaria,Hombre
0,1,53,0.0,"FUNCION EJECUTIVA, LEGISL, JUDICIAL Y ORGANISMOS DEL ESTADO",0,0,0,1,986.0,115,Superior,Mujer
1,1,27,0.0,EMPRESA PRIVADA -SOCIEDADES / COMPANIAS,0,0,1,0,465.0,0,Secundaria,Mujer
0,0,43,0.0,ORGANISMOS DEL REGIMEN SECCIONAL,0,1,0,0,515.0,135,Primaria,Hombre
1,1,48,0.0,"FUNCION EJECUTIVA, LEGISL, JUDICIAL Y ORGANISMOS DEL ESTADO",0,0,0,1,1212.0,12,Superior,Mujer
1,1,30,0.0,ORGANISMOS DEL REGIMEN SECCIONAL,0,0,1,0,733.0,3,Secundaria,Mujer
0,0,43,0.0,"FUNCION EJECUTIVA, LEGISL, JUDICIAL Y ORGANISMOS DEL ESTADO",0,0,0,1,659.0,125,Superior,Hombre
1,0,24,27.098965,EMPRESA PRIVADA -SOCIEDADES / COMPANIAS,0,0,1,0,463.0,1,Secundaria,Hombre
0,0,54,28.602795,EMPRESA PRIVADA -SOCIEDADES / COMPANIAS,0,1,0,0,480.0,77,Primaria,Hombre
1,0,49,0.0,EMPRESA UNIPERSONAL /  PEQUEÑA INDUSTRIA,0,1,0,0,707.0,45,Primaria,Hombre
1,0,36,0.0,ORGANISMOS DEL REGIMEN SECCIONAL,0,0,0,1,733.0,1,Superior,Hombre
0,1,57,0.0,"FUNCION EJECUTIVA, LEGISL, JUDICIAL Y ORGANISMOS DEL ESTADO",0,0,0,1,1412.0,119,Superior,Mujer
1,1,28,0.92796016,EMPRESA PRIVADA -SOCIEDADES / COMPANIAS,0,0,1,0,472.0,1,Secundaria,Mujer
0,0,23,2.4071136,EMPRESA UNIPERSONAL /  PEQUEÑA INDUSTRIA,0,0,1,0,488.0,57,Secundaria,Hombre
0,0,32,0.0,ORGANISMOS DEL REGIMEN SECCIONAL,0,0,0,1,906.0,41,Superior,Hombre
1,0,24,0.0,EMPRESA UNIPERSONAL /  PEQUEÑA INDUSTRIA,0,1,0,0,460.0,2,Primaria,Hombre
0,1,38,0.0,"FUNCION EJECUTIVA, LEGISL, JUDICIAL Y ORGANISMOS DEL ESTADO",0,0,0,1,986.0,45,Superior,Mujer
1,1,30,1.9243131,EMPRESA PRIVADA -SOCIEDADES / COMPANIAS,0,0,0,1,1326.0,9,Superior,Mujer
0,0,48,1.5833268,EMPRESA PRIVADA -SOCIEDADES / COMPANIAS,0,0,1,0,468.0,28,Secundaria,Hombre
1,1,27,-18.924696,EMPRESA PRIVADA -SOCIEDADES / COMPANIAS,0,0,0,1,717.0,38,Superior,Mujer
1,1,49,0.0,ORGANISMOS DEL REGIMEN SECCIONAL,0,0,1,0,460.0,12,Secundaria,Mujer
1,1,30,2.2900224,EMPRESA PRIVADA -SOCIEDADES / COMPANIAS,0,0,1,0,460.0,10,Secundaria,Mujer
1,1,25,-1.3700433,EMPRESA PRIVADA -SOCIEDADES / COMPANIAS,0,0,1,0,460.0,36,Secundaria,Mujer
0,1,42,0.0,"FUNCION EJECUTIVA, LEGISL, JUDICIAL Y ORGANISMOS DEL ESTADO",0,0,0,1,817.0,110,Superior,Mujer
1,0,52,0.0,EMPRESA PRIVADA -SOCIEDADES / COMPANIAS,0,0,1,0,460.0,108,Secundaria,Hombre
0,0,45,7.592887,EMPRESA PRIVADA -SOCIEDADES / COMPANIAS,0,0,1,0,1000.0,79,Secundaria,Hombre
0,0,33,13.565835,EMPRESA PRIVADA -SOCIEDADES / COMPANIAS,0,0,1,0,465.0,100,Secundaria,Hombre
0,0,37,0.0,MICRO EMPRESA (NO ARTESANAL),0,0,1,0,460.0,83,Secundaria,Hombre
1,0,28,2.1096694,EMPRESA PRIVADA -SOCIEDADES / COMPANIAS,0,0,1,0,568.0,17,Secundaria,Hombre
0,1,45,0.0,ENTIDADES PUBLICAS CON AUTONOMIA,0,0,0,1,1295.0,75,Superior,Mujer
0,1,50,0.0,"FUNCION EJECUTIVA, LEGISL, JUDICIAL Y ORGANISMOS DEL ESTADO",0,0,1,0,805.0,49,Secundaria,Mujer
1,0,59,0.0,"FUNCION EJECUTIVA, LEGISL, JUDICIAL Y ORGANISMOS DEL ESTADO",0,0,1,0,733.0,248,Secundaria,Hombre
0,0,47,0.0,ENTIDADES PUBLICAS CON AUTONOMIA,0,0,0,1,2641.0,38,Superior,Hombre
0,0,58,0.0,"FUNCION EJECUTIVA, LEGISL, JUDICIAL Y ORGANISMOS DEL ESTADO",0,0,1,0,663.0,107,Secundaria,Hombre
1,0,39,-6.550762,EMPRESA PRIVADA -SOCIEDADES / COMPANIAS,0,0,0,1,1629.0,60,Superior,Hombre
0,0,25,28.602795,EMPRESA PRIVADA -SOCIEDADES / COMPANIAS,0,1,0,0,461.0,8,Primaria,Hombre
0,0,64,1.6629307,EMPRESA PRIVADA -SOCIEDADES / COMPANIAS,0,0,0,1,7016.0,21,Superior,Hombre
0,1,58,0.0,"FUNCION EJECUTIVA, LEGISL, JUDICIAL Y ORGANISMOS DEL ESTADO",0,0,0,1,986.0,115,Superior,Mujer
0,1,49,0.44419467,EMPRESA PRIVADA -SOCIEDADES / COMPANIAS,0,0,1,0,501.0,131,Secundaria,Mujer
1,0,29,0.0,EMPRESA PRIVADA -SOCIEDADES / COMPANIAS,0,0,0,1,600.0,7,Superior,Hombre
0,0,46,20.816145,EMPRESA PRIVADA -SOCIEDADES / COMPANIAS,0,0,1,0,750.0,177,Secundaria,Hombre
0,0,60,14.394296,EMPRESA PRIVADA -SOCIEDADES / COMPANIAS,0,0,1,0,468.0,181,Secundaria,Hombre
1,1,46,0.30676192,EMPRESA PRIVADA -SOCIEDADES / COMPANIAS,0,0,0,1,600.0,101,Superior,Mujer
0,0,30,-1.528858,EMPRESA PRIVADA -SOCIEDADES / COMPANIAS,0,0,1,0,550.0,42,Secundaria,Hombre
1,0,23,8.75593,EMPRESA PRIVADA -SOCIEDADES / COMPANIAS,0,0,0,1,466.0,27,Superior,Hombre
1,0,39,6.21635,EMPRESA PRIVADA -SOCIEDADES / COMPANIAS,0,1,0,0,460.0,26,Primaria,Hombre
0,0,34,7.2023044,EMPRESA PRIVADA -SOCIEDADES / COMPANIAS,0,1,0,0,465.0,15,Primaria,Hombre
1,0,35,5.8023477,EMPRESA PRIVADA -SOCIEDADES / COMPANIAS,0,0,0,1,534.0,9,Superior,Hombre
0,1,29,13.158345,EMPRESA PRIVADA -SOCIEDADES / COMPANIAS,0,0,1,0,701.0,53,Secundaria,Mujer
0,0,41,-1.046615,EMPRESA PRIVADA -SOCIEDADES / COMPANIAS,0,0,1,0,486.0,130,Secundaria,Hombre
0,1,32,0.0,"FUNCION EJECUTIVA, LEGISL, JUDICIAL Y ORGANISMOS DEL ESTADO",0,0,0,1,986.0,48,Superior,Mujer
1,1,34,3.2205515,EMPRESA PRIVADA -SOCIEDADES / COMPANIAS,0,0,0,1,717.0,41,Superior,Mujer
1,0,36,-18.924696,EMPRESA PRIVADA -SOCIEDADES / COMPANIAS,0,0,1,0,500.0,5,Secundaria,Hombre
0,0,33,6.5967665,EMPRESA PRIVADA -SOCIEDADES / COMPANIAS,0,1,0,0,465.0,17,Primaria,Hombre
0,0,28,0.0,ORGANISMOS DEL REGIMEN SECCIONAL,0,1,0,0,585.0,5,Primaria,Hombre
0,0,50,8.087452,EMPRESA PRIVADA -SOCIEDADES / COMPANIAS,0,0,1,0,465.0,96,Secundaria,Hombre
1,0,36,0.2541859,EMPRESA PRIVADA -SOCIEDADES / COMPANIAS,0,1,0,0,900.0,2,Primaria,Hombre
0,0,30,0.0,EMPRESA UNIPERSONAL /  PEQUEÑA INDUSTRIA,0,0,1,0,460.0,40,Secundaria,Hombre
0,1,26,-18.924696,EMPRESA PRIVADA -SOCIEDADES / COMPANIAS,0,0,0,1,472.0,2,Superior,Mujer
1,0,62,6.2644186,EMPRESA PRIVADA -SOCIEDADES / COMPANIAS,0,1,0,0,500.0,1,Primaria,Hombre
0,1,42,7.680261,EMPRESA PRIVADA -SOCIEDADES / COMPANIAS,0,0,1,0,880.0,4,Secundaria,Mujer
0,0,31,0.0,EMPRESA PRIVADA -SOCIEDADES / COMPANIAS,0,1,0,0,460.0,150,Primaria,Hombre
1,0,65,0.0,ENTIDADES PÚBLICAS DE EDUCACIÓN SUPERIOR,0,0,0,1,1125.0,92,Superior,Hombre
1,0,26,16.170385,EMPRESA PRIVADA -SOCIEDADES / COMPANIAS,0,0,1,0,465.0,11,Secundaria,Hombre
0,1,28,0.0,"FUNCION EJECUTIVA, LEGISL, JUDICIAL Y ORGANISMOS DEL ESTADO",0,0,0,1,1394.0,7,Superior,Mujer
1,0,34,18.976622,EMPRESA PRIVADA -SOCIEDADES / COMPANIAS,0,0,0,1,3600.0,32,Superior,Hombre
0,0,55,0.0,"FUNCION EJECUTIVA, LEGISL, JUDICIAL Y ORGANISMOS DEL ESTADO",0,0,0,1,817.0,48,Superior,Hombre
1,0,23,4.6690636,EMPRESA PRIVADA -SOCIEDADES / COMPANIAS,0,0,1,0,468.0,38,Secundaria,Hombre
0,1,22,3.525499,EMPRESA PRIVADA -SOCIEDADES / COMPANIAS,0,0,1,0,460.0,41,Secundaria,Mujer
1,0,32,0.0,CONSTRUCCION,0,1,0,0,471.0,4,Primaria,Hombre
1,0,56,1.8434258,EMPRESA PRIVADA -SOCIEDADES / COMPANIAS,0,1,0,0,580.0,0,Primaria,Hombre
1,0,31,0.0,"FUNCION EJECUTIVA, LEGISL, JUDICIAL Y ORGANISMOS DEL ESTADO",0,0,0,1,2115.0,2,Superior,Hombre
0,0,41,0.0,"FUNCION EJECUTIVA, LEGISL, JUDICIAL Y ORGANISMOS DEL ESTADO",0,0,0,1,1412.0,121,Superior,Hombre
0,0,53,0.0,"FUNCION EJECUTIVA, LEGISL, JUDICIAL Y ORGANISMOS DEL ESTADO",0,0,1,0,675.0,169,Secundaria,Hombre
0,0,35,0.49289998,EMPRESA PRIVADA -SOCIEDADES / COMPANIAS,0,1,0,0,460.0,20,Primaria,Hombre
1,0,53,28.602795,EMPRESA PRIVADA -SOCIEDADES / COMPANIAS,0,0,0,1,460.0,13,Superior,Hombre
1,1,22,16.47726,EMPRESA PRIVADA -SOCIEDADES / COMPANIAS,0,0,1,0,460.0,20,Secundaria,Mujer
0,1,39,0.0,EMPRESA PRIVADA -SOCIEDADES / COMPANIAS,0,0,1,0,460.0,78,Secundaria,Mujer
1,1,41,0.0,EMPRESA PRIVADA -SOCIEDADES / COMPANIAS,0,0,1,0,460.0,2,Secundaria,Mujer
1,1,30,3.8361626,EMPRESA PRIVADA -SOCIEDADES / COMPANIAS,0,0,0,1,460.0,4,Superior,Mujer
0,1,61,0.0,EMPLEADOR DOMESTICO,0,1,0,0,460.0,137,Primaria,Mujer
0,1,57,0.7678886,EMPRESA PRIVADA -SOCIEDADES / COMPANIAS,0,0,1,0,600.0,193,Secundaria,Mujer
1,1,21,0.0,EMPRESA PRIVADA -SOCIEDADES / COMPANIAS,0,0,1,0,460.0,0,Secundaria,Mujer
1,1,60,0.0,"FUNCION EJECUTIVA, LEGISL, JUDICIAL Y ORGANISMOS DEL ESTADO",0,0,1,0,824.0,232,Secundaria,Mujer
0,0,47,2.3497365,EMPRESA PRIVADA -SOCIEDADES / COMPANIAS,0,0,1,0,1350.0,193,Secundaria,Hombre
0,0,34,0.0,ENTIDADES PÚBLICAS DE EDUCACIÓN SUPERIOR,0,0,0,1,1412.0,80,Superior,Hombre
0,1,57,0.52089864,EMPRESA PRIVADA -SOCIEDADES / COMPANIAS,0,0,1,0,460.0,115,Secundaria,Mujer
0,0,62,0.0,EMPLEADOR DOMESTICO,0,1,0,0,460.0,92,Primaria,Hombre
0,0,49,0.0,EMPRESA PRIVADA -SOCIEDADES / COMPANIAS,0,0,1,0,913.0,239,Secundaria,Hombre
0,0,28,0.0,EMPRESA PRIVADA -SOCIEDADES / COMPANIAS,0,0,1,0,496.0,44,Secundaria,Hombre
1,0,23,17.959774,EMPRESA PRIVADA -SOCIEDADES / COMPANIAS,0,0,1,0,460.0,9,Secundaria,Hombre
0,1,60,0.0,"FUNCION EJECUTIVA, LEGISL, JUDICIAL Y ORGANISMOS DEL ESTADO",0,0,0,1,986.0,10,Superior,Mujer
0,0,31,20.718603,EMPRESA PRIVADA -SOCIEDADES / COMPANIAS,0,0,1,0,590.0,71,Secundaria,Hombre
1,1,19,0.0,"INSTITUCION FINANCIERA PRIVADA, BANCOS Y CIA DE SEGUROS",0,0,1,0,465.0,3,Secundaria,Mujer
1,0,62,0.0,ORGANISMOS DEL REGIMEN SECCIONAL,0,0,1,0,460.0,13,Secundaria,Hombre
1,0,41,2.345846,EMPRESA PRIVADA -SOCIEDADES / COMPANIAS,0,1,0,0,461.0,76,Primaria,Hombre
0,1,39,0.0,ENTIDADES PUBLICAS CON AUTONOMIA,0,0,0,1,1212.0,27,Superior,Mujer
0,1,33,2.568757,EMPRESA PRIVADA -SOCIEDADES / COMPANIAS,0,0,1,0,466.0,20,Secundaria,Mujer
1,0,21,10.501431,EMPRESA PRIVADA -SOCIEDADES / COMPANIAS,0,0,1,0,468.0,25,Secundaria,Hombre
0,0,35,0.0,COOP AHORRO  CRED. VIVIENDA ETC.CONTR SUPER  DE BANCOS,0,0,0,1,1078.0,120,Superior,Hombre
1,0,53,0.0,ENTIDADES PUBLICAS CON AUTONOMIA,0,0,0,1,1100.0,21,Superior,Hombre
1,1,33,0.0,EMPLEADOR DOMESTICO,0,0,1,0,460.0,5,Secundaria,Mujer
0,1,43,0.0,ORGANISMOS DEL REGIMEN SECCIONAL,0,0,1,0,675.0,118,Secundaria,Mujer
1,1,20,-0.24684854,EMPRESA PRIVADA -SOCIEDADES / COMPANIAS,0,0,1,0,460.0,2,Secundaria,Mujer
1,0,29,2.6088908,EMPRESA PRIVADA -SOCIEDADES / COMPANIAS,0,0,1,0,460.0,74,Secundaria,Hombre
0,1,44,3.7659879,EMPRESA PRIVADA -SOCIEDADES / COMPANIAS,0,1,0,0,461.0,7,Primaria,Mujer
0,1,49,0.0,MICRO EMPRESA (NO ARTESANAL),0,0,0,1,460.0,78,Superior,Mujer
0,0,37,7.2023044,EMPRESA PRIVADA -SOCIEDADES / COMPANIAS,0,1,0,0,460.0,9,Primaria,Hombre
0,1,25,0.0,"INSTITUCION FINANCIERA PRIVADA, BANCOS Y CIA DE SEGUROS",0,0,1,0,667.0,57,Secundaria,Mujer
0,0,32,0.0,"FUNCION EJECUTIVA, LEGISL, JUDICIAL Y ORGANISMOS DEL ESTADO",0,0,1,0,1102.0,127,Secundaria,Hombre
1,0,46,10.903988,EMPRESA PRIVADA -SOCIEDADES / COMPANIAS,0,0,1,0,807.0,195,Secundaria,Hombre
0,1,32,0.0,EMPRESA PRIVADA -SOCIEDADES / COMPANIAS,0,0,0,1,700.0,82,Superior,Mujer
1,1,59,28.602795,EMPRESA PRIVADA -SOCIEDADES / COMPANIAS,0,1,0,0,461.0,211,Primaria,Mujer
1,0,65,0.0,EMPRESA PRIVADA -SOCIEDADES / COMPANIAS,0,0,1,0,460.0,30,Secundaria,Hombre
0,1,29,11.0680275,EMPRESA PRIVADA -SOCIEDADES / COMPANIAS,0,0,0,1,1200.0,51,Superior,Mujer
0,1,69,0.0,EMPLEADOR DOMESTICO,0,0,1,0,460.0,11,Secundaria,Mujer
1,1,47,0.0,ORGANISMOS DEL REGIMEN SECCIONAL,0,0,0,1,733.0,29,Superior,Mujer
0,0,28,2.200609,EMPRESA PRIVADA -SOCIEDADES / COMPANIAS,0,0,0,1,462.0,30,Superior,Hombre
1,0,53,21.616114,EMPRESA PRIVADA -SOCIEDADES / COMPANIAS,0,0,1,0,600.0,1,Secundaria,Hombre
1,1,32,0.0,EMPRESA PRIVADA -SOCIEDADES / COMPANIAS,0,0,1,0,460.0,121,Secundaria,Mujer
1,0,19,12.599514,EMPRESA PRIVADA -SOCIEDADES / COMPANIAS,0,0,1,0,461.0,3,Secundaria,Hombre
0,0,24,6.2042303,EMPRESA PRIVADA -SOCIEDADES / COMPANIAS,0,0,1,0,460.0,18,Secundaria,Hombre
1,1,37,0.0,ENTIDADES PUBLICAS CON AUTONOMIA,0,0,0,1,2641.0,72,Superior,Mujer
1,0,30,0.0,EMPRESA PRIVADA -SOCIEDADES / COMPANIAS,0,0,0,1,650.0,24,Superior,Hombre
0,0,34,18.950195,EMPRESA PRIVADA -SOCIEDADES / COMPANIAS,0,0,1,0,460.0,15,Secundaria,Hombre
0,0,30,-0.84596944,EMPRESA PRIVADA -SOCIEDADES / COMPANIAS,0,0,0,1,600.0,3,Superior,Hombre
1,0,53,0.0,EMPRESA PRIVADA -SOCIEDADES / COMPANIAS,0,1,0,0,922.0,26,Primaria,Hombre
1,0,30,0.0,ORGANISMOS DEL REGIMEN SECCIONAL,0,0,0,1,1000.0,2,Superior,Hombre
0,0,29,13.9011965,EMPRESA PRIVADA -SOCIEDADES / COMPANIAS,0,0,1,0,485.0,12,Secundaria,Hombre
0,0,54,-11.878609,EMPRESA PRIVADA -SOCIEDADES / COMPANIAS,0,1,0,0,480.0,239,Primaria,Hombre
1,0,43,0.0,"FUNCION EJECUTIVA, LEGISL, JUDICIAL Y ORGANISMOS DEL ESTADO",0,0,0,1,4164.0,17,Superior,Hombre
1,0,59,0.25422588,EMPRESA PRIVADA -SOCIEDADES / COMPANIAS,0,0,0,1,1250.0,20,Superior,Hombre
0,1,41,4.2668505,EMPRESA PRIVADA -SOCIEDADES / COMPANIAS,0,0,0,1,5450.0,13,Superior,Mujer
0,1,28,0.0,EMPRESA UNIPERSONAL /  PEQUEÑA INDUSTRIA,0,0,1,0,468.0,29,Secundaria,Mujer
0,0,30,0.0,ENTIDADES PUBLICAS CON AUTONOMIA,0,0,1,0,700.0,38,Secundaria,Hombre
1,0,56,0.06798307,EMPRESA PRIVADA -SOCIEDADES / COMPANIAS,0,0,0,1,460.0,182,Superior,Hombre
0,0,33,0.0,EMPRESA UNIPERSONAL /  PEQUEÑA INDUSTRIA,0,1,0,0,460.0,29,Primaria,Hombre
0,0,44,0.0,"FUNCION EJECUTIVA, LEGISL, JUDICIAL Y ORGANISMOS DEL ESTADO",0,0,0,1,675.0,112,Superior,Hombre
0,1,54,18.296347,EMPRESA PRIVADA -SOCIEDADES / COMPANIAS,0,0,0,1,1462.0,204,Superior,Mujer
0,0,49,0.0,ENTIDADES PÚBLICAS DE EDUCACIÓN SUPERIOR,0,0,0,1,2080.0,102,Superior,Hombre
0,0,42,0.0,EMPRESA PRIVADA -SOCIEDADES / COMPANIAS,0,1,0,0,500.0,117,Primaria,Hombre
0,1,53,0.0,EMPRESA PRIVADA -SOCIEDADES / COMPANIAS,0,0,1,0,460.0,24,Secundaria,Mujer
1,0,30,6.7837224,EMPRESA PRIVADA -SOCIEDADES / COMPANIAS,1,0,0,0,1500.0,9,Sin Educación,Hombre
0,1,48,0.0,EMPRESA PRIVADA -SOCIEDADES / COMPANIAS,0,0,1,0,471.0,46,Secundaria,Mujer
0,1,34,0.0,"FUNCION EJECUTIVA, LEGISL, JUDICIAL Y ORGANISMOS DEL ESTADO",0,0,0,1,675.0,47,Superior,Mujer
1,1,26,0.0,EMPRESA UNIPERSONAL /  PEQUEÑA INDUSTRIA,0,1,0,0,460.0,32,Primaria,Mujer
1,1,44,0.0,"FUNCION EJECUTIVA, LEGISL, JUDICIAL Y ORGANISMOS DEL ESTADO",0,0,0,1,817.0,101,Superior,Mujer
1,1,25,-10.229577,EMPRESA PRIVADA -SOCIEDADES / COMPANIAS,0,1,0,0,460.0,12,Primaria,Mujer
0,0,52,0.0,EMPLEADOR DOMESTICO,0,1,0,0,460.0,84,Primaria,Hombre
1,0,42,6.570615,EMPRESA PRIVADA -SOCIEDADES / COMPANIAS,0,1,0,0,465.0,0,Primaria,Hombre
0,0,42,3.0728462,EMPRESA PRIVADA -SOCIEDADES / COMPANIAS,0,0,1,0,680.0,91,Secundaria,Hombre
0,0,35,3.0728462,EMPRESA PRIVADA -SOCIEDADES / COMPANIAS,0,0,1,0,775.0,149,Secundaria,Hombre
1,0,20,0.0,EMPRESA PRIVADA -SOCIEDADES / COMPANIAS,0,0,1,0,460.0,2,Secundaria,Hombre
1,0,60,5.996472,EMPRESA PRIVADA -SOCIEDADES / COMPANIAS,0,1,0,0,493.0,28,Primaria,Hombre
1,1,29,23.97139,EMPRESA PRIVADA -SOCIEDADES / COMPANIAS,0,1,0,0,1700.0,2,Primaria,Mujer
0,0,43,0.0,"FUNCION EJECUTIVA, LEGISL, JUDICIAL Y ORGANISMOS DEL ESTADO",0,0,1,0,675.0,115,Secundaria,Hombre
1,1,27,0.0,"FUNCION EJECUTIVA, LEGISL, JUDICIAL Y ORGANISMOS DEL ESTADO",0,0,1,0,986.0,9,Secundaria,Mujer
1,0,30,3.315583,EMPRESA PRIVADA -SOCIEDADES / COMPANIAS,0,0,1,0,465.0,0,Secundaria,Hombre
1,0,24,0.0,EMPRESA UNIPERSONAL /  PEQUEÑA INDUSTRIA,0,0,1,0,460.0,38,Secundaria,Hombre
0,1,51,0.0,EMPRESA PRIVADA -SOCIEDADES / COMPANIAS,0,0,1,0,460.0,3,Secundaria,Mujer
0,0,62,0.46478897,EMPRESA PRIVADA -SOCIEDADES / COMPANIAS,0,1,0,0,461.0,26,Primaria,Hombre
1,1,58,7.2543693,EMPRESA PRIVADA -SOCIEDADES / COMPANIAS,0,0,1,0,1050.0,107,Secundaria,Mujer
0,1,51,0.0,EMPRESA UNIPERSONAL /  PEQUEÑA INDUSTRIA,0,0,1,0,460.0,3,Secundaria,Mujer
1,0,29,-18.924696,EMPRESA PRIVADA -SOCIEDADES / COMPANIAS,0,0,1,0,466.0,5,Secundaria,Hombre
1,0,28,25.50725,EMPRESA PRIVADA -SOCIEDADES / COMPANIAS,0,1,0,0,465.0,1,Primaria,Hombre
1,0,37,2.8601499,EMPRESA PRIVADA -SOCIEDADES / COMPANIAS,0,1,0,0,470.0,27,Primaria,Hombre
0,1,35,27.8676,EMPRESA PRIVADA -SOCIEDADES / COMPANIAS,0,0,0,1,1037.0,75,Superior,Mujer
1,1,46,0.0,EMPLEADOR DOMESTICO,0,1,0,0,460.0,1,Primaria,Mujer
1,0,57,0.0,EMPRESA PRIVADA -SOCIEDADES / COMPANIAS,0,0,0,1,460.0,30,Superior,Hombre
1,0,36,0.0,EMPRESA UNIPERSONAL /  PEQUEÑA INDUSTRIA,0,0,1,0,460.0,117,Secundaria,Hombre
1,1,39,-0.48466527,EMPRESA PRIVADA -SOCIEDADES / COMPANIAS,0,0,1,0,468.0,0,Secundaria,Mujer
0,1,43,0.0,"FUNCION EJECUTIVA, LEGISL, JUDICIAL Y ORGANISMOS DEL ESTADO",0,0,0,1,817.0,80,Superior,Mujer
0,0,29,0.0,EMPRESA UNIPERSONAL /  PEQUEÑA INDUSTRIA,0,1,0,0,460.0,39,Primaria,Hombre
1,0,24,0.0,COOP AHORRO  CRED. VIVIENDA ETC.CONTR SUPER  DE BANCOS,0,0,1,0,600.0,0,Secundaria,Hombre
0,0,53,0.0,EMPRESA UNIPERSONAL /  PEQUEÑA INDUSTRIA,0,0,1,0,480.0,1,Secundaria,Hombre
0,1,31,0.0,ORGANISMOS DEL REGIMEN SECCIONAL,0,0,0,1,986.0,5,Superior,Mujer
0,1,35,0.0,EMPLEADOR DOMESTICO,0,1,0,0,460.0,95,Primaria,Mujer
0,0,37,0.20342924,EMPRESA PRIVADA -SOCIEDADES / COMPANIAS,0,1,0,0,500.0,10,Primaria,Hombre
0,1,27,0.0,ORGANISMOS DEL REGIMEN SECCIONAL,0,0,1,0,1760.0,12,Secundaria,Mujer
1,1,27,0.0,"FUNCION EJECUTIVA, LEGISL, JUDICIAL Y ORGANISMOS DEL ESTADO",0,0,1,0,540.0,25,Secundaria,Mujer
1,0,57,-0.59192073,EMPRESA PRIVADA -SOCIEDADES / COMPANIAS,0,1,0,0,907.0,127,Primaria,Hombre
0,1,51,0.90305537,EMPRESA PRIVADA -SOCIEDADES / COMPANIAS,0,0,1,0,460.0,248,Secundaria,Mujer
1,0,32,2.2743976,EMPRESA PRIVADA -SOCIEDADES / COMPANIAS,0,0,1,0,784.0,9,Secundaria,Hombre
1,0,37,2.4395368,EMPRESA PRIVADA -SOCIEDADES / COMPANIAS,0,0,1,0,460.0,4,Secundaria,Hombre
1,1,31,7.903863,EMPRESA PRIVADA -SOCIEDADES / COMPANIAS,0,0,1,0,476.0,25,Secundaria,Mujer
1,1,23,9.370234,EMPRESA PRIVADA -SOCIEDADES / COMPANIAS,0,0,0,1,472.0,8,Superior,Mujer
0,0,38,1.0194235,EMPRESA PRIVADA -SOCIEDADES / COMPANIAS,0,0,1,0,707.0,7,Secundaria,Hombre
0,0,44,1.7183343,EMPRESA PRIVADA -SOCIEDADES / COMPANIAS,0,0,1,0,476.0,93,Secundaria,Hombre
0,1,34,7.397831,EMPRESA PRIVADA -SOCIEDADES / COMPANIAS,0,0,1,0,461.0,117,Secundaria,Mujer
1,1,44,-18.924696,EMPRESA PRIVADA -SOCIEDADES / COMPANIAS,0,0,0,1,6250.0,28,Superior,Mujer
0,0,26,2.0316126,EMPRESA PRIVADA -SOCIEDADES / COMPANIAS,0,0,0,1,465.0,10,Superior,Hombre
1,1,37,0.0,"FUNCION EJECUTIVA, LEGISL, JUDICIAL Y ORGANISMOS DEL ESTADO",0,0,0,1,1086.0,32,Superior,Mujer
0,0,35,0.0,EMPRESA UNIPERSONAL /  PEQUEÑA INDUSTRIA,0,0,0,1,465.0,94,Superior,Hombre
1,0,23,10.501431,EMPRESA PRIVADA -SOCIEDADES / COMPANIAS,0,0,1,0,468.0,13,Secundaria,Hombre
1,0,27,0.0,"INSTITUCION FINANCIERA PRIVADA, BANCOS Y CIA DE SEGUROS",0,0,0,1,463.0,14,Superior,Hombre
1,0,45,0.16456285,EMPRESA PRIVADA -SOCIEDADES / COMPANIAS,0,1,0,0,465.0,58,Primaria,Hombre
0,1,34,0.0,COOP AHORRO  CRED. VIVIENDA ETC.CONTR SUPER  DE BANCOS,0,0,0,1,800.0,94,Superior,Mujer
0,0,26,0.0,EMPRESA UNIPERSONAL /  PEQUEÑA INDUSTRIA,0,0,1,0,468.0,41,Secundaria,Hombre
1,1,33,-1.0222805,EMPRESA PRIVADA -SOCIEDADES / COMPANIAS,0,0,0,1,468.0,61,Superior,Mujer
0,0,24,2.654411,EMPRESA PRIVADA -SOCIEDADES / COMPANIAS,0,0,1,0,460.0,17,Secundaria,Hombre
1,0,27,0.0,"FUNCION EJECUTIVA, LEGISL, JUDICIAL Y ORGANISMOS DEL ESTADO",0,0,1,0,986.0,5,Secundaria,Hombre
1,1,24,28.602795,EMPRESA PRIVADA -SOCIEDADES / COMPANIAS,0,0,0,1,500.0,20,Superior,Mujer
0,0,36,1.4543669,EMPRESA PRIVADA -SOCIEDADES / COMPANIAS,0,1,0,0,471.0,12,Primaria,Hombre
1,0,32,5.044416,EMPRESA PRIVADA -SOCIEDADES / COMPANIAS,0,1,0,0,471.0,5,Primaria,Hombre
0,1,35,0.0,ENTIDADES PUBLICAS CON AUTONOMIA,0,0,1,0,527.0,88,Secundaria,Mujer
1,0,28,0.0,CONSTRUCCION,0,0,1,0,478.0,3,Secundaria,Hombre
0,0,46,6.6623673,EMPRESA PRIVADA -SOCIEDADES / COMPANIAS,0,0,0,1,1350.0,47,Superior,Hombre
0,0,29,11.119028,EMPRESA PRIVADA -SOCIEDADES / COMPANIAS,0,0,1,0,465.0,4,Secundaria,Hombre
1,0,47,7.2023044,EMPRESA PRIVADA -SOCIEDADES / COMPANIAS,0,1,0,0,460.0,12,Primaria,Hombre
0,0,47,17.364452,EMPRESA PRIVADA -SOCIEDADES / COMPANIAS,0,0,0,1,1350.0,76,Superior,Hombre
1,0,28,5.4873505,EMPRESA PRIVADA -SOCIEDADES / COMPANIAS,1,0,0,0,466.0,27,Sin Educación,Hombre
1,1,23,0.0,"FUNCION EJECUTIVA, LEGISL, JUDICIAL Y ORGANISMOS DEL ESTADO",0,0,0,1,591.0,9,Superior,Mujer
1,1,44,0.0,"FUNCION EJECUTIVA, LEGISL, JUDICIAL Y ORGANISMOS DEL ESTADO",0,0,0,1,1212.0,47,Superior,Mujer
0,1,53,0.0,"FUNCION EJECUTIVA, LEGISL, JUDICIAL Y ORGANISMOS DEL ESTADO",0,0,0,1,1212.0,119,Superior,Mujer
1,0,29,5.413415,EMPRESA PRIVADA -SOCIEDADES / COMPANIAS,0,0,1,0,468.0,7,Secundaria,Hombre
0,0,54,0.0,EMPRESA PRIVADA -SOCIEDADES / COMPANIAS,0,0,1,0,461.0,45,Secundaria,Hombre
0,0,28,3.9159575,EMPRESA PRIVADA -SOCIEDADES / COMPANIAS,0,0,1,0,468.0,5,Secundaria,Hombre
1,1,35,7.1504965,EMPRESA PRIVADA -SOCIEDADES / COMPANIAS,0,0,0,1,472.0,34,Superior,Mujer
0,0,37,0.0,ORGANISMOS DEL REGIMEN SECCIONAL,0,0,0,1,773.0,65,Superior,Hombre
0,0,56,2.432309,EMPRESA PRIVADA -SOCIEDADES / COMPANIAS,0,1,0,0,460.0,1,Primaria,Hombre
0,1,31,0.0,EMPRESA PRIVADA -SOCIEDADES / COMPANIAS,0,0,0,1,460.0,56,Superior,Mujer
0,1,45,0.0,ORGANISMOS DEL REGIMEN SECCIONAL,0,0,0,1,713.0,8,Superior,Mujer
0,0,42,0.0,ENTIDADES PUBLICAS CON AUTONOMIA,0,0,0,1,760.0,172,Superior,Hombre
0,0,40,0.0,"FUNCION EJECUTIVA, LEGISL, JUDICIAL Y ORGANISMOS DEL ESTADO",0,0,0,1,1676.0,66,Superior,Hombre
0,1,31,0.0,ORGANISMOS DEL REGIMEN SECCIONAL,0,0,0,1,1066.0,65,Superior,Mujer
0,1,24,2.7257664,EMPRESA PRIVADA -SOCIEDADES / COMPANIAS,0,0,1,0,463.0,6,Secundaria,Mujer
1,1,41,0.20410816,EMPRESA PRIVADA -SOCIEDADES / COMPANIAS,0,0,0,1,600.0,75,Superior,Mujer
1,0,26,10.732539,EMPRESA PRIVADA -SOCIEDADES / COMPANIAS,0,0,1,0,460.0,41,Secundaria,Hombre
0,1,36,2.0458446,EMPRESA PRIVADA -SOCIEDADES / COMPANIAS,0,0,1,0,466.0,3,Secundaria,Mujer
1,0,27,2.1108477,EMPRESA PRIVADA -SOCIEDADES / COMPANIAS,0,1,0,0,460.0,2,Primaria,Hombre
0,1,49,0.0,"FUNCION EJECUTIVA, LEGISL, JUDICIAL Y ORGANISMOS DEL ESTADO",0,0,0,1,986.0,97,Superior,Mujer
1,0,24,15.422355,EMPRESA PRIVADA -SOCIEDADES / COMPANIAS,0,0,1,0,471.0,0,Secundaria,Hombre
0,0,37,0.9444464,EMPRESA PRIVADA -SOCIEDADES / COMPANIAS,0,1,0,0,550.0,30,Primaria,Hombre
1,1,30,8.274679,EMPRESA PRIVADA -SOCIEDADES / COMPANIAS,0,0,0,1,1500.0,39,Superior,Mujer
1,0,23,2.4266634,CONSTRUCCION,0,1,0,0,478.0,0,Primaria,Hombre
0,1,23,0.0,EMPRESA UNIPERSONAL /  PEQUEÑA INDUSTRIA,0,1,0,0,460.0,19,Primaria,Mujer
1,0,50,0.3008597,EMPRESA PRIVADA -SOCIEDADES / COMPANIAS,0,1,0,0,478.0,5,Primaria,Hombre
1,0,25,13.154723,EMPRESA PRIVADA -SOCIEDADES / COMPANIAS,1,0,0,0,461.0,2,Sin Educación,Hombre
0,1,58,0.0,EMPLEADOR DOMESTICO,0,0,1,0,460.0,23,Secundaria,Mujer
0,1,49,0.0,"FUNCION EJECUTIVA, LEGISL, JUDICIAL Y ORGANISMOS DEL ESTADO",0,0,0,1,986.0,117,Superior,Mujer
0,0,48,0.0,EMPRESA UNIPERSONAL /  PEQUEÑA INDUSTRIA,0,1,0,0,460.0,46,Primaria,Hombre
0,0,55,0.0,ENTIDADES PUBLICAS CON AUTONOMIA,0,0,1,0,561.0,72,Secundaria,Hombre
1,0,19,8.157301,EMPRESA PRIVADA -SOCIEDADES / COMPANIAS,0,0,1,0,468.0,0,Secundaria,Hombre
0,0,60,0.0,MIEMBROS DE   SINDICATOS  Y COOP DE TRANSPORTE TERRESTRE,0,0,0,1,480.0,106,Superior,Hombre
0,0,32,23.531013,EMPRESA UNIPERSONAL /  PEQUEÑA INDUSTRIA,0,0,1,0,691.0,12,Secundaria,Hombre
1,0,45,0.0,EMPRESA PRIVADA -SOCIEDADES / COMPANIAS,0,0,0,1,733.0,27,Superior,Hombre
0,0,25,7.442317,EMPRESA PRIVADA -SOCIEDADES / COMPANIAS,0,0,1,0,460.0,1,Secundaria,Hombre
1,0,29,20.816145,EMPRESA PRIVADA -SOCIEDADES / COMPANIAS,1,0,0,0,460.0,3,Sin Educación,Hombre
1,1,23,1.6719064,EMPRESA PRIVADA -SOCIEDADES / COMPANIAS,0,0,1,0,500.0,15,Secundaria,Mujer
1,0,20,0.0,EMPRESA UNIPERSONAL /  PEQUEÑA INDUSTRIA,0,0,1,0,465.0,1,Secundaria,Hombre
0,1,39,11.800564,EMPRESA PRIVADA -SOCIEDADES / COMPANIAS,0,1,0,0,463.0,149,Primaria,Mujer
1,1,40,0.8692998,EMPRESA PRIVADA -SOCIEDADES / COMPANIAS,0,0,1,0,471.0,2,Secundaria,Mujer
0,0,36,0.0,EMPRESA PRIVADA -SOCIEDADES / COMPANIAS,0,0,1,0,700.0,92,Secundaria,Hombre
1,0,21,21.27671,EMPRESA PRIVADA -SOCIEDADES / COMPANIAS,0,1,0,0,465.0,2,Primaria,Hombre
1,0,35,19.853542,EMPRESA PRIVADA -SOCIEDADES / COMPANIAS,0,0,0,1,2063.0,74,Superior,Hombre
0,1,37,0.0,"FUNCION EJECUTIVA, LEGISL, JUDICIAL Y ORGANISMOS DEL ESTADO",0,0,0,1,986.0,80,Superior,Mujer
0,1,33,-6.6556587,EMPRESA PRIVADA -SOCIEDADES / COMPANIAS,0,0,1,0,480.0,76,Secundaria,Mujer
0,1,32,0.0,EMPRESA PRIVADA -SOCIEDADES / COMPANIAS,0,0,0,1,1650.0,38,Superior,Mujer
0,0,32,0.0,"FUNCION EJECUTIVA, LEGISL, JUDICIAL Y ORGANISMOS DEL ESTADO",0,0,0,1,986.0,115,Superior,Hombre
1,0,23,14.962733,EMPRESA PRIVADA -SOCIEDADES / COMPANIAS,0,0,1,0,460.0,22,Secundaria,Hombre
1,1,41,0.0,EMPRESA UNIPERSONAL /  PEQUEÑA INDUSTRIA,0,0,0,1,460.0,117,Superior,Mujer
0,1,33,11.456851,EMPRESA PRIVADA -SOCIEDADES / COMPANIAS,0,0,1,0,465.0,1,Secundaria,Mujer
1,0,42,-6.003081,EMPRESA PRIVADA -SOCIEDADES / COMPANIAS,0,0,1,0,556.0,48,Secundaria,Hombre
0,1,44,0.0,"FUNCION EJECUTIVA, LEGISL, JUDICIAL Y ORGANISMOS DEL ESTADO",0,0,0,1,817.0,36,Superior,Mujer
1,1,30,0.0,ENTIDADES PUBLICAS CON AUTONOMIA,0,0,1,0,1264.0,106,Secundaria,Mujer
0,1,31,1.3842493,EMPRESA PRIVADA -SOCIEDADES / COMPANIAS,0,0,0,1,500.0,5,Superior,Mujer
0,1,44,0.00069465773,EMPRESA PRIVADA -SOCIEDADES / COMPANIAS,0,0,1,0,468.0,12,Secundaria,Mujer
0,0,32,-18.924696,EMPRESA PRIVADA -SOCIEDADES / COMPANIAS,0,0,1,0,500.0,3,Secundaria,Hombre
0,1,86,1.9821632,EMPRESA PRIVADA -SOCIEDADES / COMPANIAS,0,0,1,0,498.0,53,Secundaria,Mujer
0,0,29,3.8891556,EMPRESA PRIVADA -SOCIEDADES / COMPANIAS,0,0,1,0,465.0,3,Secundaria,Hombre
0,1,35,0.0,"FUNCION EJECUTIVA, LEGISL, JUDICIAL Y ORGANISMOS DEL ESTADO",0,0,0,1,817.0,31,Superior,Mujer
1,0,21,0.0,EMPRESA UNIPERSONAL /  PEQUEÑA INDUSTRIA,0,0,1,0,471.0,0,Secundaria,Hombre
0,0,31,-0.44713998,EMPRESA PRIVADA -SOCIEDADES / COMPANIAS,0,0,1,0,461.0,104,Secundaria,Hombre
1,0,26,0.8730265,EMPRESA PRIVADA -SOCIEDADES / COMPANIAS,0,0,1,0,460.0,54,Secundaria,Hombre
1,1,21,0.0,EMPRESA UNIPERSONAL /  PEQUEÑA INDUSTRIA,0,0,1,0,460.0,5,Secundaria,Mujer
1,0,33,0.15042265,EMPRESA PRIVADA -SOCIEDADES / COMPANIAS,0,0,1,0,471.0,1,Secundaria,Hombre
1,1,31,5.923057,EMPRESA PRIVADA -SOCIEDADES / COMPANIAS,1,0,0,0,471.0,13,Sin Educación,Mujer
1,1,61,9.76819,EMPRESA PRIVADA -SOCIEDADES / COMPANIAS,0,0,0,1,497.0,239,Superior,Mujer
1,1,59,0.0,EMPRESA UNIPERSONAL /  PEQUEÑA INDUSTRIA,0,1,0,0,460.0,11,Primaria,Mujer
0,1,38,0.0,EMPRESA PRIVADA -SOCIEDADES / COMPANIAS,0,0,0,1,2461.0,82,Superior,Mujer
0,1,47,0.0,EMPLEADOR DOMESTICO,0,0,0,1,460.0,27,Superior,Mujer
0,0,61,0.0,ORGANISMOS DEL REGIMEN SECCIONAL,0,1,0,0,527.0,111,Primaria,Hombre
1,1,25,4.984322,EMPRESA PRIVADA -SOCIEDADES / COMPANIAS,0,0,1,0,464.0,61,Secundaria,Mujer
1,0,28,0.0,EMPRESA UNIPERSONAL /  PEQUEÑA INDUSTRIA,0,0,0,1,465.0,1,Superior,Hombre
1,0,28,0.0,EMPRESA UNIPERSONAL /  PEQUEÑA INDUSTRIA,0,0,1,0,460.0,62,Secundaria,Hombre
1,1,41,2.2291305,EMPRESA PRIVADA -SOCIEDADES / COMPANIAS,0,0,0,1,460.0,21,Superior,Mujer
0,1,38,-4.628889,EMPRESA PRIVADA -SOCIEDADES / COMPANIAS,0,1,0,0,461.0,49,Primaria,Mujer
0,0,58,3.4279366,EMPRESA PRIVADA -SOCIEDADES / COMPANIAS,0,0,1,0,576.0,211,Secundaria,Hombre
0,1,40,0.0,"FUNCION EJECUTIVA, LEGISL, JUDICIAL Y ORGANISMOS DEL ESTADO",0,0,0,1,986.0,122,Superior,Mujer
1,0,31,0.0,ENTIDADES PUBLICAS CON AUTONOMIA,0,0,0,1,817.0,101,Superior,Hombre
0,0,55,2.0380764,EMPRESA PRIVADA -SOCIEDADES / COMPANIAS,0,0,0,1,480.0,161,Superior,Hombre
0,0,48,0.0,"FUNCION EJECUTIVA, LEGISL, JUDICIAL Y ORGANISMOS DEL ESTADO",0,0,1,0,663.0,101,Secundaria,Hombre
0,1,51,0.0,EMPLEADOR DOMESTICO,0,1,0,0,460.0,42,Primaria,Mujer
0,1,38,0.0,"FUNCION EJECUTIVA, LEGISL, JUDICIAL Y ORGANISMOS DEL ESTADO",0,0,0,1,986.0,9,Superior,Mujer
0,1,34,0.0,ORGANISMOS DEL REGIMEN SECCIONAL,0,0,1,0,600.0,71,Secundaria,Mujer
0,0,32,10.501431,EMPRESA PRIVADA -SOCIEDADES / COMPANIAS,0,0,1,0,468.0,27,Secundaria,Hombre
1,1,48,28.602795,EMPRESA PRIVADA -SOCIEDADES / COMPANIAS,0,0,0,1,3126.0,33,Superior,Mujer
1,1,29,1.994068,EMPRESA PRIVADA -SOCIEDADES / COMPANIAS,0,1,0,0,468.0,1,Primaria,Mujer
1,0,40,0.0,EMPRESA PRIVADA -SOCIEDADES / COMPANIAS,0,1,0,0,460.0,1,Primaria,Hombre
1,0,58,1.985281,EMPRESA PRIVADA -SOCIEDADES / COMPANIAS,0,0,1,0,765.0,159,Secundaria,Hombre
0,0,68,0.0,ORGANISMOS DEL REGIMEN SECCIONAL,0,0,1,0,561.0,119,Secundaria,Hombre
0,1,28,-0.12417882,EMPRESA PRIVADA -SOCIEDADES / COMPANIAS,0,1,0,0,468.0,15,Primaria,Mujer
0,1,31,0.0,"FUNCION EJECUTIVA, LEGISL, JUDICIAL Y ORGANISMOS DEL ESTADO",0,0,0,1,1212.0,13,Superior,Mujer
0,0,48,1.1684839,EMPRESA PRIVADA -SOCIEDADES / COMPANIAS,0,1,0,0,477.0,93,Primaria,Hombre
0,0,39,0.0,ENTIDADES PUBLICAS CON AUTONOMIA,0,0,0,1,1204.0,41,Superior,Hombre
1,0,60,0.0,ORGANISMOS DEL REGIMEN SECCIONAL,0,0,0,1,2190.0,239,Superior,Hombre
0,1,30,16.324165,EMPRESA PRIVADA -SOCIEDADES / COMPANIAS,0,0,1,0,465.0,8,Secundaria,Mujer
0,1,52,0.0,EMPLEADOR DOMESTICO,0,1,0,0,460.0,54,Primaria,Mujer
0,0,51,13.092766,EMPRESA PRIVADA -SOCIEDADES / COMPANIAS,0,0,1,0,476.0,203,Secundaria,Hombre
0,1,29,2.9386313,EMPRESA PRIVADA -SOCIEDADES / COMPANIAS,0,0,0,1,550.0,61,Superior,Mujer
0,1,43,0.0,"FUNCION EJECUTIVA, LEGISL, JUDICIAL Y ORGANISMOS DEL ESTADO",0,0,0,1,986.0,114,Superior,Mujer
0,1,30,0.0,EMPRESA UNIPERSONAL /  PEQUEÑA INDUSTRIA,0,0,0,1,461.0,89,Superior,Mujer
1,0,19,14.224626,EMPRESA PRIVADA -SOCIEDADES / COMPANIAS,0,0,1,0,460.0,2,Secundaria,Hombre
0,1,49,0.0,EMPRESA UNIPERSONAL /  PEQUEÑA INDUSTRIA,0,0,1,0,510.0,17,Secundaria,Mujer
1,1,23,4.4033675,EMPRESA PRIVADA -SOCIEDADES / COMPANIAS,0,0,1,0,460.0,26,Secundaria,Mujer
0,1,27,28.602795,EMPRESA PRIVADA -SOCIEDADES / COMPANIAS,0,0,0,1,471.0,0,Superior,Mujer
1,0,34,2.5653272,EMPRESA PRIVADA -SOCIEDADES / COMPANIAS,0,1,0,0,468.0,125,Primaria,Hombre
0,0,56,0.0,MICRO EMPRESA (NO ARTESANAL),0,1,0,0,460.0,111,Primaria,Hombre
0,0,55,0.0,"FUNCION EJECUTIVA, LEGISL, JUDICIAL Y ORGANISMOS DEL ESTADO",0,0,0,1,1676.0,123,Superior,Hombre
1,1,43,0.5522988,EMPRESA PRIVADA -SOCIEDADES / COMPANIAS,0,0,1,0,468.0,2,Secundaria,Mujer
0,0,24,-11.218488,EMPRESA PRIVADA -SOCIEDADES / COMPANIAS,0,0,1,0,1400.0,18,Secundaria,Hombre
1,1,31,4.1375446,EMPRESA PRIVADA -SOCIEDADES / COMPANIAS,0,0,0,1,800.0,19,Superior,Mujer
1,0,23,1.5833268,EMPRESA PRIVADA -SOCIEDADES / COMPANIAS,0,0,1,0,468.0,0,Secundaria,Hombre
1,0,30,1.5541736,EMPRESA PRIVADA -SOCIEDADES / COMPANIAS,0,0,1,0,657.0,69,Secundaria,Hombre
1,0,23,-1.178527,EMPRESA PRIVADA -SOCIEDADES / COMPANIAS,0,1,0,0,471.0,1,Primaria,Hombre
0,0,42,0.0,EMPRESA UNIPERSONAL /  PEQUEÑA INDUSTRIA,0,1,0,0,460.0,1,Primaria,Hombre
1,0,28,4.7360215,EMPRESA PRIVADA -SOCIEDADES / COMPANIAS,0,0,1,0,465.0,0,Secundaria,Hombre
1,1,53,0.0,EMPRESA UNIPERSONAL /  PEQUEÑA INDUSTRIA,0,0,0,1,460.0,68,Superior,Mujer
1,0,55,0.0,ORGANISMOS DEL REGIMEN SECCIONAL,0,1,0,0,614.0,252,Primaria,Hombre
1,1,26,0.0,EMPRESA UNIPERSONAL /  PEQUEÑA INDUSTRIA,0,0,0,1,460.0,5,Superior,Mujer
1,0,53,28.253283,EMPRESA PRIVADA -SOCIEDADES / COMPANIAS,0,0,1,0,479.0,3,Secundaria,Hombre
0,0,26,4.1892433,EMPRESA PRIVADA -SOCIEDADES / COMPANIAS,0,0,1,0,465.0,9,Secundaria,Hombre
1,1,23,0.9634125,EMPRESA PRIVADA -SOCIEDADES / COMPANIAS,0,1,0,0,465.0,2,Primaria,Mujer
1,1,29,0.0,"FUNCION EJECUTIVA, LEGISL, JUDICIAL Y ORGANISMOS DEL ESTADO",0,0,0,1,986.0,5,Superior,Mujer
1,0,42,-1.1944276,EMPRESA PRIVADA -SOCIEDADES / COMPANIAS,0,0,0,1,470.0,16,Superior,Hombre
0,0,45,4.4186025,EMPRESA PRIVADA -SOCIEDADES / COMPANIAS,0,0,0,1,3939.0,16,Superior,Hombre
1,1,28,0.0,EMPRESA PRIVADA -SOCIEDADES / COMPANIAS,0,0,1,0,465.0,35,Secundaria,Mujer
0,1,42,0.0,"FUNCION EJECUTIVA, LEGISL, JUDICIAL Y ORGANISMOS DEL ESTADO",0,0,0,1,1212.0,84,Superior,Mujer
0,1,31,0.0,ORGANISMOS DEL REGIMEN SECCIONAL,0,1,0,0,475.0,41,Primaria,Mujer
0,0,39,1.120858,EMPRESA PRIVADA -SOCIEDADES / COMPANIAS,0,0,1,0,478.0,2,Secundaria,Hombre
0,0,36,0.0,ENTIDADES PÚBLICAS DE EDUCACIÓN SUPERIOR,0,0,0,1,1806.0,14,Superior,Hombre
1,0,24,0.0,EMPRESA UNIPERSONAL /  PEQUEÑA INDUSTRIA,0,0,1,0,460.0,1,Secundaria,Hombre
0,1,49,5.326576,EMPRESA PRIVADA -SOCIEDADES / COMPANIAS,0,0,1,0,465.0,98,Secundaria,Mujer
0,1,50,6.4497385,EMPRESA PRIVADA -SOCIEDADES / COMPANIAS,1,0,0,0,461.0,45,Sin Educación,Mujer
0,1,50,-0.9657901,EMPRESA PRIVADA -SOCIEDADES / COMPANIAS,0,0,1,0,500.0,5,Secundaria,Mujer
0,0,36,0.60188407,EMPRESA PRIVADA -SOCIEDADES / COMPANIAS,0,0,1,0,468.0,191,Secundaria,Hombre
1,0,34,0.34154433,EMPRESA PRIVADA -SOCIEDADES / COMPANIAS,0,0,1,0,460.0,106,Secundaria,Hombre
1,1,41,2.4875183,EMPRESA PRIVADA -SOCIEDADES / COMPANIAS,0,0,0,1,708.0,94,Superior,Mujer
0,1,42,0.0,EMPRESA PRIVADA -SOCIEDADES / COMPANIAS,0,0,1,0,460.0,20,Secundaria,Mujer
0,1,49,12.5220175,EMPRESA PRIVADA -SOCIEDADES / COMPANIAS,0,0,1,0,600.0,31,Secundaria,Mujer
1,0,56,1.697813,EMPRESA PRIVADA -SOCIEDADES / COMPANIAS,0,1,0,0,707.0,11,Primaria,Hombre
1,1,40,0.0,EMPRESA UNIPERSONAL /  PEQUEÑA INDUSTRIA,0,0,0,1,461.0,157,Superior,Mujer
1,0,38,1.1767213,EMPRESA PRIVADA -SOCIEDADES / COMPANIAS,0,0,1,0,465.0,3,Secundaria,Hombre
1,1,53,0.0,EMPLEADOR DOMESTICO,0,1,0,0,460.0,21,Primaria,Mujer
0,0,59,5.97074,EMPRESA PRIVADA -SOCIEDADES / COMPANIAS,0,0,0,1,1809.0,235,Superior,Hombre
0,0,43,0.0,"FUNCION EJECUTIVA, LEGISL, JUDICIAL Y ORGANISMOS DEL ESTADO",0,0,0,1,817.0,14,Superior,Hombre
0,0,51,7.1504965,EMPRESA PRIVADA -SOCIEDADES / COMPANIAS,0,0,0,1,1600.0,34,Superior,Hombre
1,1,39,0.0,EMPLEADOR DOMESTICO,0,0,1,0,460.0,23,Secundaria,Mujer
1,1,25,0.0,"FUNCION EJECUTIVA, LEGISL, JUDICIAL Y ORGANISMOS DEL ESTADO",0,0,0,1,540.0,25,Superior,Mujer
0,0,50,0.0,ENTIDADES PUBLICAS CON AUTONOMIA,0,1,0,0,561.0,150,Primaria,Hombre
1,0,37,0.0,CONSTRUCCION,0,1,0,0,461.0,19,Primaria,Hombre
0,0,49,-3.8349948,EMPRESA PRIVADA -SOCIEDADES / COMPANIAS,0,1,0,0,460.0,72,Primaria,Hombre
1,1,31,0.5522988,EMPRESA PRIVADA -SOCIEDADES / COMPANIAS,0,0,0,1,468.0,1,Superior,Mujer
1,1,35,7.7133245,EMPRESA PRIVADA -SOCIEDADES / COMPANIAS,0,0,0,1,460.0,1,Superior,Mujer
0,1,36,3.8361626,EMPRESA PRIVADA -SOCIEDADES / COMPANIAS,0,0,0,1,475.0,74,Superior,Mujer
1,1,41,0.0,ENTIDADES PUBLICAS CON AUTONOMIA,0,0,0,1,1830.0,156,Superior,Mujer
0,1,23,0.0,EMPRESA PRIVADA -SOCIEDADES / COMPANIAS,0,1,0,0,494.0,25,Primaria,Mujer
1,1,33,0.0,EMPRESA PRIVADA -SOCIEDADES / COMPANIAS,0,0,1,0,460.0,3,Secundaria,Mujer
0,1,56,0.0,EMPRESA UNIPERSONAL /  PEQUEÑA INDUSTRIA,0,0,0,1,1200.0,185,Superior,Mujer
1,0,64,0.0,"FUNCION EJECUTIVA, LEGISL, JUDICIAL Y ORGANISMOS DEL ESTADO",0,0,0,1,817.0,112,Superior,Hombre
1,0,34,0.0,ORGANISMOS DEL REGIMEN SECCIONAL,0,0,0,1,1212.0,5,Superior,Hombre
1,0,35,5.326576,EMPRESA PRIVADA -SOCIEDADES / COMPANIAS,0,0,1,0,465.0,124,Secundaria,Hombre
1,1,33,0.0,EMPLEADOR DOMESTICO,0,0,1,0,460.0,71,Secundaria,Mujer
1,1,31,0.0,ORGANISMOS DEL REGIMEN SECCIONAL,0,0,0,1,460.0,2,Superior,Mujer
0,0,29,4.8699203,EMPRESA PRIVADA -SOCIEDADES / COMPANIAS,0,0,1,0,460.0,12,Secundaria,Hombre
1,0,31,0.0,EMPRESA PRIVADA -SOCIEDADES / COMPANIAS,0,0,1,0,600.0,18,Secundaria,Hombre
1,0,60,0.0,"FUNCION EJECUTIVA, LEGISL, JUDICIAL Y ORGANISMOS DEL ESTADO",0,0,1,0,1212.0,117,Secundaria,Hombre
0,0,22,0.65534353,EMPRESA PRIVADA -SOCIEDADES / COMPANIAS,0,0,1,0,460.0,1,Secundaria,Hombre
1,1,27,0.0,EMPRESA UNIPERSONAL /  PEQUEÑA INDUSTRIA,0,0,1,0,600.0,25,Secundaria,Mujer
0,0,55,2.5653272,EMPRESA PRIVADA -SOCIEDADES / COMPANIAS,0,1,0,0,460.0,143,Primaria,Hombre
1,0,23,0.27977875,EMPRESA PRIVADA -SOCIEDADES / COMPANIAS,0,1,0,0,461.0,53,Primaria,Hombre
0,0,37,0.0,ORGANISMOS DEL REGIMEN SECCIONAL,0,0,1,0,561.0,15,Secundaria,Hombre
0,0,26,1.1684839,EMPRESA PRIVADA -SOCIEDADES / COMPANIAS,0,0,1,0,657.0,6,Secundaria,Hombre
1,1,40,0.0,"FUNCION EJECUTIVA, LEGISL, JUDICIAL Y ORGANISMOS DEL ESTADO",0,0,0,1,4164.0,85,Superior,Mujer
1,0,27,0.0,MICRO EMPRESA (NO ARTESANAL),0,0,1,0,598.0,22,Secundaria,Hombre
0,0,31,0.37100974,EMPRESA PRIVADA -SOCIEDADES / COMPANIAS,0,0,1,0,460.0,1,Secundaria,Hombre
0,0,56,0.0,EMPRESA PRIVADA -SOCIEDADES / COMPANIAS,0,1,0,0,475.0,20,Primaria,Hombre
1,0,43,1.0231524,EMPRESA PRIVADA -SOCIEDADES / COMPANIAS,0,1,0,0,660.0,165,Primaria,Hombre
0,0,21,0.0,CONSTRUCCION,0,0,1,0,473.0,7,Secundaria,Hombre
0,0,27,28.602795,EMPRESA PRIVADA -SOCIEDADES / COMPANIAS,0,0,0,1,816.0,10,Superior,Hombre
0,1,25,8.373653,EMPRESA PRIVADA -SOCIEDADES / COMPANIAS,0,0,1,0,750.0,29,Secundaria,Mujer
1,0,39,0.0,EMPRESA PRIVADA -SOCIEDADES / COMPANIAS,0,0,1,0,658.0,172,Secundaria,Hombre
0,0,30,0.0,EMPRESA UNIPERSONAL /  PEQUEÑA INDUSTRIA,0,0,0,1,501.0,81,Superior,Hombre
1,1,26,1.5833268,EMPRESA PRIVADA -SOCIEDADES / COMPANIAS,0,0,1,0,468.0,1,Secundaria,Mujer
1,0,47,0.3597759,EMPRESA PRIVADA -SOCIEDADES / COMPANIAS,0,0,1,0,1500.0,3,Secundaria,Hombre
1,0,53,3.6763482,EMPRESA PRIVADA -SOCIEDADES / COMPANIAS,0,0,1,0,707.0,24,Secundaria,Hombre
0,0,48,1.8765532,ENTIDADES PUBLICAS CON AUTONOMIA,0,0,1,0,1480.0,194,Secundaria,Hombre
0,1,43,0.0,"FUNCION EJECUTIVA, LEGISL, JUDICIAL Y ORGANISMOS DEL ESTADO",0,0,1,0,566.0,123,Secundaria,Mujer
0,0,29,2.8398747,EMPRESA PRIVADA -SOCIEDADES / COMPANIAS,0,0,1,0,475.0,107,Secundaria,Hombre
0,0,26,12.281746,EMPRESA PRIVADA -SOCIEDADES / COMPANIAS,0,0,1,0,537.0,60,Secundaria,Hombre
0,0,32,0.0,EMPRESA UNIPERSONAL /  PEQUEÑA INDUSTRIA,0,0,1,0,460.0,10,Secundaria,Hombre
1,1,25,0.0,"FUNCION EJECUTIVA, LEGISL, JUDICIAL Y ORGANISMOS DEL ESTADO",0,0,0,1,986.0,5,Superior,Mujer
1,0,30,12.758162,EMPRESA PRIVADA -SOCIEDADES / COMPANIAS,0,0,0,1,1160.0,37,Superior,Hombre
1,0,29,-3.9042373,EMPRESA PRIVADA -SOCIEDADES / COMPANIAS,0,0,1,0,465.0,18,Secundaria,Hombre
1,0,25,0.0,EMPRESA PRIVADA -SOCIEDADES / COMPANIAS,0,0,0,1,700.0,13,Superior,Hombre
1,0,46,0.0,EMPRESA PRIVADA -SOCIEDADES / COMPANIAS,0,0,0,1,525.0,30,Superior,Hombre
0,1,61,0.067698486,EMPRESA PRIVADA -SOCIEDADES / COMPANIAS,0,1,0,0,470.0,193,Primaria,Mujer
0,0,23,8.074689,EMPRESA PRIVADA -SOCIEDADES / COMPANIAS,0,0,1,0,474.0,10,Secundaria,Hombre
0,1,35,0.0,"FUNCION EJECUTIVA, LEGISL, JUDICIAL Y ORGANISMOS DEL ESTADO",0,0,0,1,1212.0,94,Superior,Mujer
1,0,41,0.0,"INSTITUCION FINANCIERA PRIVADA, BANCOS Y CIA DE SEGUROS",0,0,0,1,1200.0,201,Superior,Hombre
1,1,31,0.0,ORGANISMOS DEL REGIMEN SECCIONAL,0,0,1,0,460.0,2,Secundaria,Mujer
1,0,34,0.527145,EMPRESA PRIVADA -SOCIEDADES / COMPANIAS,0,1,0,0,460.0,0,Primaria,Hombre
1,1,23,0.0,EMPRESA PRIVADA -SOCIEDADES / COMPANIAS,0,1,0,0,465.0,7,Primaria,Mujer
0,0,30,0.0,EMPRESA PRIVADA -SOCIEDADES / COMPANIAS,0,0,1,0,500.0,132,Secundaria,Hombre
1,0,31,0.0,CONSTRUCCION,0,0,1,0,500.0,2,Secundaria,Hombre
1,0,21,0.0,EMPRESA UNIPERSONAL /  PEQUEÑA INDUSTRIA,0,0,1,0,461.0,4,Secundaria,Hombre
1,0,39,0.3219285,EMPRESA PRIVADA -SOCIEDADES / COMPANIAS,0,0,0,1,650.0,36,Superior,Hombre
1,0,39,4.3881497,EMPRESA PRIVADA -SOCIEDADES / COMPANIAS,0,0,1,0,460.0,6,Secundaria,Hombre
0,1,43,1.9823428,EMPRESA PRIVADA -SOCIEDADES / COMPANIAS,0,0,0,1,470.0,65,Superior,Mujer
0,1,42,0.0,EMPRESA PRIVADA -SOCIEDADES / COMPANIAS,0,1,0,0,460.0,126,Primaria,Mujer
0,1,28,-12.295752,EMPRESA PRIVADA -SOCIEDADES / COMPANIAS,0,0,1,0,1387.0,26,Secundaria,Mujer
1,0,32,3.5660303,EMPRESA PRIVADA -SOCIEDADES / COMPANIAS,0,0,0,1,1600.0,64,Superior,Hombre
1,0,42,0.0,ENTIDADES PUBLICAS CON AUTONOMIA,0,0,0,1,1212.0,1,Superior,Hombre
0,0,20,3.7191427,EMPRESA PRIVADA -SOCIEDADES / COMPANIAS,0,0,1,0,460.0,7,Secundaria,Hombre
1,1,44,19.640724,EMPRESA PRIVADA -SOCIEDADES / COMPANIAS,0,1,0,0,461.0,36,Primaria,Mujer
1,0,31,1.7882022,EMPRESA PRIVADA -SOCIEDADES / COMPANIAS,0,0,0,1,500.0,10,Superior,Hombre
0,1,26,1.1320156,EMPRESA PRIVADA -SOCIEDADES / COMPANIAS,0,1,0,0,460.0,16,Primaria,Mujer
0,0,31,0.0,ENTIDADES FINANCIERAS,0,0,0,1,1760.0,43,Superior,Hombre
1,1,27,0.0,EMPRESA PRIVADA -SOCIEDADES / COMPANIAS,0,1,0,0,500.0,32,Primaria,Mujer
1,0,64,2.4380639,EMPRESA PRIVADA -SOCIEDADES / COMPANIAS,1,0,0,0,472.0,0,Sin Educación,Hombre
1,0,35,0.0,"EMBAJADAS, MISIONES DIPL., CONSULARES, ORG. INTERNACIONAL",0,0,0,1,2257.0,57,Superior,Hombre
1,1,37,0.0,ORGANISMOS DEL REGIMEN SECCIONAL,0,0,1,0,733.0,28,Secundaria,Mujer
0,0,32,3.155199,EMPRESA PRIVADA -SOCIEDADES / COMPANIAS,0,0,1,0,1100.0,144,Secundaria,Hombre
1,0,35,3.1091232,EMPRESA PRIVADA -SOCIEDADES / COMPANIAS,0,0,1,0,460.0,29,Secundaria,Hombre
0,0,50,0.0,EMPRESA UNIPERSONAL /  PEQUEÑA INDUSTRIA,0,0,1,0,471.0,44,Secundaria,Hombre
1,0,31,0.61194795,EMPRESA PRIVADA -SOCIEDADES / COMPANIAS,0,0,1,0,668.0,92,Secundaria,Hombre
1,0,40,0.0,EMPRESA PRIVADA -SOCIEDADES / COMPANIAS,0,0,0,1,491.0,71,Superior,Hombre
1,0,23,4.9288387,EMPRESA PRIVADA -SOCIEDADES / COMPANIAS,0,1,0,0,460.0,18,Primaria,Hombre
0,1,65,0.12497206,EMPRESA PRIVADA -SOCIEDADES / COMPANIAS,0,0,0,1,2700.0,177,Superior,Mujer
0,1,59,0.0,ORGANISMOS DEL REGIMEN SECCIONAL,0,1,0,0,561.0,244,Primaria,Mujer
0,0,39,0.0,EMPRESA PRIVADA -SOCIEDADES / COMPANIAS,0,1,0,0,465.0,42,Primaria,Hombre
0,0,51,5.7175198,EMPRESA PRIVADA -SOCIEDADES / COMPANIAS,0,0,1,0,1450.0,220,Secundaria,Hombre
0,0,39,-18.924696,EMPRESA PRIVADA -SOCIEDADES / COMPANIAS,0,0,0,1,460.0,36,Superior,Hombre
1,1,35,3.1379662,EMPRESA PRIVADA -SOCIEDADES / COMPANIAS,0,0,1,0,569.0,12,Secundaria,Mujer
0,0,41,0.0,ORGANISMOS DEL REGIMEN SECCIONAL,0,1,0,0,561.0,1,Primaria,Hombre
0,0,32,2.5653272,EMPRESA PRIVADA -SOCIEDADES / COMPANIAS,0,0,1,0,468.0,14,Secundaria,Hombre
1,1,52,0.0,EMPLEADOR DOMESTICO,0,0,1,0,460.0,29,Secundaria,Mujer
1,0,24,-1.322005,EMPRESA PRIVADA -SOCIEDADES / COMPANIAS,0,0,1,0,465.0,0,Secundaria,Hombre
0,1,45,-6.5497527,EMPRESA PRIVADA -SOCIEDADES / COMPANIAS,0,0,1,0,461.0,27,Secundaria,Mujer
1,1,21,-7.801868,EMPRESA PRIVADA -SOCIEDADES / COMPANIAS,0,0,1,0,487.0,4,Secundaria,Mujer
1,0,25,5.155479,EMPRESA PRIVADA -SOCIEDADES / COMPANIAS,0,1,0,0,460.0,6,Primaria,Hombre
1,0,50,11.276728,EMPRESA PRIVADA -SOCIEDADES / COMPANIAS,0,0,1,0,1300.0,3,Secundaria,Hombre
1,0,31,0.0,EMPRESA PRIVADA -SOCIEDADES / COMPANIAS,0,1,0,0,460.0,57,Primaria,Hombre
1,1,29,0.0,ORGANISMOS DEL REGIMEN SECCIONAL,0,0,0,1,1212.0,5,Superior,Mujer
0,0,41,-0.050726127,EMPRESA PRIVADA -SOCIEDADES / COMPANIAS,0,0,0,1,460.0,21,Superior,Hombre
0,1,56,0.0,COOP AHORRO  CRED. VIVIENDA ETC.CONTR SUPER  DE BANCOS,0,0,1,0,1225.0,29,Secundaria,Mujer
0,0,58,0.0,ORGANISMOS DEL REGIMEN SECCIONAL,0,1,0,0,616.0,196,Primaria,Hombre
0,0,27,-3.1524823,EMPRESA PRIVADA -SOCIEDADES / COMPANIAS,0,0,1,0,470.0,41,Secundaria,Hombre
1,1,27,1.0129057,EMPRESA PRIVADA -SOCIEDADES / COMPANIAS,0,0,1,0,471.0,30,Secundaria,Mujer
0,1,59,0.0,EMPRESA PRIVADA -SOCIEDADES / COMPANIAS,0,0,1,0,460.0,9,Secundaria,Mujer
0,0,43,0.0,ENTIDADES PUBLICAS CON AUTONOMIA,0,0,0,1,2034.0,101,Superior,Hombre
0,1,36,0.0,EMPRESA UNIPERSONAL /  PEQUEÑA INDUSTRIA,0,0,1,0,462.0,13,Secundaria,Mujer
1,0,36,0.0,EMPRESA PRIVADA -SOCIEDADES / COMPANIAS,0,0,0,1,800.0,32,Superior,Hombre
1,0,27,0.0,CONSTRUCCION,0,1,0,0,471.0,1,Primaria,Hombre
0,1,41,0.0,"FUNCION EJECUTIVA, LEGISL, JUDICIAL Y ORGANISMOS DEL ESTADO",0,0,0,1,1212.0,85,Superior,Mujer
0,1,39,9.385033,EMPRESA PRIVADA -SOCIEDADES / COMPANIAS,0,0,0,1,2000.0,7,Superior,Mujer
1,0,33,16.242943,EMPRESA PRIVADA -SOCIEDADES / COMPANIAS,0,0,1,0,465.0,5,Secundaria,Hombre
1,1,27,7.121747,EMPRESA PRIVADA -SOCIEDADES / COMPANIAS,0,0,0,1,468.0,7,Superior,Mujer
1,1,48,0.0,MICRO EMPRESA (NO ARTESANAL),0,0,1,0,465.0,3,Secundaria,Mujer
0,1,60,0.0,"FUNCION EJECUTIVA, LEGISL, JUDICIAL Y ORGANISMOS DEL ESTADO",0,0,0,1,1676.0,122,Superior,Mujer
1,0,24,0.0,CONSTRUCCION,0,0,1,0,461.0,12,Secundaria,Hombre
0,0,33,9.488422,EMPRESA PRIVADA -SOCIEDADES / COMPANIAS,0,0,1,0,475.0,20,Secundaria,Hombre
1,1,28,0.0,"FUNCION EJECUTIVA, LEGISL, JUDICIAL Y ORGANISMOS DEL ESTADO",0,0,0,1,1676.0,10,Superior,Mujer
1,1,61,0.0,EMPLEADOR DOMESTICO,0,1,0,0,460.0,5,Primaria,Mujer
0,0,43,0.6454312,EMPRESA PRIVADA -SOCIEDADES / COMPANIAS,0,0,0,1,2523.0,200,Superior,Hombre
0,1,44,0.0,"FUNCION EJECUTIVA, LEGISL, JUDICIAL Y ORGANISMOS DEL ESTADO",0,0,0,1,1212.0,141,Superior,Mujer
1,0,65,0.41106495,EMPRESA PRIVADA -SOCIEDADES / COMPANIAS,0,0,1,0,468.0,231,Secundaria,Hombre
1,0,49,5.044416,EMPRESA PRIVADA -SOCIEDADES / COMPANIAS,0,1,0,0,524.0,1,Primaria,Hombre
0,0,30,1.0506516,EMPRESA PRIVADA -SOCIEDADES / COMPANIAS,0,0,1,0,465.0,3,Secundaria,Hombre
0,0,52,0.0,"FUNCION EJECUTIVA, LEGISL, JUDICIAL Y ORGANISMOS DEL ESTADO",0,0,0,1,2086.0,251,Superior,Hombre
1,1,23,3.7659879,EMPRESA PRIVADA -SOCIEDADES / COMPANIAS,0,1,0,0,461.0,0,Primaria,Mujer
1,0,26,9.61587,EMPRESA PRIVADA -SOCIEDADES / COMPANIAS,0,0,0,1,460.0,17,Superior,Hombre
0,0,53,1.6482445,EMPRESA PRIVADA -SOCIEDADES / COMPANIAS,0,1,0,0,725.0,156,Primaria,Hombre
0,1,43,0.0,EMPRESA PRIVADA -SOCIEDADES / COMPANIAS,0,0,0,1,500.0,85,Superior,Mujer
0,1,58,0.0,"FUNCION EJECUTIVA, LEGISL, JUDICIAL Y ORGANISMOS DEL ESTADO",0,1,0,0,659.0,117,Primaria,Mujer
0,0,39,0.0,"FUNCION EJECUTIVA, LEGISL, JUDICIAL Y ORGANISMOS DEL ESTADO",0,0,0,1,2641.0,14,Superior,Hombre
0,0,32,2.7688599,EMPRESA PRIVADA -SOCIEDADES / COMPANIAS,0,0,1,0,650.0,88,Secundaria,Hombre
0,0,26,0.0,EMPRESA PRIVADA -SOCIEDADES / COMPANIAS,0,0,0,1,471.0,46,Superior,Hombre
0,0,33,-0.9893565,EMPRESA PRIVADA -SOCIEDADES / COMPANIAS,0,0,0,1,2800.0,120,Superior,Hombre
1,1,32,-1.4825848,EMPRESA PRIVADA -SOCIEDADES / COMPANIAS,0,0,0,1,475.0,0,Superior,Mujer
0,0,61,0.0,CONSTRUCCION,0,0,0,1,1200.0,9,Superior,Hombre
0,0,38,0.0,ORGANISMOS DEL REGIMEN SECCIONAL,0,0,0,1,700.0,28,Superior,Hombre
0,1,39,0.0,"FUNCION EJECUTIVA, LEGISL, JUDICIAL Y ORGANISMOS DEL ESTADO",0,0,0,1,817.0,0,Superior,Mujer
1,1,21,4.2408633,EMPRESA PRIVADA -SOCIEDADES / COMPANIAS,0,0,1,0,460.0,2,Secundaria,Mujer
1,1,32,0.0,ORGANISMOS DEL REGIMEN SECCIONAL,0,0,1,0,460.0,2,Secundaria,Mujer
0,1,37,0.0,"INSTITUCION FINANCIERA PRIVADA, BANCOS Y CIA DE SEGUROS",0,0,0,1,770.0,112,Superior,Mujer
1,1,24,1.6482445,EMPRESA PRIVADA -SOCIEDADES / COMPANIAS,0,0,1,0,471.0,10,Secundaria,Mujer
1,1,47,8.7019615,EMPRESA PRIVADA -SOCIEDADES / COMPANIAS,0,0,0,1,1200.0,27,Superior,Mujer
0,0,49,0.0,EMPRESA PRIVADA -SOCIEDADES / COMPANIAS,0,1,0,0,465.0,32,Primaria,Hombre
0,1,26,-18.924696,EMPRESA PRIVADA -SOCIEDADES / COMPANIAS,0,0,0,1,460.0,8,Superior,Mujer
0,1,44,1.15211,EMPRESA PRIVADA -SOCIEDADES / COMPANIAS,1,0,0,0,476.0,57,Sin Educación,Mujer
1,0,62,0.0,EMPRESA PRIVADA -SOCIEDADES / COMPANIAS,0,0,0,1,800.0,181,Superior,Hombre
0,1,43,0.0,"FUNCION EJECUTIVA, LEGISL, JUDICIAL Y ORGANISMOS DEL ESTADO",0,0,0,1,986.0,123,Superior,Mujer
0,1,38,0.0,MICRO EMPRESA (NO ARTESANAL),0,0,0,1,460.0,18,Superior,Mujer
1,1,53,0.0,EMPRESA PRIVADA -SOCIEDADES / COMPANIAS,0,0,0,1,1656.0,17,Superior,Mujer
0,1,41,-10.632897,EMPRESA PRIVADA -SOCIEDADES / COMPANIAS,0,1,0,0,460.0,84,Primaria,Mujer
0,0,33,2.6088908,EMPRESA PRIVADA -SOCIEDADES / COMPANIAS,0,0,1,0,460.0,77,Secundaria,Hombre
0,0,40,4.7230053,EMPRESA PRIVADA -SOCIEDADES / COMPANIAS,0,1,0,0,473.0,32,Primaria,Hombre
0,1,22,3.742633,EMPRESA PRIVADA -SOCIEDADES / COMPANIAS,0,0,1,0,471.0,0,Secundaria,Mujer
0,1,58,0.0,"FUNCION EJECUTIVA, LEGISL, JUDICIAL Y ORGANISMOS DEL ESTADO",0,0,0,1,1676.0,117,Superior,Mujer
1,0,25,3.7191427,EMPRESA PRIVADA -SOCIEDADES / COMPANIAS,0,0,1,0,460.0,1,Secundaria,Hombre
1,1,34,7.6113257,EMPRESA PRIVADA -SOCIEDADES / COMPANIAS,0,0,0,1,500.0,102,Superior,Mujer
1,0,26,0.0,EMPRESA PRIVADA -SOCIEDADES / COMPANIAS,0,0,1,0,550.0,84,Secundaria,Hombre
1,0,28,0.0,EMPRESA UNIPERSONAL /  PEQUEÑA INDUSTRIA,0,1,0,0,471.0,5,Primaria,Hombre
1,0,41,1.5080307,EMPRESA PRIVADA -SOCIEDADES / COMPANIAS,0,0,1,0,460.0,63,Secundaria,Hombre
1,0,43,0.0,EMPRESA PRIVADA -SOCIEDADES / COMPANIAS,0,1,0,0,460.0,26,Primaria,Hombre
0,0,38,4.943637,EMPRESA PRIVADA -SOCIEDADES / COMPANIAS,0,0,1,0,552.0,12,Secundaria,Hombre
0,0,26,3.8218465,EMPRESA PRIVADA -SOCIEDADES / COMPANIAS,0,0,1,0,1000.0,16,Secundaria,Hombre
0,0,43,2.4380639,EMPRESA PRIVADA -SOCIEDADES / COMPANIAS,0,0,1,0,650.0,0,Secundaria,Hombre
1,1,23,0.0,ENTIDADES PUBLICAS CON AUTONOMIA,0,0,1,0,540.0,9,Secundaria,Mujer
1,0,27,5.326576,EMPRESA PRIVADA -SOCIEDADES / COMPANIAS,0,1,0,0,465.0,1,Primaria,Hombre
0,0,26,24.611778,EMPRESA PRIVADA -SOCIEDADES / COMPANIAS,0,0,1,0,460.0,36,Secundaria,Hombre
0,0,60,7.5711913,EMPRESA PRIVADA -SOCIEDADES / COMPANIAS,0,0,1,0,465.0,2,Secundaria,Hombre
0,0,37,0.57585,ENTIDADES PUBLICAS CON AUTONOMIA,0,0,1,0,1500.0,155,Secundaria,Hombre
1,1,61,0.0,EMPRESA PRIVADA -SOCIEDADES / COMPANIAS,0,1,0,0,460.0,177,Primaria,Mujer
0,1,46,0.0,"FUNCION EJECUTIVA, LEGISL, JUDICIAL Y ORGANISMOS DEL ESTADO",0,0,0,1,986.0,123,Superior,Mujer
1,1,38,0.0,"INSTITUCION FINANCIERA PRIVADA, BANCOS Y CIA DE SEGUROS",0,0,0,1,585.0,117,Superior,Mujer
1,1,43,0.0,EMPRESA PRIVADA -SOCIEDADES / COMPANIAS,0,0,0,1,1118.0,7,Superior,Mujer
1,1,28,0.0,ORGANISMOS DEL REGIMEN SECCIONAL,0,0,0,1,733.0,3,Superior,Mujer
1,1,41,-6.276486,EMPRESA PRIVADA -SOCIEDADES / COMPANIAS,0,0,1,0,461.0,143,Secundaria,Mujer
0,0,30,2.1428487,EMPRESA PRIVADA -SOCIEDADES / COMPANIAS,0,0,1,0,465.0,86,Secundaria,Hombre
0,1,36,0.0,EMPRESA PRIVADA -SOCIEDADES / COMPANIAS,0,0,1,0,468.0,41,Secundaria,Mujer
0,1,37,3.7191427,EMPRESA PRIVADA -SOCIEDADES / COMPANIAS,0,0,1,0,471.0,176,Secundaria,Mujer
1,0,35,4.4803963,EMPRESA PRIVADA -SOCIEDADES / COMPANIAS,0,0,1,0,460.0,2,Secundaria,Hombre
1,0,57,0.0,EMPRESA PRIVADA -SOCIEDADES / COMPANIAS,0,0,0,1,1200.0,46,Superior,Hombre
0,0,43,0.0,ORGANISMOS DEL REGIMEN SECCIONAL,0,0,0,1,4100.0,13,Superior,Hombre
1,1,25,0.0,"FUNCION EJECUTIVA, LEGISL, JUDICIAL Y ORGANISMOS DEL ESTADO",0,0,0,1,986.0,5,Superior,Mujer
1,0,43,3.0221076,EMPRESA PRIVADA -SOCIEDADES / COMPANIAS,0,0,1,0,600.0,0,Secundaria,Hombre
0,1,50,0.0,"FUNCION EJECUTIVA, LEGISL, JUDICIAL Y ORGANISMOS DEL ESTADO",0,0,0,1,817.0,123,Superior,Mujer
0,0,26,5.4873505,EMPRESA PRIVADA -SOCIEDADES / COMPANIAS,0,0,1,0,550.0,36,Secundaria,Hombre
1,1,60,0.0,EMPLEADOR DOMESTICO,0,1,0,0,460.0,18,Primaria,Mujer
0,0,50,-0.74260414,EMPRESA PRIVADA -SOCIEDADES / COMPANIAS,0,1,0,0,460.0,193,Primaria,Hombre
1,1,23,6.1782846,EMPRESA PRIVADA -SOCIEDADES / COMPANIAS,0,0,1,0,520.0,12,Secundaria,Mujer
1,0,34,1.5833268,EMPRESA PRIVADA -SOCIEDADES / COMPANIAS,0,0,1,0,460.0,18,Secundaria,Hombre
1,0,52,0.0,ENTIDADES PUBLICAS CON AUTONOMIA,0,1,0,0,656.0,1,Primaria,Hombre
1,0,36,0.0,EMPRESA PRIVADA -SOCIEDADES / COMPANIAS,0,1,0,0,474.0,4,Primaria,Hombre
1,0,48,5.949637,EMPRESA PRIVADA -SOCIEDADES / COMPANIAS,0,0,1,0,501.0,5,Secundaria,Hombre
1,1,55,-8.172809,EMPRESA PRIVADA -SOCIEDADES / COMPANIAS,0,1,0,0,468.0,152,Primaria,Mujer
1,1,42,0.0,EMPRESA PRIVADA -SOCIEDADES / COMPANIAS,0,0,0,1,600.0,9,Superior,Mujer
0,0,34,7.116482,EMPRESA PRIVADA -SOCIEDADES / COMPANIAS,0,1,0,0,475.0,45,Primaria,Hombre
1,1,38,0.0,EMPRESA UNIPERSONAL /  PEQUEÑA INDUSTRIA,0,0,0,1,600.0,21,Superior,Mujer
1,1,28,4.4791994,EMPRESA PRIVADA -SOCIEDADES / COMPANIAS,0,1,0,0,476.0,91,Primaria,Mujer
0,1,35,0.0,"FUNCION EJECUTIVA, LEGISL, JUDICIAL Y ORGANISMOS DEL ESTADO",0,0,0,1,817.0,93,Superior,Mujer
1,1,25,0.0,ENTIDADES PUBLICAS CON AUTONOMIA,0,0,0,1,986.0,5,Superior,Mujer
1,1,30,0.0,"FUNCION EJECUTIVA, LEGISL, JUDICIAL Y ORGANISMOS DEL ESTADO",0,0,0,1,817.0,1,Superior,Mujer
1,0,28,8.374385,EMPRESA PRIVADA -SOCIEDADES / COMPANIAS,0,0,1,0,486.0,4,Secundaria,Hombre
1,1,27,7.4176707,EMPRESA PRIVADA -SOCIEDADES / COMPANIAS,0,0,0,1,580.0,6,Superior,Mujer
1,1,24,0.0,"FUNCION EJECUTIVA, LEGISL, JUDICIAL Y ORGANISMOS DEL ESTADO",0,0,0,1,986.0,5,Superior,Mujer
1,1,44,1.1462173,EMPRESA PRIVADA -SOCIEDADES / COMPANIAS,0,0,1,0,550.0,1,Secundaria,Mujer
0,0,22,19.170013,EMPRESA PRIVADA -SOCIEDADES / COMPANIAS,0,0,1,0,545.0,16,Secundaria,Hombre
0,1,43,28.602795,EMPRESA PRIVADA -SOCIEDADES / COMPANIAS,0,0,0,1,840.0,15,Superior,Mujer
0,1,33,2.8255281,EMPRESA PRIVADA -SOCIEDADES / COMPANIAS,0,0,1,0,460.0,2,Secundaria,Mujer
0,1,41,0.0,ORGANISMOS DEL REGIMEN SECCIONAL,0,0,0,1,3247.0,12,Superior,Mujer
1,0,27,19.967442,EMPRESA PRIVADA -SOCIEDADES / COMPANIAS,1,0,0,0,460.0,6,Sin Educación,Hombre
1,1,22,3.155199,EMPRESA PRIVADA -SOCIEDADES / COMPANIAS,0,0,1,0,475.0,1,Secundaria,Mujer
0,1,44,0.0,EMPRESA UNIPERSONAL /  PEQUEÑA INDUSTRIA,0,0,1,0,468.0,173,Secundaria,Mujer
0,1,21,-3.7401857,EMPRESA PRIVADA -SOCIEDADES / COMPANIAS,0,0,1,0,485.0,1,Secundaria,Mujer
1,1,47,0.0,EMPRESA PRIVADA -SOCIEDADES / COMPANIAS,0,0,0,1,471.0,89,Superior,Mujer
1,0,28,0.0,ORGANISMOS DEL REGIMEN SECCIONAL,0,1,0,0,585.0,5,Primaria,Hombre
1,1,36,1.2088232,EMPRESA PRIVADA -SOCIEDADES / COMPANIAS,0,1,0,0,460.0,61,Primaria,Mujer
0,0,36,0.05206825,EMPRESA PRIVADA -SOCIEDADES / COMPANIAS,0,1,0,0,465.0,6,Primaria,Hombre
0,1,35,0.0,COOPERA  NO CONTROLADAS POR LA SUPERINTENDENCIA  DE BANCOS,0,0,0,1,662.0,0,Superior,Mujer
1,1,51,-4.8974667,EMPRESA PRIVADA -SOCIEDADES / COMPANIAS,0,0,1,0,462.0,1,Secundaria,Mujer
0,1,45,1.075683,EMPRESA PRIVADA -SOCIEDADES / COMPANIAS,0,1,0,0,460.0,119,Primaria,Mujer
0,1,63,0.0,EMPLEADOR DOMESTICO,0,1,0,0,460.0,173,Primaria,Mujer
1,1,27,0.0,"FUNCION EJECUTIVA, LEGISL, JUDICIAL Y ORGANISMOS DEL ESTADO",0,0,0,1,901.0,9,Superior,Mujer
0,1,38,17.90411,EMPRESA PRIVADA -SOCIEDADES / COMPANIAS,0,1,0,0,460.0,146,Primaria,Mujer
0,0,20,0.0,ORGANISMOS DEL REGIMEN SECCIONAL,0,0,1,0,596.0,2,Secundaria,Hombre
0,1,36,0.0,ENTIDADES PUBLICAS CON AUTONOMIA,0,0,0,1,2641.0,23,Superior,Mujer
0,1,36,0.84767365,EMPRESA PRIVADA -SOCIEDADES / COMPANIAS,0,0,1,0,468.0,107,Secundaria,Mujer
0,1,60,1.477893,EMPRESA PRIVADA -SOCIEDADES / COMPANIAS,0,0,0,1,3050.0,244,Superior,Mujer
1,0,31,0.9159383,EMPRESA PRIVADA -SOCIEDADES / COMPANIAS,0,1,0,0,546.0,13,Primaria,Hombre
0,0,41,1.756804,EMPRESA PRIVADA -SOCIEDADES / COMPANIAS,0,0,1,0,465.0,6,Secundaria,Hombre
1,1,60,0.0,"FUNCION EJECUTIVA, LEGISL, JUDICIAL Y ORGANISMOS DEL ESTADO",0,0,0,1,1760.0,123,Superior,Mujer
1,1,28,6.672636,EMPRESA PRIVADA -SOCIEDADES / COMPANIAS,0,0,0,1,500.0,1,Superior,Mujer
0,0,36,0.0,"FUNCION EJECUTIVA, LEGISL, JUDICIAL Y ORGANISMOS DEL ESTADO",0,0,0,1,585.0,152,Superior,Hombre
1,1,20,0.0,EMPRESA UNIPERSONAL /  PEQUEÑA INDUSTRIA,0,0,1,0,460.0,10,Secundaria,Mujer
1,1,40,3.657157,EMPRESA PRIVADA -SOCIEDADES / COMPANIAS,0,0,1,0,461.0,20,Secundaria,Mujer
1,0,31,6.2958393,EMPRESA PRIVADA -SOCIEDADES / COMPANIAS,0,0,1,0,460.0,37,Secundaria,Hombre
1,0,52,-0.48466527,EMPRESA PRIVADA -SOCIEDADES / COMPANIAS,1,0,0,0,468.0,0,Sin Educación,Hombre
1,0,33,1.8138195,EMPRESA UNIPERSONAL /  PEQUEÑA INDUSTRIA,0,0,1,0,465.0,19,Secundaria,Hombre
1,1,21,3.2849674,EMPRESA PRIVADA -SOCIEDADES / COMPANIAS,0,0,1,0,465.0,4,Secundaria,Mujer
0,0,39,0.0,"INSTITUCION FINANCIERA PRIVADA, BANCOS Y CIA DE SEGUROS",0,0,0,1,675.0,23,Superior,Hombre
1,0,30,0.0,"FUNCION EJECUTIVA, LEGISL, JUDICIAL Y ORGANISMOS DEL ESTADO",0,0,1,0,675.0,1,Secundaria,Hombre
0,0,30,0.0,ORGANISMOS DEL REGIMEN SECCIONAL,0,0,1,0,2368.0,8,Secundaria,Hombre
1,0,24,0.0,EMPRESA PRIVADA -SOCIEDADES / COMPANIAS,0,1,0,0,465.0,41,Primaria,Hombre
1,0,45,4.143139,CONSTRUCCION,0,0,1,0,460.0,2,Secundaria,Hombre
1,0,82,0.93154085,EMPRESA PRIVADA -SOCIEDADES / COMPANIAS,0,1,0,0,662.0,71,Primaria,Hombre
1,0,34,28.602795,EMPRESA PRIVADA -SOCIEDADES / COMPANIAS,0,1,0,0,700.0,29,Primaria,Hombre
1,0,26,1.4758871,EMPRESA PRIVADA -SOCIEDADES / COMPANIAS,0,0,0,1,460.0,3,Superior,Hombre
0,1,55,0.0,"FUNCION EJECUTIVA, LEGISL, JUDICIAL Y ORGANISMOS DEL ESTADO",0,0,0,1,1676.0,171,Superior,Mujer
1,1,25,0.0,"INSTITUCION FINANCIERA PRIVADA, BANCOS Y CIA DE SEGUROS",0,0,0,1,550.0,27,Superior,Mujer
1,0,31,0.0,EMPRESA PRIVADA -SOCIEDADES / COMPANIAS,0,1,0,0,460.0,2,Primaria,Hombre
1,1,37,0.0,EMPRESA PRIVADA -SOCIEDADES / COMPANIAS,0,0,0,1,460.0,79,Superior,Mujer
1,0,23,-18.924696,EMPRESA PRIVADA -SOCIEDADES / COMPANIAS,0,0,1,0,460.0,2,Secundaria,Hombre
0,0,64,0.0,ENTIDADES PUBLICAS CON AUTONOMIA,0,0,0,1,2536.0,116,Superior,Hombre
1,1,25,0.0,EMPLEADOR DOMESTICO,0,0,1,0,460.0,16,Secundaria,Mujer
1,0,44,0.0,ORGANISMOS DEL REGIMEN SECCIONAL,0,0,0,1,901.0,5,Superior,Hombre
1,1,61,0.0,"FUNCION EJECUTIVA, LEGISL, JUDICIAL Y ORGANISMOS DEL ESTADO",0,0,0,1,986.0,123,Superior,Mujer
1,0,31,4.518515,EMPRESA PRIVADA -SOCIEDADES / COMPANIAS,0,0,0,1,650.0,15,Superior,Hombre
0,1,38,6.570615,EMPRESA PRIVADA -SOCIEDADES / COMPANIAS,0,0,0,1,479.0,61,Superior,Mujer
0,1,58,28.602795,EMPRESA PRIVADA -SOCIEDADES / COMPANIAS,0,0,1,0,487.0,20,Secundaria,Mujer
0,0,30,28.602795,EMPRESA PRIVADA -SOCIEDADES / COMPANIAS,0,0,0,1,461.0,34,Superior,Hombre
0,0,36,0.0,"FUNCION EJECUTIVA, LEGISL, JUDICIAL Y ORGANISMOS DEL ESTADO",0,0,0,1,1212.0,3,Superior,Hombre
1,0,26,4.14613,EMPRESA PRIVADA -SOCIEDADES / COMPANIAS,0,0,1,0,460.0,5,Secundaria,Hombre
0,1,37,0.0,EMPRESA PRIVADA -SOCIEDADES / COMPANIAS,0,0,0,1,2030.0,129,Superior,Mujer
1,0,28,23.15218,EMPRESA PRIVADA -SOCIEDADES / COMPANIAS,1,0,0,0,460.0,16,Sin Educación,Hombre
1,1,34,0.0,EMPRESA PRIVADA -SOCIEDADES / COMPANIAS,0,0,0,1,1676.0,28,Superior,Mujer
1,1,27,10.456499,EMPRESA PRIVADA -SOCIEDADES / COMPANIAS,0,0,1,0,460.0,1,Secundaria,Mujer
1,1,23,25.446201,EMPRESA PRIVADA -SOCIEDADES / COMPANIAS,0,0,1,0,230.0,22,Secundaria,Mujer
1,1,26,0.0,"FUNCION EJECUTIVA, LEGISL, JUDICIAL Y ORGANISMOS DEL ESTADO",0,0,1,0,901.0,9,Secundaria,Mujer
1,0,55,7.2023044,EMPRESA PRIVADA -SOCIEDADES / COMPANIAS,0,1,0,0,460.0,49,Primaria,Hombre
1,0,50,0.0,ORGANISMOS DEL REGIMEN SECCIONAL,0,1,0,0,738.0,28,Primaria,Hombre
0,1,22,0.0,ORGANISMOS DEL REGIMEN SECCIONAL,0,0,1,0,817.0,22,Secundaria,Mujer
1,0,29,2.5017395,EMPRESA PRIVADA -SOCIEDADES / COMPANIAS,0,0,0,1,1100.0,20,Superior,Hombre
0,0,22,3.2687206,EMPRESA PRIVADA -SOCIEDADES / COMPANIAS,0,0,1,0,533.0,1,Secundaria,Hombre
0,0,34,4.731853,EMPRESA PRIVADA -SOCIEDADES / COMPANIAS,0,0,1,0,471.0,19,Secundaria,Hombre
0,1,30,9.232366,EMPRESA PRIVADA -SOCIEDADES / COMPANIAS,0,0,0,1,2000.0,74,Superior,Mujer
0,0,27,5.4123096,EMPRESA PRIVADA -SOCIEDADES / COMPANIAS,0,0,1,0,460.0,17,Secundaria,Hombre
0,0,23,14.165489,EMPRESA PRIVADA -SOCIEDADES / COMPANIAS,0,0,1,0,468.0,25,Secundaria,Hombre
1,0,25,0.0,ORGANISMOS DEL REGIMEN SECCIONAL,0,0,1,0,660.0,24,Secundaria,Hombre
1,0,19,3.0626278,EMPRESA PRIVADA -SOCIEDADES / COMPANIAS,0,1,0,0,468.0,7,Primaria,Hombre
1,1,45,-5.6938567,EMPRESA PRIVADA -SOCIEDADES / COMPANIAS,0,0,0,1,550.0,4,Superior,Mujer
0,0,23,0.0,ORGANISMOS DEL REGIMEN SECCIONAL,0,0,1,0,561.0,17,Secundaria,Hombre
1,0,53,0.0,CONSTRUCCION,0,1,0,0,505.0,3,Primaria,Hombre
0,0,52,-18.924696,EMPRESA PRIVADA -SOCIEDADES / COMPANIAS,0,0,0,1,550.0,92,Superior,Hombre
1,0,38,0.38419434,EMPRESA PRIVADA -SOCIEDADES / COMPANIAS,0,1,0,0,1022.0,11,Primaria,Hombre
1,0,41,3.443185,EMPRESA PRIVADA -SOCIEDADES / COMPANIAS,0,0,0,1,650.0,2,Superior,Hombre
1,0,24,11.640592,EMPRESA PRIVADA -SOCIEDADES / COMPANIAS,0,0,1,0,477.0,0,Secundaria,Hombre
0,0,45,0.0,"FUNCION EJECUTIVA, LEGISL, JUDICIAL Y ORGANISMOS DEL ESTADO",0,0,1,0,585.0,47,Secundaria,Hombre
0,1,60,0.0,"FUNCION EJECUTIVA, LEGISL, JUDICIAL Y ORGANISMOS DEL ESTADO",0,0,0,1,986.0,117,Superior,Mujer
1,0,39,11.441012,EMPRESA PRIVADA -SOCIEDADES / COMPANIAS,0,0,1,0,468.0,6,Secundaria,Hombre
0,1,57,0.0,EMPRESA PRIVADA -SOCIEDADES / COMPANIAS,0,0,1,0,723.0,207,Secundaria,Mujer
1,1,31,0.0,"FUNCION EJECUTIVA, LEGISL, JUDICIAL Y ORGANISMOS DEL ESTADO",0,0,0,1,817.0,67,Superior,Mujer
1,0,24,8.018097,EMPRESA PRIVADA -SOCIEDADES / COMPANIAS,0,1,0,0,486.0,16,Primaria,Hombre
1,1,32,3.6567068,EMPRESA PRIVADA -SOCIEDADES / COMPANIAS,0,0,1,0,480.0,50,Secundaria,Mujer
1,0,28,0.017917855,EMPRESA PRIVADA -SOCIEDADES / COMPANIAS,0,0,1,0,460.0,89,Secundaria,Hombre
0,1,36,0.0,"FUNCION EJECUTIVA, LEGISL, JUDICIAL Y ORGANISMOS DEL ESTADO",0,0,0,1,986.0,81,Superior,Mujer
1,0,58,6.570615,EMPRESA PRIVADA -SOCIEDADES / COMPANIAS,0,0,1,0,479.0,0,Secundaria,Hombre
0,1,30,0.0,"FUNCION EJECUTIVA, LEGISL, JUDICIAL Y ORGANISMOS DEL ESTADO",0,0,0,1,817.0,7,Superior,Mujer
1,0,41,0.0,"FUNCION EJECUTIVA, LEGISL, JUDICIAL Y ORGANISMOS DEL ESTADO",0,0,1,0,817.0,82,Secundaria,Hombre
0,0,21,3.1100125,EMPRESA PRIVADA -SOCIEDADES / COMPANIAS,0,0,1,0,473.0,3,Secundaria,Hombre
1,0,19,18.03786,EMPRESA PRIVADA -SOCIEDADES / COMPANIAS,0,1,0,0,550.0,2,Primaria,Hombre
0,0,33,13.179697,EMPRESA PRIVADA -SOCIEDADES / COMPANIAS,0,0,1,0,465.0,2,Secundaria,Hombre
0,0,62,0.0,EMPRESA PRIVADA -SOCIEDADES / COMPANIAS,0,0,1,0,460.0,157,Secundaria,Hombre
1,0,29,3.741557,EMPRESA PRIVADA -SOCIEDADES / COMPANIAS,0,0,1,0,461.0,0,Secundaria,Hombre
0,1,31,0.0,EMPRESA PRIVADA -SOCIEDADES / COMPANIAS,0,0,1,0,550.0,2,Secundaria,Mujer
0,0,28,0.0,EMPRESA PRIVADA -SOCIEDADES / COMPANIAS,0,0,1,0,465.0,36,Secundaria,Hombre
1,0,24,9.940148,EMPRESA PRIVADA -SOCIEDADES / COMPANIAS,0,0,1,0,465.0,17,Secundaria,Hombre
0,0,45,12.329233,EMPRESA PRIVADA -SOCIEDADES / COMPANIAS,0,0,0,1,1000.0,64,Superior,Hombre
1,0,56,0.0,EMPRESA PRIVADA -SOCIEDADES / COMPANIAS,0,0,1,0,525.0,89,Secundaria,Hombre
0,1,36,0.0,"INSTITUCION FINANCIERA PRIVADA, BANCOS Y CIA DE SEGUROS",0,0,1,0,1100.0,23,Secundaria,Mujer
1,1,39,13.505787,EMPRESA PRIVADA -SOCIEDADES / COMPANIAS,0,0,0,1,824.0,91,Superior,Mujer
1,0,75,0.0,EMPRESA PRIVADA -SOCIEDADES / COMPANIAS,0,0,0,1,460.0,129,Superior,Hombre
0,1,42,-0.031379618,EMPRESA PRIVADA -SOCIEDADES / COMPANIAS,0,0,0,1,800.0,44,Superior,Mujer
0,1,38,0.0,"FUNCION EJECUTIVA, LEGISL, JUDICIAL Y ORGANISMOS DEL ESTADO",0,0,0,1,2641.0,66,Superior,Mujer
1,1,30,2.0801053,EMPRESA PRIVADA -SOCIEDADES / COMPANIAS,0,0,0,1,470.0,0,Superior,Mujer
1,1,34,-0.025885904,EMPRESA PRIVADA -SOCIEDADES / COMPANIAS,0,0,0,1,600.0,101,Superior,Mujer
1,1,25,-4.108718,EMPRESA PRIVADA -SOCIEDADES / COMPANIAS,0,0,1,0,471.0,34,Secundaria,Mujer
0,0,57,6.4944315,EMPRESA PRIVADA -SOCIEDADES / COMPANIAS,0,0,1,0,471.0,46,Secundaria,Hombre
1,0,42,0.0,EMPRESA PRIVADA -SOCIEDADES / COMPANIAS,0,1,0,0,460.0,61,Primaria,Hombre
1,0,32,10.937784,EMPRESA PRIVADA -SOCIEDADES / COMPANIAS,0,0,1,0,481.0,134,Secundaria,Hombre
0,0,32,3.6340551,EMPRESA PRIVADA -SOCIEDADES / COMPANIAS,0,1,0,0,468.0,4,Primaria,Hombre
1,0,41,-3.3758404,EMPRESA PRIVADA -SOCIEDADES / COMPANIAS,0,1,0,0,461.0,1,Primaria,Hombre
0,0,55,0.0,ENTIDADES PUBLICAS CON AUTONOMIA,0,0,0,1,1204.0,45,Superior,Hombre
1,1,26,0.0,ORGANISMOS DEL REGIMEN SECCIONAL,0,0,0,1,460.0,4,Superior,Mujer
1,0,21,0.0,EMPRESA PRIVADA -SOCIEDADES / COMPANIAS,0,0,1,0,460.0,11,Secundaria,Hombre
1,1,28,13.601813,CONSTRUCCION,0,0,0,1,500.0,35,Superior,Mujer
0,0,36,0.5060664,EMPRESA PRIVADA -SOCIEDADES / COMPANIAS,0,0,0,1,1907.0,200,Superior,Hombre
1,0,26,-9.990864,EMPRESA PRIVADA -SOCIEDADES / COMPANIAS,0,0,0,1,603.0,35,Superior,Hombre
0,1,57,0.0,"OTRAS FINANC. PRIVAD, MUTUALISTAS ETC",0,0,1,0,1256.0,262,Secundaria,Mujer
1,0,33,0.49910218,EMPRESA PRIVADA -SOCIEDADES / COMPANIAS,0,1,0,0,800.0,65,Primaria,Hombre
1,0,29,0.0,"FUNCION EJECUTIVA, LEGISL, JUDICIAL Y ORGANISMOS DEL ESTADO",0,0,0,1,901.0,36,Superior,Hombre
0,0,44,2.8162909,EMPRESA PRIVADA -SOCIEDADES / COMPANIAS,0,0,1,0,675.0,17,Secundaria,Hombre
0,0,64,0.0,MIEMBROS DE   SINDICATOS  Y COOP DE TRANSPORTE TERRESTRE,0,1,0,0,1000.0,161,Primaria,Hombre
1,0,52,7.2023044,EMPRESA PRIVADA -SOCIEDADES / COMPANIAS,0,0,1,0,460.0,92,Secundaria,Hombre
1,1,26,21.488152,EMPRESA PRIVADA -SOCIEDADES / COMPANIAS,0,0,0,1,478.0,22,Superior,Mujer
1,1,33,-9.790457,EMPRESA PRIVADA -SOCIEDADES / COMPANIAS,0,0,1,0,468.0,91,Secundaria,Mujer
1,0,48,0.0,EMPRESA UNIPERSONAL /  PEQUEÑA INDUSTRIA,0,1,0,0,465.0,3,Primaria,Hombre
0,1,48,8.084702,EMPRESA PRIVADA -SOCIEDADES / COMPANIAS,0,0,0,1,3462.0,177,Superior,Mujer
0,1,38,0.0,ORGANISMOS DEL REGIMEN SECCIONAL,0,0,0,1,722.0,5,Superior,Mujer
0,0,24,6.302921,EMPRESA PRIVADA -SOCIEDADES / COMPANIAS,0,0,1,0,465.0,2,Secundaria,Hombre
0,0,63,0.0,EMPRESA PRIVADA -SOCIEDADES / COMPANIAS,0,0,0,1,562.0,21,Superior,Hombre
0,1,37,5.7000933,EMPRESA PRIVADA -SOCIEDADES / COMPANIAS,0,0,0,1,825.0,33,Superior,Mujer
1,0,40,5.044416,EMPRESA PRIVADA -SOCIEDADES / COMPANIAS,0,0,1,0,471.0,0,Secundaria,Hombre
1,0,60,0.0,"FUNCION EJECUTIVA, LEGISL, JUDICIAL Y ORGANISMOS DEL ESTADO",0,0,0,1,675.0,84,Superior,Hombre
1,0,44,0.0,EMPRESA PRIVADA -SOCIEDADES / COMPANIAS,0,0,1,0,533.0,40,Secundaria,Hombre
0,1,49,0.0,EMPRESA UNIPERSONAL /  PEQUEÑA INDUSTRIA,0,0,0,1,600.0,25,Superior,Mujer
1,0,23,0.0,ORGANISMOS DEL REGIMEN SECCIONAL,0,0,1,0,561.0,0,Secundaria,Hombre
1,0,30,0.0,"FUNCION EJECUTIVA, LEGISL, JUDICIAL Y ORGANISMOS DEL ESTADO",0,0,0,1,1086.0,51,Superior,Hombre
1,0,37,0.0,EMPRESA PRIVADA -SOCIEDADES / COMPANIAS,0,0,1,0,460.0,4,Secundaria,Hombre
1,1,27,0.0,EMPRESA UNIPERSONAL /  PEQUEÑA INDUSTRIA,0,0,1,0,486.0,61,Secundaria,Mujer
0,1,20,6.460501,EMPRESA PRIVADA -SOCIEDADES / COMPANIAS,0,0,1,0,460.0,15,Secundaria,Mujer
1,1,47,2.0733206,EMPRESA PRIVADA -SOCIEDADES / COMPANIAS,0,1,0,0,461.0,28,Primaria,Mujer
1,1,45,0.0,"INSTITUCION FINANCIERA PRIVADA, BANCOS Y CIA DE SEGUROS",0,0,0,1,2150.0,239,Superior,Mujer
0,1,31,0.0,"FUNCION EJECUTIVA, LEGISL, JUDICIAL Y ORGANISMOS DEL ESTADO",0,0,0,1,986.0,115,Superior,Mujer
0,1,40,0.0,ENTIDADES PUBLICAS CON AUTONOMIA,0,0,1,0,622.0,29,Secundaria,Mujer
0,0,31,-18.924696,EMPRESA PRIVADA -SOCIEDADES / COMPANIAS,0,0,1,0,460.0,17,Secundaria,Hombre
1,1,36,0.0,"FUNCION EJECUTIVA, LEGISL, JUDICIAL Y ORGANISMOS DEL ESTADO",0,0,0,1,540.0,9,Superior,Mujer
1,1,29,0.0,ORGANISMOS DEL REGIMEN SECCIONAL,0,0,0,1,986.0,29,Superior,Mujer
1,0,31,13.092766,EMPRESA PRIVADA -SOCIEDADES / COMPANIAS,0,0,1,0,471.0,70,Secundaria,Hombre
0,0,39,2.6604576,EMPRESA PRIVADA -SOCIEDADES / COMPANIAS,0,1,0,0,474.0,143,Primaria,Hombre
0,0,34,14.224626,EMPRESA PRIVADA -SOCIEDADES / COMPANIAS,0,0,1,0,460.0,123,Secundaria,Hombre
0,0,33,6.158521,EMPRESA PRIVADA -SOCIEDADES / COMPANIAS,0,0,1,0,474.0,32,Secundaria,Hombre
1,0,24,0.229145,EMPRESA PRIVADA -SOCIEDADES / COMPANIAS,0,0,1,0,707.0,0,Secundaria,Hombre
1,1,62,0.0,"FUNCION EJECUTIVA, LEGISL, JUDICIAL Y ORGANISMOS DEL ESTADO",0,0,0,1,1412.0,123,Superior,Mujer
1,0,44,0.0,"FUNCION EJECUTIVA, LEGISL, JUDICIAL Y ORGANISMOS DEL ESTADO",0,0,0,1,2418.0,0,Superior,Hombre
1,0,59,0.7745823,EMPRESA PRIVADA -SOCIEDADES / COMPANIAS,0,0,1,0,711.0,27,Secundaria,Hombre
1,0,30,-18.924696,EMPRESA PRIVADA -SOCIEDADES / COMPANIAS,0,0,1,0,465.0,3,Secundaria,Hombre
1,1,31,0.0,"FUNCION EJECUTIVA, LEGISL, JUDICIAL Y ORGANISMOS DEL ESTADO",0,0,1,0,540.0,25,Secundaria,Mujer
1,0,37,0.065746106,EMPRESA PRIVADA -SOCIEDADES / COMPANIAS,0,0,1,0,520.0,23,Secundaria,Hombre
1,0,42,20.616516,EMPRESA PRIVADA -SOCIEDADES / COMPANIAS,0,1,0,0,466.0,15,Primaria,Hombre
1,1,44,6.8677754,EMPRESA PRIVADA -SOCIEDADES / COMPANIAS,0,0,1,0,600.0,3,Secundaria,Mujer
0,0,36,-0.48466527,EMPRESA PRIVADA -SOCIEDADES / COMPANIAS,0,0,1,0,478.0,9,Secundaria,Hombre
1,1,41,4.5614233,EMPRESA PRIVADA -SOCIEDADES / COMPANIAS,0,0,0,1,900.0,72,Superior,Mujer
0,0,51,2.8516927,EMPRESA PRIVADA -SOCIEDADES / COMPANIAS,1,0,0,0,461.0,57,Sin Educación,Hombre
0,1,24,6.3556113,EMPRESA PRIVADA -SOCIEDADES / COMPANIAS,0,0,0,1,471.0,3,Superior,Mujer
0,1,44,9.59822,EMPRESA PRIVADA -SOCIEDADES / COMPANIAS,0,0,0,1,650.0,82,Superior,Mujer
1,0,19,12.090635,EMPRESA PRIVADA -SOCIEDADES / COMPANIAS,1,0,0,0,465.0,1,Sin Educación,Hombre
0,1,32,3.1066291,EMPRESA PRIVADA -SOCIEDADES / COMPANIAS,0,0,1,0,477.0,1,Secundaria,Mujer
0,1,31,0.0,EMPRESA PRIVADA -SOCIEDADES / COMPANIAS,0,0,0,1,525.0,133,Superior,Mujer
1,1,36,7.397831,EMPRESA PRIVADA -SOCIEDADES / COMPANIAS,0,0,1,0,472.0,80,Secundaria,Mujer
0,1,25,0.0,"FUNCION EJECUTIVA, LEGISL, JUDICIAL Y ORGANISMOS DEL ESTADO",0,0,1,0,591.0,9,Secundaria,Mujer
1,1,26,0.0,EMPRESA PRIVADA -SOCIEDADES / COMPANIAS,0,0,0,1,600.0,0,Superior,Mujer
0,1,27,13.158345,EMPRESA PRIVADA -SOCIEDADES / COMPANIAS,0,0,0,1,1204.0,23,Superior,Mujer
1,0,29,3.7191427,EMPRESA PRIVADA -SOCIEDADES / COMPANIAS,0,0,1,0,471.0,72,Secundaria,Hombre
0,1,57,-3.4711802,EMPRESA PRIVADA -SOCIEDADES / COMPANIAS,0,0,1,0,461.0,9,Secundaria,Mujer
0,1,59,0.0,"FUNCION EJECUTIVA, LEGISL, JUDICIAL Y ORGANISMOS DEL ESTADO",0,0,1,0,817.0,117,Secundaria,Mujer
1,0,60,-6.070323,EMPRESA PRIVADA -SOCIEDADES / COMPANIAS,0,0,1,0,700.0,145,Secundaria,Hombre
0,0,30,0.0,EMPRESA PRIVADA -SOCIEDADES / COMPANIAS,0,0,1,0,1104.0,73,Secundaria,Hombre
0,1,64,0.0,COOPERA  NO CONTROLADAS POR LA SUPERINTENDENCIA  DE BANCOS,0,0,1,0,628.0,263,Secundaria,Mujer
0,0,34,19.09971,EMPRESA PRIVADA -SOCIEDADES / COMPANIAS,0,0,0,1,1763.0,40,Superior,Hombre
1,0,65,0.0,ENTIDADES PUBLICAS CON AUTONOMIA,0,1,0,0,1087.0,41,Primaria,Hombre
1,0,41,18.897308,EMPRESA PRIVADA -SOCIEDADES / COMPANIAS,0,1,0,0,460.0,0,Primaria,Hombre
1,0,30,14.858723,EMPRESA PRIVADA -SOCIEDADES / COMPANIAS,0,0,1,0,465.0,2,Secundaria,Hombre
0,1,33,0.0,EMPRESA PRIVADA -SOCIEDADES / COMPANIAS,0,0,1,0,600.0,3,Secundaria,Mujer
1,0,33,-0.17605941,EMPRESA PRIVADA -SOCIEDADES / COMPANIAS,0,0,1,0,476.0,3,Secundaria,Hombre
0,0,33,5.612335,EMPRESA PRIVADA -SOCIEDADES / COMPANIAS,0,0,0,1,600.0,2,Superior,Hombre
1,0,37,0.0,EMPRESA PRIVADA -SOCIEDADES / COMPANIAS,0,0,0,1,466.0,40,Superior,Hombre
0,1,34,0.0,"FUNCION EJECUTIVA, LEGISL, JUDICIAL Y ORGANISMOS DEL ESTADO",0,0,0,1,1086.0,36,Superior,Mujer
1,0,21,0.0,EMPRESA PRIVADA -SOCIEDADES / COMPANIAS,0,0,1,0,470.0,4,Secundaria,Hombre
0,1,22,0.0,EMPRESA PRIVADA -SOCIEDADES / COMPANIAS,0,0,0,1,500.0,1,Superior,Mujer
1,0,39,3.2008889,EMPRESA PRIVADA -SOCIEDADES / COMPANIAS,1,0,0,0,460.0,10,Sin Educación,Hombre
0,0,43,0.0,ENTIDADES PUBLICAS CON AUTONOMIA,0,0,0,1,1462.0,133,Superior,Hombre
1,0,54,-0.48466527,EMPRESA PRIVADA -SOCIEDADES / COMPANIAS,0,1,0,0,468.0,0,Primaria,Hombre
0,0,47,0.0,ENTIDADES PUBLICAS CON AUTONOMIA,0,0,0,1,2641.0,84,Superior,Hombre
1,1,21,0.0,EMPRESA PRIVADA -SOCIEDADES / COMPANIAS,0,0,1,0,468.0,20,Secundaria,Mujer
0,0,63,0.0,"FUNCION EJECUTIVA, LEGISL, JUDICIAL Y ORGANISMOS DEL ESTADO",0,0,0,1,986.0,118,Superior,Hombre
0,1,40,0.0,EMPRESA PRIVADA -SOCIEDADES / COMPANIAS,0,0,0,1,855.0,157,Superior,Mujer
0,1,37,-2.9934845,EMPRESA PRIVADA -SOCIEDADES / COMPANIAS,0,0,1,0,461.0,51,Secundaria,Mujer
0,1,37,0.0,ENTIDADES PUBLICAS CON AUTONOMIA,0,0,0,1,2641.0,16,Superior,Mujer
0,0,30,14.051379,EMPRESA PRIVADA -SOCIEDADES / COMPANIAS,0,0,1,0,898.0,108,Secundaria,Hombre
0,0,52,0.0,EMPRESA PRIVADA -SOCIEDADES / COMPANIAS,0,0,0,1,880.0,16,Superior,Hombre
0,0,32,0.5522988,EMPRESA PRIVADA -SOCIEDADES / COMPANIAS,0,1,0,0,468.0,89,Primaria,Hombre
0,0,32,14.517335,EMPRESA PRIVADA -SOCIEDADES / COMPANIAS,0,0,0,1,465.0,17,Superior,Hombre
0,0,46,0.0,EMPRESA PRIVADA -SOCIEDADES / COMPANIAS,1,0,0,0,461.0,2,Sin Educación,Hombre
0,0,34,0.0,ENTIDADES PUBLICAS CON AUTONOMIA,0,0,1,0,780.0,20,Secundaria,Hombre
1,1,24,0.41936228,EMPRESA PRIVADA -SOCIEDADES / COMPANIAS,0,0,1,0,461.0,17,Secundaria,Mujer
1,1,44,0.5060664,EMPRESA PRIVADA -SOCIEDADES / COMPANIAS,0,0,0,1,2418.0,108,Superior,Mujer
0,0,37,0.0,ORGANISMOS DEL REGIMEN SECCIONAL,0,0,1,0,918.0,132,Secundaria,Hombre
1,1,24,0.0,ENTIDADES PUBLICAS CON AUTONOMIA,0,0,1,0,540.0,9,Secundaria,Mujer
1,1,40,0.0,EMPRESA PRIVADA -SOCIEDADES / COMPANIAS,1,0,0,0,898.0,1,Sin Educación,Mujer
1,0,35,0.0,"FUNCION EJECUTIVA, LEGISL, JUDICIAL Y ORGANISMOS DEL ESTADO",0,0,0,1,901.0,9,Superior,Hombre
1,0,28,0.0,COOP AHORRO  CRED. VIVIENDA ETC.CONTR SUPER  DE BANCOS,0,0,0,1,650.0,28,Superior,Hombre
1,1,46,-5.7692847,EMPRESA PRIVADA -SOCIEDADES / COMPANIAS,0,0,1,0,460.0,25,Secundaria,Mujer
0,0,56,0.0,EMPRESA PRIVADA -SOCIEDADES / COMPANIAS,0,0,0,1,2000.0,143,Superior,Hombre
1,0,24,8.084702,EMPRESA PRIVADA -SOCIEDADES / COMPANIAS,0,0,1,0,460.0,3,Secundaria,Hombre
0,0,43,0.0,ENTIDADES PUBLICAS CON AUTONOMIA,0,0,1,0,620.0,41,Secundaria,Hombre
1,0,26,0.0,EMPRESA UNIPERSONAL /  PEQUEÑA INDUSTRIA,1,0,0,0,471.0,1,Sin Educación,Hombre
0,0,62,0.0,EMPRESA UNIPERSONAL /  PEQUEÑA INDUSTRIA,0,0,0,1,1200.0,66,Superior,Hombre
0,0,35,0.0,"FUNCION EJECUTIVA, LEGISL, JUDICIAL Y ORGANISMOS DEL ESTADO",0,0,0,1,1212.0,15,Superior,Hombre
1,0,68,0.0,CONSTRUCCION,0,1,0,0,478.0,80,Primaria,Hombre
1,0,40,5.3645334,EMPRESA PRIVADA -SOCIEDADES / COMPANIAS,0,0,1,0,700.0,26,Secundaria,Hombre
0,0,34,0.0,"FUNCION EJECUTIVA, LEGISL, JUDICIAL Y ORGANISMOS DEL ESTADO",0,0,0,1,986.0,116,Superior,Hombre
1,0,29,-0.48466527,EMPRESA PRIVADA -SOCIEDADES / COMPANIAS,0,0,1,0,468.0,0,Secundaria,Hombre
0,0,34,0.0,EMPLEADOR DOMESTICO,0,1,0,0,460.0,35,Primaria,Hombre
1,0,22,5.4873505,EMPRESA PRIVADA -SOCIEDADES / COMPANIAS,0,1,0,0,466.0,4,Primaria,Hombre
1,0,50,-14.237719,EMPRESA PRIVADA -SOCIEDADES / COMPANIAS,0,0,1,0,460.0,37,Secundaria,Hombre
0,0,39,0.0,MICRO EMPRESA (NO ARTESANAL),0,0,0,1,461.0,8,Superior,Hombre
1,1,24,0.0,"FUNCION EJECUTIVA, LEGISL, JUDICIAL Y ORGANISMOS DEL ESTADO",0,0,0,1,986.0,5,Superior,Mujer
1,0,34,1.3378813,EMPRESA PRIVADA -SOCIEDADES / COMPANIAS,0,0,1,0,460.0,3,Secundaria,Hombre
0,1,51,0.0,EMPLEADOR DOMESTICO,0,1,0,0,460.0,170,Primaria,Mujer
0,0,43,8.225626,EMPRESA PRIVADA -SOCIEDADES / COMPANIAS,0,0,1,0,466.0,33,Secundaria,Hombre
1,1,26,0.0,EMPLEADOR DOMESTICO,0,1,0,0,460.0,23,Primaria,Mujer
0,0,32,-2.219587,EMPRESA PRIVADA -SOCIEDADES / COMPANIAS,0,0,0,1,471.0,4,Superior,Hombre
1,1,26,2.946744,EMPRESA PRIVADA -SOCIEDADES / COMPANIAS,0,0,0,1,460.0,1,Superior,Mujer
0,1,60,0.0,EMPLEADOR DOMESTICO,0,1,0,0,460.0,59,Primaria,Mujer
1,0,26,15.632458,EMPRESA UNIPERSONAL /  PEQUEÑA INDUSTRIA,0,0,1,0,465.0,8,Secundaria,Hombre
1,0,37,0.0,"FUNCION EJECUTIVA, LEGISL, JUDICIAL Y ORGANISMOS DEL ESTADO",0,0,0,1,1676.0,14,Superior,Hombre
0,0,60,0.0,EMPRESA UNIPERSONAL /  PEQUEÑA INDUSTRIA,0,0,0,1,460.0,133,Superior,Hombre
0,0,41,0.0,EMPRESA PRIVADA -SOCIEDADES / COMPANIAS,0,0,1,0,1350.0,3,Secundaria,Hombre
0,0,31,0.0,ENTIDADES PUBLICAS CON AUTONOMIA,0,0,1,0,1074.0,104,Secundaria,Hombre
1,0,44,0.0,"FUNCION EJECUTIVA, LEGISL, JUDICIAL Y ORGANISMOS DEL ESTADO",0,0,0,1,1086.0,36,Superior,Hombre
1,0,33,1.6663877,EMPRESA PRIVADA -SOCIEDADES / COMPANIAS,0,0,1,0,462.0,0,Secundaria,Hombre
0,1,48,0.0,"FUNCION EJECUTIVA, LEGISL, JUDICIAL Y ORGANISMOS DEL ESTADO",0,0,0,1,986.0,89,Superior,Mujer
0,1,35,0.0,ENTIDADES PUBLICAS CON AUTONOMIA,0,0,0,1,1212.0,84,Superior,Mujer
1,1,45,0.0,EMPRESA UNIPERSONAL /  PEQUEÑA INDUSTRIA,0,0,1,0,630.0,27,Secundaria,Mujer
0,0,35,16.982603,EMPRESA PRIVADA -SOCIEDADES / COMPANIAS,0,0,0,1,650.0,24,Superior,Hombre
1,1,35,-18.924696,EMPRESA PRIVADA -SOCIEDADES / COMPANIAS,0,0,1,0,900.0,4,Secundaria,Mujer
0,1,29,9.8405285,EMPRESA PRIVADA -SOCIEDADES / COMPANIAS,0,0,0,1,1200.0,31,Superior,Mujer
0,0,39,0.0,"FUNCION EJECUTIVA, LEGISL, JUDICIAL Y ORGANISMOS DEL ESTADO",0,0,0,1,2641.0,31,Superior,Hombre
0,1,28,0.0,ENTIDADES PUBLICAS CON AUTONOMIA,0,0,0,1,527.0,87,Superior,Mujer
1,0,40,0.0,EMPRESA PRIVADA -SOCIEDADES / COMPANIAS,0,0,0,1,750.0,81,Superior,Hombre
1,1,48,0.0,EMPLEADOR DOMESTICO,0,1,0,0,460.0,72,Primaria,Mujer
0,0,19,5.50723,EMPRESA PRIVADA -SOCIEDADES / COMPANIAS,0,1,0,0,464.0,1,Primaria,Hombre
1,0,24,2.2495065,EMPRESA PRIVADA -SOCIEDADES / COMPANIAS,0,1,0,0,460.0,70,Primaria,Hombre
1,0,23,5.7175198,EMPRESA PRIVADA -SOCIEDADES / COMPANIAS,0,1,0,0,468.0,2,Primaria,Hombre
1,1,60,1.3858113,EMPRESA PRIVADA -SOCIEDADES / COMPANIAS,0,0,1,0,2800.0,32,Secundaria,Mujer
0,0,39,0.0,"FUNCION EJECUTIVA, LEGISL, JUDICIAL Y ORGANISMOS DEL ESTADO",0,0,0,1,817.0,30,Superior,Hombre
1,0,27,0.0,"FUNCION EJECUTIVA, LEGISL, JUDICIAL Y ORGANISMOS DEL ESTADO",0,0,1,0,986.0,5,Secundaria,Hombre
0,1,27,6.4434705,EMPRESA PRIVADA -SOCIEDADES / COMPANIAS,0,0,1,0,461.0,55,Secundaria,Mujer
1,1,45,0.0,EMPRESA PRIVADA -SOCIEDADES / COMPANIAS,0,0,1,0,460.0,95,Secundaria,Mujer
0,0,42,0.0,ENTIDADES PÚBLICAS DE EDUCACIÓN SUPERIOR,0,0,0,1,2496.0,114,Superior,Hombre
1,0,33,-0.2909145,EMPRESA PRIVADA -SOCIEDADES / COMPANIAS,0,1,0,0,465.0,3,Primaria,Hombre
0,1,28,0.0,ORGANISMOS DEL REGIMEN SECCIONAL,0,1,0,0,675.0,77,Primaria,Mujer
0,0,38,0.7678886,EMPRESA PRIVADA -SOCIEDADES / COMPANIAS,0,0,1,0,5000.0,2,Secundaria,Hombre
1,0,30,1.6567713,EMPRESA PRIVADA -SOCIEDADES / COMPANIAS,0,0,1,0,711.0,20,Secundaria,Hombre
0,0,53,6.460501,EMPRESA PRIVADA -SOCIEDADES / COMPANIAS,0,1,0,0,460.0,165,Primaria,Hombre
0,0,31,0.2214252,EMPRESA PRIVADA -SOCIEDADES / COMPANIAS,0,0,0,1,800.0,20,Superior,Hombre
0,0,47,4.5607057,EMPRESA PRIVADA -SOCIEDADES / COMPANIAS,0,0,1,0,924.0,198,Secundaria,Hombre
0,0,56,0.0,EMPRESA UNIPERSONAL /  PEQUEÑA INDUSTRIA,0,1,0,0,460.0,28,Primaria,Hombre
0,1,54,0.0,"FUNCION EJECUTIVA, LEGISL, JUDICIAL Y ORGANISMOS DEL ESTADO",0,0,0,1,1212.0,47,Superior,Mujer
1,1,28,0.0,EMPRESA PRIVADA -SOCIEDADES / COMPANIAS,0,0,1,0,460.0,1,Secundaria,Mujer
1,0,33,1.2575326,EMPRESA PRIVADA -SOCIEDADES / COMPANIAS,0,0,0,1,666.0,0,Superior,Hombre
1,0,28,0.78652924,EMPRESA PRIVADA -SOCIEDADES / COMPANIAS,0,0,0,1,465.0,56,Superior,Hombre
1,0,31,0.0,"FUNCION EJECUTIVA, LEGISL, JUDICIAL Y ORGANISMOS DEL ESTADO",0,0,0,1,2368.0,13,Superior,Hombre
0,1,31,10.057199,EMPRESA PRIVADA -SOCIEDADES / COMPANIAS,0,0,0,1,650.0,51,Superior,Mujer
1,1,43,4.143139,EMPRESA PRIVADA -SOCIEDADES / COMPANIAS,0,0,1,0,465.0,8,Secundaria,Mujer
0,1,22,0.0,ENTIDADES PUBLICAS CON AUTONOMIA,0,0,1,0,540.0,1,Secundaria,Mujer
1,1,28,1.7460241,EMPRESA PRIVADA -SOCIEDADES / COMPANIAS,0,0,1,0,471.0,7,Secundaria,Mujer
1,1,23,0.23244953,EMPRESA PRIVADA -SOCIEDADES / COMPANIAS,1,0,0,0,460.0,0,Sin Educación,Mujer
0,1,60,2.1763833,EMPRESA PRIVADA -SOCIEDADES / COMPANIAS,0,0,0,1,1000.0,50,Superior,Mujer
0,0,57,0.0,EMPRESA PRIVADA -SOCIEDADES / COMPANIAS,0,0,1,0,464.0,233,Secundaria,Hombre
0,1,34,-4.2037253,EMPRESA PRIVADA -SOCIEDADES / COMPANIAS,0,0,1,0,461.0,0,Secundaria,Mujer
0,0,33,0.0,"FUNCION EJECUTIVA, LEGISL, JUDICIAL Y ORGANISMOS DEL ESTADO",0,0,0,1,1212.0,10,Superior,Hombre
0,0,30,2.204357,EMPRESA PRIVADA -SOCIEDADES / COMPANIAS,0,0,0,1,809.0,12,Superior,Hombre
0,1,45,0.0,"FUNCION EJECUTIVA, LEGISL, JUDICIAL Y ORGANISMOS DEL ESTADO",0,0,0,1,817.0,47,Superior,Mujer
0,1,37,8.676242,EMPRESA PRIVADA -SOCIEDADES / COMPANIAS,0,0,1,0,476.0,66,Secundaria,Mujer
1,1,22,1.5833268,EMPRESA PRIVADA -SOCIEDADES / COMPANIAS,0,0,1,0,460.0,25,Secundaria,Mujer
0,0,45,0.0,"FUNCION EJECUTIVA, LEGISL, JUDICIAL Y ORGANISMOS DEL ESTADO",0,0,0,1,901.0,92,Superior,Hombre
1,1,26,0.0,"FUNCION EJECUTIVA, LEGISL, JUDICIAL Y ORGANISMOS DEL ESTADO",0,0,0,1,1212.0,10,Superior,Mujer
0,0,46,0.0,ORGANISMOS DEL REGIMEN SECCIONAL,1,0,0,0,552.0,15,Sin Educación,Hombre
1,0,20,2.8516927,EMPRESA PRIVADA -SOCIEDADES / COMPANIAS,0,0,1,0,461.0,7,Secundaria,Hombre
0,0,28,0.0,COOPERA  NO CONTROLADAS POR LA SUPERINTENDENCIA  DE BANCOS,0,0,0,1,780.0,17,Superior,Hombre
1,1,25,-5.7706075,EMPRESA PRIVADA -SOCIEDADES / COMPANIAS,0,0,1,0,460.0,1,Secundaria,Mujer
1,0,36,0.0,ENTIDADES FINANCIERAS,0,0,0,1,1676.0,7,Superior,Hombre
1,0,20,5.4873505,EMPRESA PRIVADA -SOCIEDADES / COMPANIAS,0,0,1,0,468.0,2,Secundaria,Hombre
1,1,26,0.0,"FUNCION EJECUTIVA, LEGISL, JUDICIAL Y ORGANISMOS DEL ESTADO",0,0,0,1,901.0,5,Superior,Mujer
1,1,41,0.0,ORGANISMOS DEL REGIMEN SECCIONAL,0,0,0,1,460.0,1,Superior,Mujer
1,0,23,0.07196883,EMPRESA PRIVADA -SOCIEDADES / COMPANIAS,0,0,1,0,480.0,1,Secundaria,Hombre
0,0,30,3.7191427,EMPRESA PRIVADA -SOCIEDADES / COMPANIAS,0,0,1,0,471.0,18,Secundaria,Hombre
0,0,26,0.39918035,EMPRESA PRIVADA -SOCIEDADES / COMPANIAS,0,0,1,0,460.0,15,Secundaria,Hombre
0,1,45,0.0,"FUNCION EJECUTIVA, LEGISL, JUDICIAL Y ORGANISMOS DEL ESTADO",0,0,0,1,986.0,48,Superior,Mujer
0,0,21,6.4434705,EMPRESA PRIVADA -SOCIEDADES / COMPANIAS,0,0,1,0,460.0,11,Secundaria,Hombre
0,0,32,-18.924696,EMPRESA PRIVADA -SOCIEDADES / COMPANIAS,0,0,1,0,535.0,160,Secundaria,Hombre
0,0,50,6.713265,EMPRESA PRIVADA -SOCIEDADES / COMPANIAS,0,0,0,1,471.0,45,Superior,Hombre
0,0,26,0.0,EMPRESA UNIPERSONAL /  PEQUEÑA INDUSTRIA,0,0,1,0,460.0,17,Secundaria,Hombre
1,0,43,0.0,"FUNCION EJECUTIVA, LEGISL, JUDICIAL Y ORGANISMOS DEL ESTADO",0,0,1,0,817.0,32,Secundaria,Hombre
1,0,25,-18.924696,EMPRESA PRIVADA -SOCIEDADES / COMPANIAS,0,0,1,0,465.0,7,Secundaria,Hombre
0,1,41,0.0,"FUNCION EJECUTIVA, LEGISL, JUDICIAL Y ORGANISMOS DEL ESTADO",0,0,0,1,2641.0,65,Superior,Mujer
0,0,68,0.0,ORGANISMOS DEL REGIMEN SECCIONAL,0,1,0,0,578.0,248,Primaria,Hombre
0,0,42,11.296196,EMPRESA PRIVADA -SOCIEDADES / COMPANIAS,0,0,0,1,6839.0,85,Superior,Hombre
1,1,26,0.0,ORGANISMOS DEL REGIMEN SECCIONAL,0,0,1,0,460.0,3,Secundaria,Mujer
1,0,37,13.917775,EMPRESA PRIVADA -SOCIEDADES / COMPANIAS,0,0,1,0,600.0,2,Secundaria,Hombre
0,1,55,0.0,EMPRESA PRIVADA -SOCIEDADES / COMPANIAS,0,0,0,1,1091.0,182,Superior,Mujer
1,0,31,0.0,EMPRESA PRIVADA -SOCIEDADES / COMPANIAS,0,0,1,0,700.0,12,Secundaria,Hombre
1,0,27,8.501653,EMPRESA PRIVADA -SOCIEDADES / COMPANIAS,0,0,1,0,461.0,9,Secundaria,Hombre
0,0,52,0.0,EMPRESA PRIVADA -SOCIEDADES / COMPANIAS,0,0,1,0,471.0,236,Secundaria,Hombre
0,1,31,0.0,EMPRESA PRIVADA -SOCIEDADES / COMPANIAS,0,0,0,1,517.0,37,Superior,Mujer
0,0,36,0.0,ORGANISMOS DEL REGIMEN SECCIONAL,0,0,0,1,550.0,56,Superior,Hombre
0,1,40,0.0,EMPRESA UNIPERSONAL /  PEQUEÑA INDUSTRIA,0,1,0,0,461.0,7,Primaria,Mujer
1,0,47,0.0,ORGANISMOS DEL REGIMEN SECCIONAL,0,1,0,0,460.0,5,Primaria,Hombre
0,1,45,3.507622,EMPRESA PRIVADA -SOCIEDADES / COMPANIAS,0,0,1,0,465.0,64,Secundaria,Mujer
1,1,37,11.440756,EMPRESA PRIVADA -SOCIEDADES / COMPANIAS,0,0,0,1,900.0,3,Superior,Mujer
0,1,25,4.669274,EMPRESA PRIVADA -SOCIEDADES / COMPANIAS,0,0,1,0,465.0,36,Secundaria,Mujer
1,1,52,0.0,ENTIDADES PÚBLICAS DE EDUCACIÓN SUPERIOR,0,0,0,1,1676.0,2,Superior,Mujer
0,0,44,0.0,ENTIDADES PUBLICAS CON AUTONOMIA,0,0,1,0,756.0,39,Secundaria,Hombre
0,0,39,0.0,"INSTITUCION FINANCIERA PRIVADA, BANCOS Y CIA DE SEGUROS",0,0,1,0,598.0,75,Secundaria,Hombre
0,0,56,-1.2279512,EMPRESA PRIVADA -SOCIEDADES / COMPANIAS,0,1,0,0,580.0,170,Primaria,Hombre
1,0,22,4.669274,EMPRESA PRIVADA -SOCIEDADES / COMPANIAS,0,1,0,0,462.0,22,Primaria,Hombre
1,0,31,-18.924696,EMPRESA PRIVADA -SOCIEDADES / COMPANIAS,0,0,0,1,6069.0,20,Superior,Hombre
0,1,63,0.0,"FUNCION EJECUTIVA, LEGISL, JUDICIAL Y ORGANISMOS DEL ESTADO",0,0,0,1,986.0,118,Superior,Mujer
0,1,30,0.0,"FUNCION EJECUTIVA, LEGISL, JUDICIAL Y ORGANISMOS DEL ESTADO",0,0,0,1,986.0,45,Superior,Mujer
1,0,49,1.2045921,CONSTRUCCION,0,1,0,0,460.0,0,Primaria,Hombre
0,0,40,0.0,"FUNCION EJECUTIVA, LEGISL, JUDICIAL Y ORGANISMOS DEL ESTADO",0,0,0,1,986.0,48,Superior,Hombre
0,1,60,0.0,EMPRESA PRIVADA -SOCIEDADES / COMPANIAS,1,0,0,0,2500.0,23,Sin Educación,Mujer
0,0,41,11.0680275,EMPRESA PRIVADA -SOCIEDADES / COMPANIAS,0,0,1,0,472.0,65,Secundaria,Hombre
0,0,54,0.0,EMPRESA UNIPERSONAL /  PEQUEÑA INDUSTRIA,0,0,1,0,468.0,145,Secundaria,Hombre
1,0,58,0.22925432,EMPRESA PRIVADA -SOCIEDADES / COMPANIAS,0,1,0,0,478.0,5,Primaria,Hombre
0,1,29,2.2654502,EMPRESA PRIVADA -SOCIEDADES / COMPANIAS,0,0,0,1,650.0,28,Superior,Mujer
1,0,35,12.281746,EMPRESA PRIVADA -SOCIEDADES / COMPANIAS,0,0,1,0,501.0,4,Secundaria,Hombre
1,0,24,8.953555,EMPRESA PRIVADA -SOCIEDADES / COMPANIAS,0,0,1,0,460.0,4,Secundaria,Hombre
1,1,54,0.0,ORGANISMOS DEL REGIMEN SECCIONAL,0,0,1,0,675.0,77,Secundaria,Mujer
1,0,31,0.3707096,EMPRESA PRIVADA -SOCIEDADES / COMPANIAS,0,0,1,0,879.0,5,Secundaria,Hombre
1,0,37,5.1694007,EMPRESA PRIVADA -SOCIEDADES / COMPANIAS,0,1,0,0,465.0,35,Primaria,Hombre
0,1,42,11.297528,EMPRESA PRIVADA -SOCIEDADES / COMPANIAS,0,0,0,1,1704.0,128,Superior,Mujer
0,0,55,9.982534,EMPRESA PRIVADA -SOCIEDADES / COMPANIAS,0,1,0,0,461.0,206,Primaria,Hombre
1,0,41,2.7723649,EMPRESA PRIVADA -SOCIEDADES / COMPANIAS,0,1,0,0,460.0,161,Primaria,Hombre
0,0,27,0.28832525,EMPRESA PRIVADA -SOCIEDADES / COMPANIAS,0,1,0,0,460.0,14,Primaria,Hombre
1,1,20,0.0,ORGANISMOS DEL REGIMEN SECCIONAL,0,0,1,0,460.0,2,Secundaria,Mujer
0,1,52,0.0,"FUNCION EJECUTIVA, LEGISL, JUDICIAL Y ORGANISMOS DEL ESTADO",0,0,0,1,1212.0,118,Superior,Mujer
1,1,58,0.0,ENTIDADES PUBLICAS CON AUTONOMIA,0,0,0,1,3403.0,132,Superior,Mujer
0,1,50,0.0,"FUNCION EJECUTIVA, LEGISL, JUDICIAL Y ORGANISMOS DEL ESTADO",0,0,0,1,675.0,117,Superior,Mujer
1,0,38,0.0,ORGANISMOS DEL REGIMEN SECCIONAL,0,0,1,0,3250.0,5,Secundaria,Hombre
1,1,33,-10.300123,EMPRESA PRIVADA -SOCIEDADES / COMPANIAS,0,0,0,1,475.0,40,Superior,Mujer
1,0,29,7.8724627,EMPRESA PRIVADA -SOCIEDADES / COMPANIAS,0,0,1,0,465.0,6,Secundaria,Hombre
1,1,33,0.0,EMPRESA UNIPERSONAL /  PEQUEÑA INDUSTRIA,0,0,0,1,700.0,77,Superior,Mujer
0,1,46,0.0,"FUNCION EJECUTIVA, LEGISL, JUDICIAL Y ORGANISMOS DEL ESTADO",0,0,1,0,659.0,154,Secundaria,Mujer
1,0,21,1.2740732,EMPRESA PRIVADA -SOCIEDADES / COMPANIAS,0,0,1,0,460.0,7,Secundaria,Hombre
0,1,39,0.5522988,EMPRESA PRIVADA -SOCIEDADES / COMPANIAS,0,1,0,0,468.0,61,Primaria,Mujer
0,1,50,5.7175198,EMPRESA PRIVADA -SOCIEDADES / COMPANIAS,0,1,0,0,468.0,4,Primaria,Mujer
1,0,38,15.662013,EMPRESA PRIVADA -SOCIEDADES / COMPANIAS,0,0,0,1,476.0,1,Superior,Hombre
0,1,37,0.0,ORGANISMOS DEL REGIMEN SECCIONAL,0,0,0,1,460.0,16,Superior,Mujer
0,0,27,0.0,EMPRESA UNIPERSONAL /  PEQUEÑA INDUSTRIA,0,0,0,1,950.0,101,Superior,Hombre
0,1,37,0.0,"FUNCION EJECUTIVA, LEGISL, JUDICIAL Y ORGANISMOS DEL ESTADO",0,0,0,1,2308.0,98,Superior,Mujer
0,1,55,4.104191,EMPRESA PRIVADA -SOCIEDADES / COMPANIAS,0,0,1,0,465.0,148,Secundaria,Mujer
0,1,48,0.0,"FUNCION EJECUTIVA, LEGISL, JUDICIAL Y ORGANISMOS DEL ESTADO",0,0,0,1,986.0,122,Superior,Mujer
0,0,23,-1.1308028,EMPRESA PRIVADA -SOCIEDADES / COMPANIAS,0,0,1,0,460.0,4,Secundaria,Hombre
1,0,46,2.235959,EMPRESA PRIVADA -SOCIEDADES / COMPANIAS,0,0,1,0,600.0,8,Secundaria,Hombre
0,0,29,0.0,"INSTITUCION FINANCIERA PRIVADA, BANCOS Y CIA DE SEGUROS",0,0,0,1,890.0,62,Superior,Hombre
0,0,32,1.6193749,EMPRESA PRIVADA -SOCIEDADES / COMPANIAS,0,1,0,0,495.0,69,Primaria,Hombre
0,0,49,13.158345,EMPRESA PRIVADA -SOCIEDADES / COMPANIAS,0,0,1,0,1375.0,53,Secundaria,Hombre
1,0,25,0.0,EMPRESA UNIPERSONAL /  PEQUEÑA INDUSTRIA,0,0,1,0,460.0,52,Secundaria,Hombre
0,0,22,-5.5650034,EMPRESA PRIVADA -SOCIEDADES / COMPANIAS,0,0,1,0,470.0,21,Secundaria,Hombre
1,1,26,-2.039776,EMPRESA PRIVADA -SOCIEDADES / COMPANIAS,0,1,0,0,460.0,10,Primaria,Mujer
1,0,31,0.0,EMPRESA PRIVADA -SOCIEDADES / COMPANIAS,0,0,1,0,471.0,0,Secundaria,Hombre
1,0,33,0.0,ORGANISMOS DEL REGIMEN SECCIONAL,0,0,0,1,1051.0,29,Superior,Hombre
0,0,34,3.0945444,EMPRESA PRIVADA -SOCIEDADES / COMPANIAS,0,1,0,0,465.0,29,Primaria,Hombre
1,0,54,0.85140806,EMPRESA PRIVADA -SOCIEDADES / COMPANIAS,0,0,1,0,478.0,1,Secundaria,Hombre
1,0,19,-11.503633,EMPRESA PRIVADA -SOCIEDADES / COMPANIAS,0,0,1,0,471.0,7,Secundaria,Hombre
0,1,34,0.0,EMPRESA PRIVADA -SOCIEDADES / COMPANIAS,0,0,1,0,470.0,7,Secundaria,Mujer
0,0,43,28.602795,EMPRESA PRIVADA -SOCIEDADES / COMPANIAS,0,0,0,1,473.0,188,Superior,Hombre
1,1,28,0.0,EMPRESA UNIPERSONAL /  PEQUEÑA INDUSTRIA,0,0,1,0,460.0,21,Secundaria,Mujer
0,1,21,10.1032095,EMPRESA PRIVADA -SOCIEDADES / COMPANIAS,0,0,1,0,468.0,4,Secundaria,Mujer
0,1,50,0.0,COOPERA  NO CONTROLADAS POR LA SUPERINTENDENCIA  DE BANCOS,0,1,0,0,460.0,4,Primaria,Mujer
0,1,37,0.0,ENTIDADES PUBLICAS CON AUTONOMIA,0,0,0,1,1760.0,3,Superior,Mujer
1,1,30,0.0,EMPRESA PRIVADA -SOCIEDADES / COMPANIAS,0,0,1,0,467.0,13,Secundaria,Mujer
0,0,44,6.0484085,EMPRESA PRIVADA -SOCIEDADES / COMPANIAS,0,0,0,1,828.0,89,Superior,Hombre
0,1,33,3.2636933,EMPRESA PRIVADA -SOCIEDADES / COMPANIAS,0,0,0,1,2500.0,89,Superior,Mujer
1,0,54,1.1047499,EMPRESA PRIVADA -SOCIEDADES / COMPANIAS,0,0,1,0,465.0,0,Secundaria,Hombre
0,0,38,0.0,EMPRESA UNIPERSONAL /  PEQUEÑA INDUSTRIA,0,0,1,0,570.0,112,Secundaria,Hombre
1,0,23,13.154723,EMPRESA PRIVADA -SOCIEDADES / COMPANIAS,0,0,1,0,461.0,1,Secundaria,Hombre
0,0,27,28.602795,EMPRESA PRIVADA -SOCIEDADES / COMPANIAS,0,0,1,0,1100.0,11,Secundaria,Hombre
0,1,42,0.0,"FUNCION EJECUTIVA, LEGISL, JUDICIAL Y ORGANISMOS DEL ESTADO",0,0,1,0,824.0,170,Secundaria,Mujer
0,1,41,0.0,MICRO EMPRESA (NO ARTESANAL),0,0,0,1,460.0,35,Superior,Mujer
0,1,37,0.0,CONSTRUCCION,0,0,0,1,500.0,59,Superior,Mujer
0,1,27,5.8201694,EMPRESA PRIVADA -SOCIEDADES / COMPANIAS,0,0,1,0,460.0,13,Secundaria,Mujer
1,1,35,0.0,EMPRESA PRIVADA -SOCIEDADES / COMPANIAS,0,0,0,1,600.0,7,Superior,Mujer
1,0,39,17.810266,EMPRESA PRIVADA -SOCIEDADES / COMPANIAS,0,0,1,0,467.0,6,Secundaria,Hombre
0,1,34,0.0,EMPRESA PRIVADA -SOCIEDADES / COMPANIAS,0,0,0,1,850.0,29,Superior,Mujer
0,1,64,0.0,EMPLEADOR DOMESTICO,0,0,1,0,540.0,161,Secundaria,Mujer
1,0,22,0.0,ENTIDADES PUBLICAS CON AUTONOMIA,0,1,0,0,472.0,0,Primaria,Hombre
1,0,20,14.165489,EMPRESA PRIVADA -SOCIEDADES / COMPANIAS,0,0,1,0,468.0,12,Secundaria,Hombre
0,0,40,0.0,EMPLEADOR DOMESTICO,0,1,0,0,460.0,124,Primaria,Hombre
1,0,27,5.125484,EMPRESA PRIVADA -SOCIEDADES / COMPANIAS,0,0,1,0,570.0,37,Secundaria,Hombre
0,0,42,0.0,EMPRESA PRIVADA -SOCIEDADES / COMPANIAS,0,0,0,1,2972.0,27,Superior,Hombre
1,0,34,0.0,ENTIDADES PUBLICAS CON AUTONOMIA,0,0,1,0,724.0,0,Secundaria,Hombre
0,0,36,3.7919512,EMPRESA UNIPERSONAL /  PEQUEÑA INDUSTRIA,0,1,0,0,460.0,3,Primaria,Hombre
1,1,46,0.0,EMPRESA UNIPERSONAL /  PEQUEÑA INDUSTRIA,0,1,0,0,460.0,84,Primaria,Mujer
1,0,33,0.0,EMPLEADOR DOMESTICO,0,0,1,0,476.0,17,Secundaria,Hombre
0,0,37,2.7723649,EMPRESA PRIVADA -SOCIEDADES / COMPANIAS,0,0,1,0,474.0,69,Secundaria,Hombre
0,0,55,5.1399384,EMPRESA PRIVADA -SOCIEDADES / COMPANIAS,0,1,0,0,474.0,27,Primaria,Hombre
0,0,21,-3.7401857,EMPRESA PRIVADA -SOCIEDADES / COMPANIAS,0,0,1,0,485.0,7,Secundaria,Hombre
0,0,52,3.429206,EMPRESA PRIVADA -SOCIEDADES / COMPANIAS,0,0,1,0,460.0,57,Secundaria,Hombre
1,1,49,0.111381896,EMPRESA PRIVADA -SOCIEDADES / COMPANIAS,0,0,0,1,460.0,25,Superior,Mujer
1,0,26,8.362396,EMPRESA PRIVADA -SOCIEDADES / COMPANIAS,0,0,1,0,600.0,19,Secundaria,Hombre
1,1,37,0.0,"FUNCION EJECUTIVA, LEGISL, JUDICIAL Y ORGANISMOS DEL ESTADO",0,0,0,1,585.0,125,Superior,Mujer
0,0,37,7.4622297,EMPRESA PRIVADA -SOCIEDADES / COMPANIAS,0,1,0,0,466.0,110,Primaria,Hombre
0,1,33,0.47274956,EMPRESA PRIVADA -SOCIEDADES / COMPANIAS,0,0,0,1,1100.0,62,Superior,Mujer
1,0,45,0.0,EMPRESA PRIVADA -SOCIEDADES / COMPANIAS,0,0,0,1,750.0,77,Superior,Hombre
0,0,41,0.0,MICRO EMPRESA (NO ARTESANAL),0,0,1,0,460.0,25,Secundaria,Hombre
1,1,60,0.0,"FUNCION EJECUTIVA, LEGISL, JUDICIAL Y ORGANISMOS DEL ESTADO",0,0,0,1,2641.0,233,Superior,Mujer
0,0,38,10.501431,EMPRESA PRIVADA -SOCIEDADES / COMPANIAS,0,1,0,0,460.0,152,Primaria,Hombre
1,0,49,0.0,ORGANISMOS DEL REGIMEN SECCIONAL,0,0,1,0,733.0,4,Secundaria,Hombre
1,0,35,0.0,EMPRESA PRIVADA -SOCIEDADES / COMPANIAS,0,0,0,1,1081.0,21,Superior,Hombre
1,1,33,0.1759438,EMPRESA PRIVADA -SOCIEDADES / COMPANIAS,0,1,0,0,461.0,0,Primaria,Mujer
0,1,52,0.0,"FUNCION EJECUTIVA, LEGISL, JUDICIAL Y ORGANISMOS DEL ESTADO",0,0,0,1,817.0,230,Superior,Mujer
1,0,35,-6.1529803,EMPRESA PRIVADA -SOCIEDADES / COMPANIAS,0,0,0,1,460.0,9,Superior,Hombre
1,0,23,1.1767213,EMPRESA PRIVADA -SOCIEDADES / COMPANIAS,0,0,1,0,465.0,0,Secundaria,Hombre
1,0,45,0.0,ENTIDADES FINANCIERAS,0,0,0,1,1212.0,4,Superior,Hombre
0,0,71,0.4396028,EMPRESA PRIVADA -SOCIEDADES / COMPANIAS,0,0,0,1,1000.0,191,Superior,Hombre
0,0,27,2.6580637,EMPRESA PRIVADA -SOCIEDADES / COMPANIAS,0,1,0,0,471.0,3,Primaria,Hombre
1,0,26,0.0,EMPRESA PRIVADA -SOCIEDADES / COMPANIAS,0,0,1,0,675.0,9,Secundaria,Hombre
0,0,63,-18.924696,EMPRESA PRIVADA -SOCIEDADES / COMPANIAS,0,0,0,1,800.0,149,Superior,Hombre
0,1,30,0.39903304,EMPRESA PRIVADA -SOCIEDADES / COMPANIAS,0,0,1,0,471.0,77,Secundaria,Mujer
0,0,26,2.4440544,EMPRESA PRIVADA -SOCIEDADES / COMPANIAS,0,1,0,0,462.0,3,Primaria,Hombre
1,1,22,0.0,EMPRESA UNIPERSONAL /  PEQUEÑA INDUSTRIA,0,0,1,0,471.0,1,Secundaria,Mujer
1,0,18,3.7191427,EMPRESA PRIVADA -SOCIEDADES / COMPANIAS,0,0,1,0,460.0,0,Secundaria,Hombre
1,1,49,0.0,EMPRESA PRIVADA -SOCIEDADES / COMPANIAS,0,0,0,1,1235.0,20,Superior,Mujer
0,0,48,17.959774,EMPRESA PRIVADA -SOCIEDADES / COMPANIAS,0,0,1,0,461.0,70,Secundaria,Hombre
1,1,37,0.14436276,EMPRESA PRIVADA -SOCIEDADES / COMPANIAS,0,1,0,0,461.0,1,Primaria,Mujer
0,0,50,7.115703,EMPRESA PRIVADA -SOCIEDADES / COMPANIAS,0,0,1,0,510.0,159,Secundaria,Hombre
1,0,49,2.5336187,EMPRESA PRIVADA -SOCIEDADES / COMPANIAS,0,0,1,0,600.0,16,Secundaria,Hombre
1,0,58,0.0,EMPRESA PRIVADA -SOCIEDADES / COMPANIAS,0,0,0,1,800.0,10,Superior,Hombre
0,0,31,0.0,"OTRAS FINANC. PRIVAD, MUTUALISTAS ETC",0,0,0,1,900.0,41,Superior,Hombre
1,1,42,0.0,ENTIDADES PÚBLICAS DE EDUCACIÓN SUPERIOR,0,0,0,1,817.0,2,Superior,Mujer
0,1,46,0.0,"FUNCION EJECUTIVA, LEGISL, JUDICIAL Y ORGANISMOS DEL ESTADO",0,0,0,1,986.0,123,Superior,Mujer
0,0,29,0.28832525,EMPRESA PRIVADA -SOCIEDADES / COMPANIAS,0,1,0,0,460.0,62,Primaria,Hombre
0,0,26,0.04958747,EMPRESA PRIVADA -SOCIEDADES / COMPANIAS,0,0,1,0,950.0,74,Secundaria,Hombre
1,0,20,16.170385,EMPRESA PRIVADA -SOCIEDADES / COMPANIAS,0,0,1,0,465.0,0,Secundaria,Hombre
0,0,50,14.950406,EMPRESA PRIVADA -SOCIEDADES / COMPANIAS,0,1,0,0,462.0,112,Primaria,Hombre
0,0,33,6.9326954,EMPRESA PRIVADA -SOCIEDADES / COMPANIAS,0,0,0,1,479.0,104,Superior,Hombre
0,0,53,4.0893674,EMPRESA PRIVADA -SOCIEDADES / COMPANIAS,0,1,0,0,460.0,31,Primaria,Hombre
1,1,31,0.0,EMPRESA PRIVADA -SOCIEDADES / COMPANIAS,0,0,1,0,460.0,1,Secundaria,Mujer
1,0,68,0.0,ENTIDADES PÚBLICAS DE EDUCACIÓN SUPERIOR,0,0,0,1,2737.0,231,Superior,Hombre
1,0,25,20.440632,EMPRESA PRIVADA -SOCIEDADES / COMPANIAS,0,0,1,0,465.0,12,Secundaria,Hombre
1,0,24,1.5833268,EMPRESA PRIVADA -SOCIEDADES / COMPANIAS,0,0,1,0,466.0,1,Secundaria,Hombre
1,0,35,7.606362,EMPRESA PRIVADA -SOCIEDADES / COMPANIAS,0,0,0,1,476.0,1,Superior,Hombre
0,0,57,9.839486,EMPRESA PRIVADA -SOCIEDADES / COMPANIAS,0,0,1,0,460.0,19,Secundaria,Hombre
0,0,27,-3.3173494,EMPRESA PRIVADA -SOCIEDADES / COMPANIAS,0,1,0,0,468.0,78,Primaria,Hombre
1,0,43,1.0480669,EMPRESA PRIVADA -SOCIEDADES / COMPANIAS,0,0,1,0,460.0,113,Secundaria,Hombre
0,0,43,8.52206,EMPRESA PRIVADA -SOCIEDADES / COMPANIAS,0,0,1,0,500.0,83,Secundaria,Hombre
0,0,20,2.5653272,EMPRESA PRIVADA -SOCIEDADES / COMPANIAS,0,1,0,0,468.0,4,Primaria,Hombre
0,1,47,0.0,MICRO EMPRESA (NO ARTESANAL),0,1,0,0,462.0,26,Primaria,Mujer
1,0,35,3.1713362,EMPRESA PRIVADA -SOCIEDADES / COMPANIAS,0,0,1,0,476.0,0,Secundaria,Hombre
1,0,55,0.0,EMPRESA PRIVADA -SOCIEDADES / COMPANIAS,0,0,1,0,466.0,20,Secundaria,Hombre
0,1,60,2.6109161,EMPRESA PRIVADA -SOCIEDADES / COMPANIAS,0,1,0,0,1500.0,13,Primaria,Mujer
0,1,37,2.2289093,EMPRESA PRIVADA -SOCIEDADES / COMPANIAS,0,0,0,1,1030.0,96,Superior,Mujer
0,1,30,5.4873505,EMPRESA PRIVADA -SOCIEDADES / COMPANIAS,0,1,0,0,468.0,12,Primaria,Mujer
1,1,31,0.0,"FUNCION EJECUTIVA, LEGISL, JUDICIAL Y ORGANISMOS DEL ESTADO",0,0,0,1,986.0,25,Superior,Mujer
0,1,27,0.0,EMPRESA PRIVADA -SOCIEDADES / COMPANIAS,0,0,0,1,500.0,16,Superior,Mujer
0,1,25,0.0,EMPRESA UNIPERSONAL /  PEQUEÑA INDUSTRIA,0,0,0,1,468.0,0,Superior,Mujer
1,0,22,0.0,EMPRESA UNIPERSONAL /  PEQUEÑA INDUSTRIA,0,1,0,0,461.0,10,Primaria,Hombre
0,1,36,0.0,EMPRESA PRIVADA -SOCIEDADES / COMPANIAS,0,0,1,0,786.0,94,Secundaria,Mujer
0,0,37,-1.514395,EMPRESA PRIVADA -SOCIEDADES / COMPANIAS,0,0,1,0,510.0,36,Secundaria,Hombre
1,1,33,0.0,"FUNCION EJECUTIVA, LEGISL, JUDICIAL Y ORGANISMOS DEL ESTADO",0,0,0,1,1676.0,2,Superior,Mujer
1,1,27,0.0,MIEMBROS DE   SINDICATOS  Y COOP DE TRANSPORTE TERRESTRE,0,0,1,0,460.0,5,Secundaria,Mujer
1,0,19,7.232118,EMPRESA PRIVADA -SOCIEDADES / COMPANIAS,0,0,1,0,465.0,0,Secundaria,Hombre
0,1,37,0.0,"FUNCION EJECUTIVA, LEGISL, JUDICIAL Y ORGANISMOS DEL ESTADO",0,0,0,1,1212.0,108,Superior,Mujer
0,1,58,0.0,EMPRESA UNIPERSONAL /  PEQUEÑA INDUSTRIA,0,0,0,1,2500.0,60,Superior,Mujer
1,1,24,0.0,"FUNCION EJECUTIVA, LEGISL, JUDICIAL Y ORGANISMOS DEL ESTADO",0,0,0,1,901.0,5,Superior,Mujer
1,0,20,0.0,ENTIDADES PUBLICAS CON AUTONOMIA,0,0,1,0,470.0,0,Secundaria,Hombre
0,0,29,1.3378813,EMPRESA PRIVADA -SOCIEDADES / COMPANIAS,0,0,1,0,460.0,7,Secundaria,Hombre
0,0,58,0.0,"FUNCION EJECUTIVA, LEGISL, JUDICIAL Y ORGANISMOS DEL ESTADO",0,0,0,1,1212.0,123,Superior,Hombre
0,1,39,0.0,ENTIDADES PÚBLICAS DE EDUCACIÓN SUPERIOR,0,0,0,1,2115.0,21,Superior,Mujer
0,1,44,0.0,"FUNCION EJECUTIVA, LEGISL, JUDICIAL Y ORGANISMOS DEL ESTADO",0,0,0,1,1086.0,111,Superior,Mujer
0,0,57,1.4277041,EMPRESA PRIVADA -SOCIEDADES / COMPANIAS,0,0,1,0,461.0,187,Secundaria,Hombre
0,0,26,28.602795,EMPRESA PRIVADA -SOCIEDADES / COMPANIAS,0,0,1,0,501.0,17,Secundaria,Hombre
0,0,46,0.0,EMPRESA PRIVADA -SOCIEDADES / COMPANIAS,0,0,0,1,800.0,58,Superior,Hombre
0,0,38,0.0,ENTIDADES PUBLICAS CON AUTONOMIA,0,0,0,1,1999.0,41,Superior,Hombre
1,0,43,6.46007,EMPRESA PRIVADA -SOCIEDADES / COMPANIAS,0,0,1,0,600.0,19,Secundaria,Hombre
0,1,31,1.3378813,EMPRESA PRIVADA -SOCIEDADES / COMPANIAS,0,1,0,0,460.0,27,Primaria,Mujer
1,0,31,0.0,MICRO EMPRESA (NO ARTESANAL),0,0,1,0,460.0,44,Secundaria,Hombre
1,0,35,3.9538105,EMPRESA PRIVADA -SOCIEDADES / COMPANIAS,0,0,1,0,465.0,5,Secundaria,Hombre
1,0,29,1.8210905,EMPRESA PRIVADA -SOCIEDADES / COMPANIAS,0,0,1,0,1104.0,13,Secundaria,Hombre
1,0,60,-2.3131022,EMPRESA PRIVADA -SOCIEDADES / COMPANIAS,0,1,0,0,465.0,5,Primaria,Hombre
1,1,38,0.0,EMPRESA PRIVADA -SOCIEDADES / COMPANIAS,0,0,0,1,1628.0,75,Superior,Mujer
1,1,23,0.5060664,EMPRESA PRIVADA -SOCIEDADES / COMPANIAS,0,0,0,1,460.0,1,Superior,Mujer
1,0,28,3.741557,EMPRESA PRIVADA -SOCIEDADES / COMPANIAS,0,0,0,1,550.0,36,Superior,Hombre
0,0,44,-2.9156108,EMPRESA PRIVADA -SOCIEDADES / COMPANIAS,0,0,0,1,715.0,120,Superior,Hombre
0,1,59,0.0,"FUNCION EJECUTIVA, LEGISL, JUDICIAL Y ORGANISMOS DEL ESTADO",0,0,0,1,901.0,97,Superior,Mujer
0,0,34,0.0,ORGANISMOS DEL REGIMEN SECCIONAL,0,0,0,1,733.0,5,Superior,Hombre
0,0,58,0.0,MICRO EMPRESA (NO ARTESANAL),0,1,0,0,460.0,172,Primaria,Hombre
1,0,28,0.26628888,EMPRESA PRIVADA -SOCIEDADES / COMPANIAS,0,0,1,0,460.0,0,Secundaria,Hombre
0,1,27,-1.0386144,EMPRESA PRIVADA -SOCIEDADES / COMPANIAS,0,0,0,1,464.0,14,Superior,Mujer
1,1,31,-16.156034,EMPRESA PRIVADA -SOCIEDADES / COMPANIAS,0,0,0,1,460.0,35,Superior,Mujer
0,0,57,7.2023044,EMPRESA PRIVADA -SOCIEDADES / COMPANIAS,0,1,0,0,460.0,103,Primaria,Hombre
1,1,32,1.7343178,EMPRESA PRIVADA -SOCIEDADES / COMPANIAS,0,0,1,0,465.0,35,Secundaria,Mujer
1,0,27,-1.9434208,EMPRESA PRIVADA -SOCIEDADES / COMPANIAS,0,1,0,0,466.0,1,Primaria,Hombre
0,0,40,0.0,ORGANISMOS DEL REGIMEN SECCIONAL,0,0,0,1,986.0,89,Superior,Hombre
1,1,22,5.50723,EMPRESA PRIVADA -SOCIEDADES / COMPANIAS,0,0,1,0,464.0,24,Secundaria,Mujer
0,0,42,17.331766,EMPRESA PRIVADA -SOCIEDADES / COMPANIAS,0,0,1,0,647.0,83,Secundaria,Hombre
1,0,37,0.0,ENTIDADES FINANCIERAS,0,0,0,1,1676.0,13,Superior,Hombre
0,1,27,18.563017,EMPRESA PRIVADA -SOCIEDADES / COMPANIAS,0,0,0,1,500.0,5,Superior,Mujer
1,1,55,0.0,EMPRESA UNIPERSONAL /  PEQUEÑA INDUSTRIA,0,0,0,1,468.0,67,Superior,Mujer
0,1,40,1.5904994,EMPRESA PRIVADA -SOCIEDADES / COMPANIAS,0,0,0,1,468.0,50,Superior,Mujer
1,0,24,0.49910218,EMPRESA PRIVADA -SOCIEDADES / COMPANIAS,0,1,0,0,466.0,1,Primaria,Hombre
1,0,25,-6.550762,EMPRESA PRIVADA -SOCIEDADES / COMPANIAS,0,0,1,0,664.0,22,Secundaria,Hombre
0,0,39,0.0,CONSTRUCCION,0,1,0,0,478.0,2,Primaria,Hombre
0,1,39,1.7736038,EMPRESA PRIVADA -SOCIEDADES / COMPANIAS,0,0,0,1,2200.0,2,Superior,Mujer
1,0,21,15.838494,EMPRESA PRIVADA -SOCIEDADES / COMPANIAS,0,0,1,0,460.0,1,Secundaria,Hombre
1,0,20,-18.924696,EMPRESA PRIVADA -SOCIEDADES / COMPANIAS,0,0,1,0,500.0,16,Secundaria,Hombre
0,0,29,0.54076135,EMPRESA PRIVADA -SOCIEDADES / COMPANIAS,0,1,0,0,460.0,53,Primaria,Hombre
0,0,33,0.0,"INSTITUCION FINANCIERA PRIVADA, BANCOS Y CIA DE SEGUROS",0,0,1,0,3000.0,24,Secundaria,Hombre
0,1,40,0.0,ENTIDADES PUBLICAS CON AUTONOMIA,0,0,0,1,1212.0,84,Superior,Mujer
1,1,30,0.0,COOPERA  NO CONTROLADAS POR LA SUPERINTENDENCIA  DE BANCOS,0,0,0,1,520.0,17,Superior,Mujer
1,0,25,0.0,EMPRESA UNIPERSONAL /  PEQUEÑA INDUSTRIA,0,0,0,1,837.0,0,Superior,Hombre
1,1,26,0.0,ORGANISMOS DEL REGIMEN SECCIONAL,0,0,1,0,1086.0,5,Secundaria,Mujer
0,0,31,17.086908,EMPRESA PRIVADA -SOCIEDADES / COMPANIAS,0,0,1,0,800.0,36,Secundaria,Hombre
0,0,59,0.0,"FUNCION EJECUTIVA, LEGISL, JUDICIAL Y ORGANISMOS DEL ESTADO",0,0,0,1,986.0,120,Superior,Hombre
1,0,50,0.0,"FUNCION EJECUTIVA, LEGISL, JUDICIAL Y ORGANISMOS DEL ESTADO",0,1,0,0,561.0,21,Primaria,Hombre
0,0,43,1.6330653,EMPRESA PRIVADA -SOCIEDADES / COMPANIAS,0,0,0,1,800.0,1,Superior,Hombre
1,0,33,21.616114,EMPRESA PRIVADA -SOCIEDADES / COMPANIAS,0,0,1,0,726.0,35,Secundaria,Hombre
1,1,25,10.110494,EMPRESA PRIVADA -SOCIEDADES / COMPANIAS,0,0,0,1,650.0,24,Superior,Mujer
0,1,53,0.0,EMPRESA PRIVADA -SOCIEDADES / COMPANIAS,0,0,1,0,514.0,129,Secundaria,Mujer
0,1,35,0.0,EMPLEADOR DOMESTICO,0,1,0,0,460.0,16,Primaria,Mujer
1,0,34,10.732539,EMPRESA PRIVADA -SOCIEDADES / COMPANIAS,0,0,1,0,460.0,136,Secundaria,Hombre
0,0,23,5.4873505,EMPRESA PRIVADA -SOCIEDADES / COMPANIAS,1,0,0,0,466.0,8,Sin Educación,Hombre
1,0,35,7.035242,EMPRESA PRIVADA -SOCIEDADES / COMPANIAS,0,0,1,0,471.0,108,Secundaria,Hombre
0,0,32,0.0,EMPRESA PRIVADA -SOCIEDADES / COMPANIAS,0,0,0,1,1558.0,14,Superior,Hombre
0,0,39,0.0,ORGANISMOS DEL REGIMEN SECCIONAL,0,0,1,0,500.0,113,Secundaria,Hombre
1,1,23,0.5522988,EMPRESA PRIVADA -SOCIEDADES / COMPANIAS,0,0,1,0,468.0,2,Secundaria,Mujer
0,0,26,0.0,MICRO EMPRESA (NO ARTESANAL),0,0,0,1,474.0,46,Superior,Hombre
1,0,36,0.0,EMPRESA PRIVADA -SOCIEDADES / COMPANIAS,0,0,1,0,460.0,1,Secundaria,Hombre
1,0,56,0.334922,EMPRESA PRIVADA -SOCIEDADES / COMPANIAS,0,0,1,0,650.0,137,Secundaria,Hombre
0,0,46,0.0,"INSTITUCION FINANCIERA PRIVADA, BANCOS Y CIA DE SEGUROS",0,0,1,0,700.0,112,Secundaria,Hombre
1,1,24,-12.382316,EMPRESA PRIVADA -SOCIEDADES / COMPANIAS,0,0,1,0,600.0,14,Secundaria,Mujer
1,1,52,0.0,EMPRESA PRIVADA -SOCIEDADES / COMPANIAS,0,0,0,1,1617.0,234,Superior,Mujer
0,0,40,7.9924574,EMPRESA PRIVADA -SOCIEDADES / COMPANIAS,0,0,1,0,686.0,162,Secundaria,Hombre
1,0,63,0.0,EMPLEADOR DOMESTICO,0,1,0,0,500.0,42,Primaria,Hombre
0,1,55,0.0,EMPLEADOR DOMESTICO,0,0,1,0,460.0,48,Secundaria,Mujer
0,1,42,0.0,"FUNCION EJECUTIVA, LEGISL, JUDICIAL Y ORGANISMOS DEL ESTADO",0,0,0,1,817.0,113,Superior,Mujer
1,0,45,0.7645451,EMPRESA PRIVADA -SOCIEDADES / COMPANIAS,0,1,0,0,460.0,144,Primaria,Hombre
0,0,47,0.0,ORGANISMOS DEL REGIMEN SECCIONAL,0,0,1,0,641.0,23,Secundaria,Hombre
0,0,38,13.776789,EMPRESA PRIVADA -SOCIEDADES / COMPANIAS,0,0,0,1,1000.0,74,Superior,Hombre
1,1,20,3.155199,EMPRESA PRIVADA -SOCIEDADES / COMPANIAS,0,0,1,0,475.0,0,Secundaria,Mujer
1,0,27,4.5161247,EMPRESA PRIVADA -SOCIEDADES / COMPANIAS,0,0,0,1,850.0,33,Superior,Hombre
0,0,26,0.0,EMPRESA PRIVADA -SOCIEDADES / COMPANIAS,0,0,1,0,460.0,24,Secundaria,Hombre
0,0,32,12.281746,EMPRESA PRIVADA -SOCIEDADES / COMPANIAS,0,0,1,0,537.0,74,Secundaria,Hombre
1,0,46,7.8724627,EMPRESA PRIVADA -SOCIEDADES / COMPANIAS,0,1,0,0,465.0,13,Primaria,Hombre
1,0,53,-2.3354528,EMPRESA PRIVADA -SOCIEDADES / COMPANIAS,0,0,0,1,480.0,124,Superior,Hombre
1,1,28,0.0,"FUNCION EJECUTIVA, LEGISL, JUDICIAL Y ORGANISMOS DEL ESTADO",0,0,0,1,901.0,5,Superior,Mujer
0,0,44,0.0,EMPRESA UNIPERSONAL /  PEQUEÑA INDUSTRIA,0,1,0,0,460.0,106,Primaria,Hombre
1,1,32,0.0,"FUNCION EJECUTIVA, LEGISL, JUDICIAL Y ORGANISMOS DEL ESTADO",0,0,0,1,817.0,20,Superior,Mujer
0,0,43,1.4710709,EMPRESA PRIVADA -SOCIEDADES / COMPANIAS,0,0,0,1,3000.0,13,Superior,Hombre
0,0,50,0.0,ORGANISMOS DEL REGIMEN SECCIONAL,0,1,0,0,561.0,200,Primaria,Hombre
1,1,61,0.0,EMPRESA PRIVADA -SOCIEDADES / COMPANIAS,0,0,1,0,770.0,240,Secundaria,Mujer
1,0,39,-0.4502214,EMPRESA PRIVADA -SOCIEDADES / COMPANIAS,0,0,0,1,1200.0,11,Superior,Hombre
1,0,32,0.0,"FUNCION EJECUTIVA, LEGISL, JUDICIAL Y ORGANISMOS DEL ESTADO",0,0,0,1,540.0,9,Superior,Hombre
1,1,26,0.0,EMPRESA PRIVADA -SOCIEDADES / COMPANIAS,0,0,0,1,700.0,37,Superior,Mujer
0,0,35,0.0,EMPRESA PRIVADA -SOCIEDADES / COMPANIAS,0,1,0,0,600.0,11,Primaria,Hombre
1,0,46,1.9598582,EMPRESA PRIVADA -SOCIEDADES / COMPANIAS,0,1,0,0,850.0,0,Primaria,Hombre
0,1,43,0.0,"FUNCION EJECUTIVA, LEGISL, JUDICIAL Y ORGANISMOS DEL ESTADO",0,0,0,1,986.0,123,Superior,Mujer
0,0,29,-1.046615,EMPRESA PRIVADA -SOCIEDADES / COMPANIAS,0,0,0,1,471.0,0,Superior,Hombre
0,1,44,0.0,"FUNCION EJECUTIVA, LEGISL, JUDICIAL Y ORGANISMOS DEL ESTADO",0,0,0,1,986.0,121,Superior,Mujer
1,1,25,0.0,"FUNCION EJECUTIVA, LEGISL, JUDICIAL Y ORGANISMOS DEL ESTADO",0,0,0,1,901.0,9,Superior,Mujer
0,0,49,0.0,"FUNCION EJECUTIVA, LEGISL, JUDICIAL Y ORGANISMOS DEL ESTADO",0,0,0,1,2824.0,118,Superior,Hombre
1,0,31,4.3297443,EMPRESA PRIVADA -SOCIEDADES / COMPANIAS,0,0,1,0,460.0,12,Secundaria,Hombre
1,1,25,4.82127,EMPRESA PRIVADA -SOCIEDADES / COMPANIAS,0,0,1,0,480.0,13,Secundaria,Mujer
1,0,38,0.0,EMPRESA UNIPERSONAL /  PEQUEÑA INDUSTRIA,0,1,0,0,478.0,0,Primaria,Hombre
1,0,39,11.58128,EMPRESA PRIVADA -SOCIEDADES / COMPANIAS,0,0,1,0,460.0,10,Secundaria,Hombre
0,1,55,0.0,"FUNCION EJECUTIVA, LEGISL, JUDICIAL Y ORGANISMOS DEL ESTADO",0,0,0,1,817.0,48,Superior,Mujer
0,0,41,2.5653272,EMPRESA PRIVADA -SOCIEDADES / COMPANIAS,0,1,0,0,468.0,23,Primaria,Hombre
1,0,19,-5.5504537,EMPRESA PRIVADA -SOCIEDADES / COMPANIAS,0,0,1,0,466.0,5,Secundaria,Hombre
1,0,45,0.0,ORGANISMOS DEL REGIMEN SECCIONAL,0,0,1,0,733.0,5,Secundaria,Hombre
1,0,32,22.681807,EMPRESA PRIVADA -SOCIEDADES / COMPANIAS,0,0,1,0,460.0,18,Secundaria,Hombre
0,1,36,1.2740732,EMPRESA PRIVADA -SOCIEDADES / COMPANIAS,0,0,1,0,460.0,193,Secundaria,Mujer
0,1,48,0.0,"INSTITUCION FINANCIERA PRIVADA, BANCOS Y CIA DE SEGUROS",0,0,0,1,2713.0,132,Superior,Mujer
0,1,32,0.0,EMPRESA PRIVADA -SOCIEDADES / COMPANIAS,0,0,0,1,1069.0,18,Superior,Mujer
0,0,59,6.4434705,EMPRESA PRIVADA -SOCIEDADES / COMPANIAS,0,1,0,0,546.0,241,Primaria,Hombre
1,0,34,7.708963,EMPRESA PRIVADA -SOCIEDADES / COMPANIAS,0,0,0,1,1700.0,5,Superior,Hombre
0,1,26,7.397831,EMPRESA PRIVADA -SOCIEDADES / COMPANIAS,0,0,1,0,472.0,22,Secundaria,Mujer
0,1,36,10.962686,EMPRESA PRIVADA -SOCIEDADES / COMPANIAS,0,0,1,0,680.0,120,Secundaria,Mujer
0,0,60,0.0,EMPRESA PRIVADA -SOCIEDADES / COMPANIAS,0,0,0,1,650.0,191,Superior,Hombre
0,0,30,0.44125596,EMPRESA PRIVADA -SOCIEDADES / COMPANIAS,0,0,1,0,465.0,112,Secundaria,Hombre
1,1,22,0.8957025,EMPRESA PRIVADA -SOCIEDADES / COMPANIAS,0,0,1,0,460.0,0,Secundaria,Mujer
1,0,31,1.7099551,EMPRESA PRIVADA -SOCIEDADES / COMPANIAS,0,0,0,1,1000.0,8,Superior,Hombre
1,0,48,0.0,"FUNCION EJECUTIVA, LEGISL, JUDICIAL Y ORGANISMOS DEL ESTADO",0,0,0,1,986.0,47,Superior,Hombre
0,1,37,0.0,"FUNCION EJECUTIVA, LEGISL, JUDICIAL Y ORGANISMOS DEL ESTADO",0,0,0,1,1212.0,120,Superior,Mujer
1,0,20,6.5390515,EMPRESA PRIVADA -SOCIEDADES / COMPANIAS,0,0,1,0,460.0,1,Secundaria,Hombre
1,0,26,2.9372742,EMPRESA PRIVADA -SOCIEDADES / COMPANIAS,0,0,1,0,460.0,9,Secundaria,Hombre
1,0,24,0.0,EMPRESA UNIPERSONAL /  PEQUEÑA INDUSTRIA,0,0,1,0,460.0,34,Secundaria,Hombre
1,0,47,20.426275,EMPRESA PRIVADA -SOCIEDADES / COMPANIAS,0,1,0,0,575.0,16,Primaria,Hombre
1,0,41,0.0,EMPRESA UNIPERSONAL /  PEQUEÑA INDUSTRIA,0,1,0,0,707.0,21,Primaria,Hombre
0,1,34,0.0,"INSTITUCION FINANCIERA PRIVADA, BANCOS Y CIA DE SEGUROS",0,0,0,1,2590.0,36,Superior,Mujer
0,0,54,0.0,ORGANISMOS DEL REGIMEN SECCIONAL,0,0,1,0,765.0,187,Secundaria,Hombre
0,0,49,0.0,ENTIDADES PÚBLICAS DE EDUCACIÓN SUPERIOR,0,0,0,1,1676.0,121,Superior,Hombre
1,0,27,0.0,ORGANISMOS DEL REGIMEN SECCIONAL,0,0,0,1,986.0,9,Superior,Hombre
0,0,54,0.0,"FUNCION EJECUTIVA, LEGISL, JUDICIAL Y ORGANISMOS DEL ESTADO",0,0,1,0,561.0,119,Secundaria,Hombre
1,0,43,0.8704357,EMPRESA PRIVADA -SOCIEDADES / COMPANIAS,0,0,0,1,500.0,170,Superior,Hombre
1,1,28,6.777494,EMPRESA PRIVADA -SOCIEDADES / COMPANIAS,0,0,1,0,464.0,21,Secundaria,Mujer
0,0,29,15.838494,EMPRESA PRIVADA -SOCIEDADES / COMPANIAS,0,1,0,0,700.0,15,Primaria,Hombre
1,0,34,6.4465556,EMPRESA PRIVADA -SOCIEDADES / COMPANIAS,0,0,1,0,460.0,33,Secundaria,Hombre
1,0,33,0.0,"FUNCION EJECUTIVA, LEGISL, JUDICIAL Y ORGANISMOS DEL ESTADO",0,0,0,1,1212.0,19,Superior,Hombre
0,1,27,0.6589509,EMPRESA PRIVADA -SOCIEDADES / COMPANIAS,0,0,0,1,600.0,4,Superior,Mujer
0,1,61,0.0,EMPRESA PRIVADA -SOCIEDADES / COMPANIAS,0,0,0,1,1037.0,109,Superior,Mujer
1,0,44,0.0,ENTIDADES PUBLICAS CON AUTONOMIA,0,1,0,0,579.0,4,Primaria,Hombre
0,1,36,0.5522988,EMPRESA PRIVADA -SOCIEDADES / COMPANIAS,0,1,0,0,468.0,97,Primaria,Mujer
1,1,24,0.4457829,EMPRESA PRIVADA -SOCIEDADES / COMPANIAS,0,0,0,1,474.0,1,Superior,Mujer
0,1,39,0.0,EMPLEADOR DOMESTICO,0,1,0,0,460.0,105,Primaria,Mujer
0,0,24,0.011936033,EMPRESA PRIVADA -SOCIEDADES / COMPANIAS,0,0,1,0,465.0,10,Secundaria,Hombre
0,1,38,0.0,ENTIDADES PÚBLICAS DE EDUCACIÓN SUPERIOR,0,0,0,1,607.0,8,Superior,Mujer
1,0,29,2.7387826,EMPRESA PRIVADA -SOCIEDADES / COMPANIAS,0,0,1,0,707.0,35,Secundaria,Hombre
0,0,34,1.1684839,EMPRESA PRIVADA -SOCIEDADES / COMPANIAS,0,0,1,0,477.0,124,Secundaria,Hombre
0,1,42,0.0,EMPRESA PRIVADA -SOCIEDADES / COMPANIAS,0,0,0,1,625.0,118,Superior,Mujer
0,0,21,6.7486186,EMPRESA PRIVADA -SOCIEDADES / COMPANIAS,0,1,0,0,460.0,23,Primaria,Hombre
0,0,43,0.0,ORGANISMOS DEL REGIMEN SECCIONAL,0,0,1,0,733.0,5,Secundaria,Hombre
1,0,61,1.4632474,EMPRESA PRIVADA -SOCIEDADES / COMPANIAS,0,0,1,0,465.0,234,Secundaria,Hombre
1,1,37,0.0,ORGANISMOS DEL REGIMEN SECCIONAL,0,0,1,0,527.0,1,Secundaria,Mujer
0,1,37,4.903558,EMPRESA PRIVADA -SOCIEDADES / COMPANIAS,0,0,0,1,4500.0,37,Superior,Mujer
0,0,30,1.4798042,EMPRESA PRIVADA -SOCIEDADES / COMPANIAS,0,0,0,1,600.0,36,Superior,Hombre
1,0,42,2.0965712,EMPRESA PRIVADA -SOCIEDADES / COMPANIAS,0,0,1,0,465.0,7,Secundaria,Hombre
1,0,40,-1.3986762,EMPRESA PRIVADA -SOCIEDADES / COMPANIAS,0,0,0,1,1300.0,43,Superior,Hombre
1,0,28,-1.7464495,EMPRESA PRIVADA -SOCIEDADES / COMPANIAS,0,0,0,1,460.0,2,Superior,Hombre
0,0,61,0.70144385,EMPRESA PRIVADA -SOCIEDADES / COMPANIAS,0,0,0,1,800.0,99,Superior,Hombre
0,0,40,4.3145146,EMPRESA PRIVADA -SOCIEDADES / COMPANIAS,0,1,0,0,460.0,23,Primaria,Hombre
0,0,32,3.3233519,EMPRESA PRIVADA -SOCIEDADES / COMPANIAS,0,0,1,0,464.0,0,Secundaria,Hombre
0,0,23,14.165489,EMPRESA PRIVADA -SOCIEDADES / COMPANIAS,0,0,1,0,468.0,10,Secundaria,Hombre
1,0,28,0.8462647,EMPRESA PRIVADA -SOCIEDADES / COMPANIAS,0,0,1,0,460.0,0,Secundaria,Hombre
0,1,22,-18.924696,EMPRESA PRIVADA -SOCIEDADES / COMPANIAS,0,0,1,0,471.0,8,Secundaria,Mujer
1,1,22,0.0,"FUNCION EJECUTIVA, LEGISL, JUDICIAL Y ORGANISMOS DEL ESTADO",0,0,0,1,540.0,9,Superior,Mujer
0,0,41,13.092766,EMPRESA PRIVADA -SOCIEDADES / COMPANIAS,0,0,0,1,600.0,205,Superior,Hombre
1,1,28,16.170385,EMPRESA PRIVADA -SOCIEDADES / COMPANIAS,0,0,0,1,465.0,7,Superior,Mujer
1,0,48,0.57408565,EMPRESA PRIVADA -SOCIEDADES / COMPANIAS,0,0,1,0,468.0,2,Secundaria,Hombre
1,1,28,0.0,EMPRESA PRIVADA -SOCIEDADES / COMPANIAS,0,0,0,1,1000.0,9,Superior,Mujer
1,0,23,0.12123434,EMPRESA PRIVADA -SOCIEDADES / COMPANIAS,0,0,1,0,501.0,4,Secundaria,Hombre
0,0,50,0.0,EMPRESA PRIVADA -SOCIEDADES / COMPANIAS,0,1,0,0,496.0,92,Primaria,Hombre
0,1,50,0.0,EMPRESA UNIPERSONAL /  PEQUEÑA INDUSTRIA,0,1,0,0,463.0,41,Primaria,Mujer
1,0,25,3.7191427,EMPRESA PRIVADA -SOCIEDADES / COMPANIAS,0,0,1,0,471.0,68,Secundaria,Hombre
1,1,27,7.9935403,EMPRESA PRIVADA -SOCIEDADES / COMPANIAS,0,0,1,0,468.0,0,Secundaria,Mujer
0,0,46,4.5607057,EMPRESA PRIVADA -SOCIEDADES / COMPANIAS,0,1,0,0,490.0,209,Primaria,Hombre
0,0,26,1.7736038,EMPRESA PRIVADA -SOCIEDADES / COMPANIAS,0,0,0,1,1250.0,24,Superior,Hombre
0,1,57,0.0,"FUNCION EJECUTIVA, LEGISL, JUDICIAL Y ORGANISMOS DEL ESTADO",0,0,1,0,585.0,118,Secundaria,Mujer
0,0,28,0.0,CONSTRUCCION,0,0,1,0,460.0,1,Secundaria,Hombre
1,1,41,0.0,"FUNCION EJECUTIVA, LEGISL, JUDICIAL Y ORGANISMOS DEL ESTADO",0,0,0,1,585.0,29,Superior,Mujer
1,1,35,1.5833268,EMPRESA PRIVADA -SOCIEDADES / COMPANIAS,0,0,1,0,468.0,0,Secundaria,Mujer
1,1,34,-6.2847424,EMPRESA PRIVADA -SOCIEDADES / COMPANIAS,0,0,1,0,1100.0,120,Secundaria,Mujer
0,1,36,0.0,"FUNCION EJECUTIVA, LEGISL, JUDICIAL Y ORGANISMOS DEL ESTADO",0,0,0,1,1086.0,121,Superior,Mujer
1,1,48,15.422355,EMPRESA PRIVADA -SOCIEDADES / COMPANIAS,0,0,1,0,471.0,3,Secundaria,Mujer
1,1,24,-7.5207467,EMPRESA PRIVADA -SOCIEDADES / COMPANIAS,0,1,0,0,991.0,21,Primaria,Mujer
0,1,45,8.885646,EMPRESA PRIVADA -SOCIEDADES / COMPANIAS,0,0,1,0,460.0,21,Secundaria,Mujer
0,0,25,0.0,EMPRESA PRIVADA -SOCIEDADES / COMPANIAS,0,1,0,0,465.0,5,Primaria,Hombre
1,0,25,0.0,ORGANISMOS DEL REGIMEN SECCIONAL,0,0,1,0,460.0,4,Secundaria,Hombre
1,0,33,8.529887,EMPRESA PRIVADA -SOCIEDADES / COMPANIAS,0,0,1,0,525.0,20,Secundaria,Hombre
1,0,25,-1.8486278,EMPRESA PRIVADA -SOCIEDADES / COMPANIAS,0,0,1,0,465.0,1,Secundaria,Hombre
0,1,39,0.0,EMPRESA UNIPERSONAL /  PEQUEÑA INDUSTRIA,0,0,1,0,563.0,33,Secundaria,Mujer
1,1,25,0.0,"FUNCION EJECUTIVA, LEGISL, JUDICIAL Y ORGANISMOS DEL ESTADO",0,0,1,0,1774.0,5,Secundaria,Mujer
1,0,30,28.602795,EMPRESA PRIVADA -SOCIEDADES / COMPANIAS,0,0,1,0,465.0,1,Secundaria,Hombre
0,1,23,13.881841,EMPRESA PRIVADA -SOCIEDADES / COMPANIAS,1,0,0,0,793.0,27,Sin Educación,Mujer
1,0,29,6.0146585,EMPRESA PRIVADA -SOCIEDADES / COMPANIAS,0,1,0,0,606.0,117,Primaria,Hombre
1,1,24,0.0,EMPRESA PRIVADA -SOCIEDADES / COMPANIAS,0,0,1,0,880.0,3,Secundaria,Mujer
1,0,29,0.51533705,EMPRESA PRIVADA -SOCIEDADES / COMPANIAS,0,0,1,0,600.0,8,Secundaria,Hombre
1,1,29,0.0,ENTIDADES PUBLICAS CON AUTONOMIA,0,0,0,1,1676.0,19,Superior,Mujer
1,0,30,0.0,EMPRESA UNIPERSONAL /  PEQUEÑA INDUSTRIA,0,1,0,0,461.0,17,Primaria,Hombre
0,0,57,0.0,"FUNCION EJECUTIVA, LEGISL, JUDICIAL Y ORGANISMOS DEL ESTADO",0,0,1,0,1086.0,123,Secundaria,Hombre
1,1,36,4.562905,EMPRESA PRIVADA -SOCIEDADES / COMPANIAS,0,1,0,0,468.0,3,Primaria,Mujer
0,1,53,0.0,"FUNCION EJECUTIVA, LEGISL, JUDICIAL Y ORGANISMOS DEL ESTADO",0,0,0,1,986.0,123,Superior,Mujer
0,0,32,2.5142353,EMPRESA PRIVADA -SOCIEDADES / COMPANIAS,0,0,1,0,741.0,28,Secundaria,Hombre
1,0,37,1.8128681,EMPRESA PRIVADA -SOCIEDADES / COMPANIAS,0,0,1,0,475.0,115,Secundaria,Hombre
1,1,25,0.0,"FUNCION EJECUTIVA, LEGISL, JUDICIAL Y ORGANISMOS DEL ESTADO",0,0,1,0,986.0,5,Secundaria,Mujer
1,0,53,-1.9106286,EMPRESA PRIVADA -SOCIEDADES / COMPANIAS,0,0,1,0,683.0,92,Secundaria,Hombre
1,1,21,0.0,"INSTITUCION FINANCIERA PRIVADA, BANCOS Y CIA DE SEGUROS",0,1,0,0,460.0,0,Primaria,Mujer
0,1,38,0.0,EMPLEADOR DOMESTICO,0,0,1,0,460.0,47,Secundaria,Mujer
1,0,51,10.028618,EMPRESA PRIVADA -SOCIEDADES / COMPANIAS,0,0,1,0,11970.0,48,Secundaria,Hombre
1,0,25,0.0,"FUNCION EJECUTIVA, LEGISL, JUDICIAL Y ORGANISMOS DEL ESTADO",0,0,1,0,986.0,5,Secundaria,Hombre
0,0,42,13.092766,EMPRESA PRIVADA -SOCIEDADES / COMPANIAS,0,0,1,0,476.0,174,Secundaria,Hombre
1,0,27,5.044416,EMPRESA PRIVADA -SOCIEDADES / COMPANIAS,0,0,1,0,524.0,5,Secundaria,Hombre
0,1,42,0.0,EMPRESA UNIPERSONAL /  PEQUEÑA INDUSTRIA,0,0,0,1,625.0,122,Superior,Mujer
1,0,37,0.0,MIEMBROS DE   SINDICATOS  Y COOP DE TRANSPORTE TERRESTRE,0,0,1,0,460.0,38,Secundaria,Hombre
0,0,31,2.3884606,EMPRESA PRIVADA -SOCIEDADES / COMPANIAS,0,0,0,1,1000.0,12,Superior,Hombre
0,1,34,0.0,"FUNCION EJECUTIVA, LEGISL, JUDICIAL Y ORGANISMOS DEL ESTADO",0,0,0,1,675.0,33,Superior,Mujer
1,0,54,15.647048,EMPRESA PRIVADA -SOCIEDADES / COMPANIAS,0,1,0,0,690.0,143,Primaria,Hombre
1,1,49,0.0,ENTIDADES PUBLICAS CON AUTONOMIA,0,0,1,0,1295.0,101,Secundaria,Mujer
0,0,33,-11.141989,EMPRESA PRIVADA -SOCIEDADES / COMPANIAS,0,0,1,0,466.0,19,Secundaria,Hombre
1,1,29,3.4186132,EMPRESA PRIVADA -SOCIEDADES / COMPANIAS,0,0,0,1,850.0,12,Superior,Mujer
0,1,31,-18.924696,EMPRESA PRIVADA -SOCIEDADES / COMPANIAS,0,0,0,1,1050.0,11,Superior,Mujer
0,1,33,0.0,"FUNCION EJECUTIVA, LEGISL, JUDICIAL Y ORGANISMOS DEL ESTADO",0,0,0,1,1676.0,26,Superior,Mujer
1,0,49,0.0,ORGANISMOS DEL REGIMEN SECCIONAL,0,0,0,1,1638.0,17,Superior,Hombre
0,1,38,4.8550644,EMPRESA PRIVADA -SOCIEDADES / COMPANIAS,0,0,1,0,465.0,18,Secundaria,Mujer
0,1,33,0.0,"FUNCION EJECUTIVA, LEGISL, JUDICIAL Y ORGANISMOS DEL ESTADO",0,0,1,0,817.0,1,Secundaria,Mujer
1,0,30,6.6929936,EMPRESA PRIVADA -SOCIEDADES / COMPANIAS,0,1,0,0,460.0,1,Primaria,Hombre
0,0,49,0.0,"FUNCION EJECUTIVA, LEGISL, JUDICIAL Y ORGANISMOS DEL ESTADO",0,0,0,1,1412.0,116,Superior,Hombre
0,0,40,0.14763366,EMPRESA PRIVADA -SOCIEDADES / COMPANIAS,0,0,1,0,473.0,29,Secundaria,Hombre
1,1,25,0.0,"FUNCION EJECUTIVA, LEGISL, JUDICIAL Y ORGANISMOS DEL ESTADO",0,0,1,0,901.0,5,Secundaria,Mujer
0,0,40,-12.382316,EMPRESA PRIVADA -SOCIEDADES / COMPANIAS,0,0,1,0,885.0,66,Secundaria,Hombre
0,1,26,0.0,EMPRESA PRIVADA -SOCIEDADES / COMPANIAS,0,0,1,0,460.0,12,Secundaria,Mujer
0,1,47,0.0,CONSTRUCCION,0,0,0,1,460.0,67,Superior,Mujer
1,1,23,3.9803128,EMPRESA PRIVADA -SOCIEDADES / COMPANIAS,0,0,0,1,466.0,30,Superior,Mujer
1,1,35,0.0,EMPRESA PRIVADA -SOCIEDADES / COMPANIAS,0,1,0,0,460.0,26,Primaria,Mujer
0,1,37,0.0,"FUNCION EJECUTIVA, LEGISL, JUDICIAL Y ORGANISMOS DEL ESTADO",0,0,0,1,1676.0,74,Superior,Mujer
1,0,60,0.0,ORGANISMOS DEL REGIMEN SECCIONAL,0,0,0,1,2122.0,84,Superior,Hombre
1,0,23,-18.924696,EMPRESA PRIVADA -SOCIEDADES / COMPANIAS,0,0,1,0,460.0,12,Secundaria,Hombre
0,0,33,5.4873505,EMPRESA PRIVADA -SOCIEDADES / COMPANIAS,0,0,1,0,477.0,14,Secundaria,Hombre
0,0,36,0.0,"FUNCION EJECUTIVA, LEGISL, JUDICIAL Y ORGANISMOS DEL ESTADO",0,0,0,1,2597.0,0,Superior,Hombre
1,0,25,1.5833268,EMPRESA PRIVADA -SOCIEDADES / COMPANIAS,0,0,1,0,468.0,4,Secundaria,Hombre
1,0,23,8.934834,EMPRESA PRIVADA -SOCIEDADES / COMPANIAS,0,1,0,0,460.0,12,Primaria,Hombre
0,0,64,2.8255281,EMPRESA PRIVADA -SOCIEDADES / COMPANIAS,0,0,0,1,1310.0,252,Superior,Hombre
0,0,33,0.0,"FUNCION EJECUTIVA, LEGISL, JUDICIAL Y ORGANISMOS DEL ESTADO",0,0,0,1,733.0,143,Superior,Hombre
0,0,34,-18.924696,EMPRESA PRIVADA -SOCIEDADES / COMPANIAS,0,0,1,0,460.0,87,Secundaria,Hombre
0,0,25,-18.924696,EMPRESA PRIVADA -SOCIEDADES / COMPANIAS,0,0,1,0,750.0,19,Secundaria,Hombre
0,1,25,0.0,COOP AHORRO  CRED. VIVIENDA ETC.CONTR SUPER  DE BANCOS,0,0,1,0,780.0,7,Secundaria,Mujer
0,0,33,0.0,"INSTITUCION FINANCIERA PRIVADA, BANCOS Y CIA DE SEGUROS",0,0,1,0,750.0,41,Secundaria,Hombre
0,0,24,0.0,"INSTITUCION FINANCIERA PRIVADA, BANCOS Y CIA DE SEGUROS",0,0,0,1,931.0,20,Superior,Hombre
0,1,20,1.0129057,EMPRESA PRIVADA -SOCIEDADES / COMPANIAS,0,0,1,0,460.0,17,Secundaria,Mujer
0,0,18,1.1977484,EMPRESA PRIVADA -SOCIEDADES / COMPANIAS,0,1,0,0,468.0,2,Primaria,Hombre
1,0,20,0.0,EMPRESA UNIPERSONAL /  PEQUEÑA INDUSTRIA,0,1,0,0,465.0,0,Primaria,Hombre
1,1,34,7.9048147,EMPRESA PRIVADA -SOCIEDADES / COMPANIAS,0,0,1,0,471.0,11,Secundaria,Mujer
0,0,32,0.0,"FUNCION EJECUTIVA, LEGISL, JUDICIAL Y ORGANISMOS DEL ESTADO",0,0,0,1,817.0,33,Superior,Hombre
1,1,36,0.0,EMPRESA PRIVADA -SOCIEDADES / COMPANIAS,0,0,1,0,471.0,1,Secundaria,Mujer
1,0,47,2.934445,EMPRESA PRIVADA -SOCIEDADES / COMPANIAS,0,1,0,0,474.0,1,Primaria,Hombre
0,0,52,0.0,EMPRESA UNIPERSONAL /  PEQUEÑA INDUSTRIA,0,1,0,0,474.0,191,Primaria,Hombre
0,0,30,4.3297443,EMPRESA PRIVADA -SOCIEDADES / COMPANIAS,0,0,1,0,460.0,29,Secundaria,Hombre
0,1,59,0.0,"FUNCION EJECUTIVA, LEGISL, JUDICIAL Y ORGANISMOS DEL ESTADO",0,0,0,1,986.0,116,Superior,Mujer
0,1,24,4.7230053,EMPRESA PRIVADA -SOCIEDADES / COMPANIAS,0,0,1,0,634.0,2,Secundaria,Mujer
1,0,21,13.840055,EMPRESA PRIVADA -SOCIEDADES / COMPANIAS,0,0,1,0,460.0,1,Secundaria,Hombre
0,0,24,7.2023044,EMPRESA PRIVADA -SOCIEDADES / COMPANIAS,0,0,1,0,460.0,17,Secundaria,Hombre
1,0,41,14.678628,EMPRESA PRIVADA -SOCIEDADES / COMPANIAS,0,0,1,0,465.0,23,Secundaria,Hombre
1,0,27,0.0,ENTIDADES PUBLICAS CON AUTONOMIA,0,0,1,0,1022.0,3,Secundaria,Hombre
1,0,30,12.281746,EMPRESA PRIVADA -SOCIEDADES / COMPANIAS,0,0,1,0,487.0,18,Secundaria,Hombre
0,1,38,0.0,EMPRESA PRIVADA -SOCIEDADES / COMPANIAS,0,0,1,0,533.0,12,Secundaria,Mujer
0,0,27,0.0,EMPRESA PRIVADA -SOCIEDADES / COMPANIAS,0,0,1,0,468.0,17,Secundaria,Hombre
1,1,65,0.0,EMPLEADOR DOMESTICO,0,0,1,0,460.0,70,Secundaria,Mujer
1,0,23,0.0,COOP AHORRO  CRED. VIVIENDA ETC.CONTR SUPER  DE BANCOS,0,0,1,0,650.0,1,Secundaria,Hombre
0,0,44,4.5394473,EMPRESA PRIVADA -SOCIEDADES / COMPANIAS,0,1,0,0,3826.0,196,Primaria,Hombre
1,0,50,4.7360215,EMPRESA PRIVADA -SOCIEDADES / COMPANIAS,0,0,1,0,465.0,0,Secundaria,Hombre
0,1,59,0.0,ENTIDADES PUBLICAS CON AUTONOMIA,0,0,1,0,1149.0,161,Secundaria,Mujer
0,0,38,4.2397013,EMPRESA PRIVADA -SOCIEDADES / COMPANIAS,0,0,1,0,477.0,162,Secundaria,Hombre
0,0,34,0.0,ENTIDADES PÚBLICAS DE EDUCACIÓN SUPERIOR,0,0,1,0,1412.0,62,Secundaria,Hombre
0,1,49,0.0,"FUNCION EJECUTIVA, LEGISL, JUDICIAL Y ORGANISMOS DEL ESTADO",0,0,0,1,585.0,117,Superior,Mujer
0,0,54,6.119633,EMPRESA PRIVADA -SOCIEDADES / COMPANIAS,0,1,0,0,1000.0,166,Primaria,Hombre
0,1,46,-0.67975295,EMPRESA PRIVADA -SOCIEDADES / COMPANIAS,0,0,1,0,460.0,34,Secundaria,Mujer
0,0,29,14.772451,EMPRESA PRIVADA -SOCIEDADES / COMPANIAS,0,0,1,0,465.0,1,Secundaria,Hombre
1,1,60,0.0,EMPLEADOR DOMESTICO,0,1,0,0,460.0,130,Primaria,Mujer
0,0,59,7.04332,EMPRESA PRIVADA -SOCIEDADES / COMPANIAS,0,1,0,0,461.0,46,Primaria,Hombre
0,0,33,0.0,"FUNCION EJECUTIVA, LEGISL, JUDICIAL Y ORGANISMOS DEL ESTADO",0,0,0,1,986.0,65,Superior,Hombre
1,0,50,6.5349646,EMPRESA PRIVADA -SOCIEDADES / COMPANIAS,0,0,1,0,460.0,7,Secundaria,Hombre
0,0,45,0.0,EMPLEADOR DOMESTICO,0,1,0,0,460.0,5,Primaria,Hombre
1,0,27,12.5220175,EMPRESA PRIVADA -SOCIEDADES / COMPANIAS,0,1,0,0,600.0,0,Primaria,Hombre
0,0,31,0.0,"FUNCION EJECUTIVA, LEGISL, JUDICIAL Y ORGANISMOS DEL ESTADO",0,0,0,1,1676.0,30,Superior,Hombre
1,0,31,5.155479,EMPRESA PRIVADA -SOCIEDADES / COMPANIAS,0,0,1,0,800.0,119,Secundaria,Hombre
0,0,32,5.326576,EMPRESA PRIVADA -SOCIEDADES / COMPANIAS,0,1,0,0,465.0,32,Primaria,Hombre
1,1,36,0.0,ORGANISMOS DEL REGIMEN SECCIONAL,0,0,0,1,650.0,5,Superior,Mujer
1,1,30,0.0,EMPRESA UNIPERSONAL /  PEQUEÑA INDUSTRIA,0,0,0,1,463.0,7,Superior,Mujer
0,0,26,2.862929,EMPRESA PRIVADA -SOCIEDADES / COMPANIAS,0,0,0,1,460.0,2,Superior,Hombre
1,1,43,0.0,"FUNCION EJECUTIVA, LEGISL, JUDICIAL Y ORGANISMOS DEL ESTADO",0,0,0,1,1086.0,47,Superior,Mujer
1,1,22,0.48943216,EMPRESA PRIVADA -SOCIEDADES / COMPANIAS,0,0,0,1,468.0,3,Superior,Mujer
1,0,23,17.277067,EMPRESA PRIVADA -SOCIEDADES / COMPANIAS,0,0,1,0,465.0,0,Secundaria,Hombre
0,0,33,3.7191427,EMPRESA PRIVADA -SOCIEDADES / COMPANIAS,0,0,1,0,471.0,120,Secundaria,Hombre
1,1,30,0.0,"FUNCION EJECUTIVA, LEGISL, JUDICIAL Y ORGANISMOS DEL ESTADO",0,0,1,0,986.0,9,Secundaria,Mujer
0,1,62,0.0,ENTIDADES PUBLICAS CON AUTONOMIA,0,0,1,0,695.0,172,Secundaria,Mujer
0,0,21,0.0,EMPRESA PRIVADA -SOCIEDADES / COMPANIAS,0,0,1,0,461.0,1,Secundaria,Hombre
0,0,25,0.0,EMPRESA PRIVADA -SOCIEDADES / COMPANIAS,0,0,1,0,600.0,21,Secundaria,Hombre
1,0,25,9.429449,EMPRESA PRIVADA -SOCIEDADES / COMPANIAS,0,0,1,0,469.0,25,Secundaria,Hombre
1,0,23,11.848829,EMPRESA PRIVADA -SOCIEDADES / COMPANIAS,0,0,1,0,460.0,22,Secundaria,Hombre
1,1,27,1.0785177,EMPRESA PRIVADA -SOCIEDADES / COMPANIAS,0,0,1,0,465.0,12,Secundaria,Mujer
1,0,34,0.08513593,EMPRESA PRIVADA -SOCIEDADES / COMPANIAS,0,1,0,0,887.0,1,Primaria,Hombre
0,0,66,2.4380639,EMPRESA PRIVADA -SOCIEDADES / COMPANIAS,0,0,0,1,1899.0,234,Superior,Hombre
1,0,32,2.5653272,EMPRESA PRIVADA -SOCIEDADES / COMPANIAS,0,0,1,0,468.0,18,Secundaria,Hombre
1,1,22,0.9814888,EMPRESA PRIVADA -SOCIEDADES / COMPANIAS,0,0,1,0,471.0,20,Secundaria,Mujer
0,1,56,0.0,EMPRESA PRIVADA -SOCIEDADES / COMPANIAS,0,0,0,1,473.0,41,Superior,Mujer
0,0,61,0.2222094,EMPRESA PRIVADA -SOCIEDADES / COMPANIAS,1,0,0,0,468.0,194,Sin Educación,Hombre
1,0,26,4.3188086,EMPRESA PRIVADA -SOCIEDADES / COMPANIAS,0,0,1,0,624.0,50,Secundaria,Hombre
0,0,33,0.0,ENTIDADES PÚBLICAS DE EDUCACIÓN SUPERIOR,0,0,0,1,901.0,67,Superior,Hombre
1,0,26,-1.0723019,EMPRESA PRIVADA -SOCIEDADES / COMPANIAS,0,0,1,0,470.0,28,Secundaria,Hombre
1,0,30,0.6369416,EMPRESA PRIVADA -SOCIEDADES / COMPANIAS,0,0,1,0,465.0,9,Secundaria,Hombre
0,1,28,5.7175198,EMPRESA PRIVADA -SOCIEDADES / COMPANIAS,0,0,1,0,468.0,16,Secundaria,Mujer
1,0,33,4.164076,EMPRESA PRIVADA -SOCIEDADES / COMPANIAS,0,0,1,0,1200.0,83,Secundaria,Hombre
1,0,27,-10.465114,CONSTRUCCION,0,0,1,0,461.0,2,Secundaria,Hombre
1,0,64,7.128997,EMPRESA PRIVADA -SOCIEDADES / COMPANIAS,0,0,1,0,1000.0,200,Secundaria,Hombre
0,0,56,0.7678886,EMPRESA PRIVADA -SOCIEDADES / COMPANIAS,0,0,1,0,550.0,21,Secundaria,Hombre
0,0,32,0.0,EMPRESA UNIPERSONAL /  PEQUEÑA INDUSTRIA,0,1,0,0,470.0,24,Primaria,Hombre
1,1,25,0.0,EMPRESA PRIVADA -SOCIEDADES / COMPANIAS,0,0,0,1,700.0,13,Superior,Mujer
0,0,29,7.3580575,EMPRESA PRIVADA -SOCIEDADES / COMPANIAS,0,1,0,0,460.0,2,Primaria,Hombre
0,0,55,1.4960377,EMPRESA PRIVADA -SOCIEDADES / COMPANIAS,0,0,1,0,847.0,51,Secundaria,Hombre
1,0,33,7.456753,EMPRESA PRIVADA -SOCIEDADES / COMPANIAS,0,0,1,0,465.0,22,Secundaria,Hombre
0,0,39,0.0,"INSTITUCION FINANCIERA PRIVADA, BANCOS Y CIA DE SEGUROS",0,0,0,1,2657.0,119,Superior,Hombre
0,1,38,0.0,COOP AHORRO  CRED. VIVIENDA ETC.CONTR SUPER  DE BANCOS,0,0,0,1,1068.0,137,Superior,Mujer
1,0,36,4.9862576,EMPRESA UNIPERSONAL /  PEQUEÑA INDUSTRIA,0,0,1,0,460.0,19,Secundaria,Hombre
0,0,58,0.0,EMPRESA UNIPERSONAL /  PEQUEÑA INDUSTRIA,0,0,1,0,460.0,53,Secundaria,Hombre
1,1,44,0.03456518,EMPRESA PRIVADA -SOCIEDADES / COMPANIAS,0,0,1,0,606.0,11,Secundaria,Mujer
1,1,52,0.0,EMPRESA PRIVADA -SOCIEDADES / COMPANIAS,0,0,1,0,465.0,0,Secundaria,Mujer
0,0,42,-18.924696,EMPRESA PRIVADA -SOCIEDADES / COMPANIAS,0,1,0,0,466.0,52,Primaria,Hombre
1,1,41,0.0,EMPRESA PRIVADA -SOCIEDADES / COMPANIAS,0,0,0,1,461.0,101,Superior,Mujer
0,0,44,8.663166,EMPRESA PRIVADA -SOCIEDADES / COMPANIAS,0,1,0,0,713.0,105,Primaria,Hombre
0,0,35,0.0,ORGANISMOS DEL REGIMEN SECCIONAL,0,0,1,0,561.0,193,Secundaria,Hombre
1,0,27,0.0,EMPRESA UNIPERSONAL /  PEQUEÑA INDUSTRIA,0,0,1,0,460.0,28,Secundaria,Hombre
0,0,25,12.281746,EMPRESA PRIVADA -SOCIEDADES / COMPANIAS,0,0,1,0,487.0,12,Secundaria,Hombre
1,0,34,0.7028911,EMPRESA PRIVADA -SOCIEDADES / COMPANIAS,0,1,0,0,468.0,23,Primaria,Hombre
0,0,21,1.497567,EMPRESA PRIVADA -SOCIEDADES / COMPANIAS,0,0,1,0,460.0,2,Secundaria,Hombre
0,1,38,0.0,"FUNCION EJECUTIVA, LEGISL, JUDICIAL Y ORGANISMOS DEL ESTADO",0,0,0,1,1212.0,116,Superior,Mujer
0,0,55,0.0,"FUNCION EJECUTIVA, LEGISL, JUDICIAL Y ORGANISMOS DEL ESTADO",0,0,0,1,1212.0,93,Superior,Hombre
1,1,41,0.7151753,EMPRESA PRIVADA -SOCIEDADES / COMPANIAS,0,1,0,0,468.0,1,Primaria,Mujer
0,0,24,0.0,CONSTRUCCION,0,0,1,0,471.0,25,Secundaria,Hombre
0,0,29,20.718603,EMPRESA PRIVADA -SOCIEDADES / COMPANIAS,0,0,1,0,507.0,54,Secundaria,Hombre
0,1,48,0.0,"NOTARIAS, (LOS REGITRADORES  SON PÚBLICOS)",0,0,1,0,828.0,78,Secundaria,Mujer
0,1,31,0.0,EMPRESA UNIPERSONAL /  PEQUEÑA INDUSTRIA,0,0,1,0,460.0,5,Secundaria,Mujer
0,1,42,0.92796016,EMPRESA PRIVADA -SOCIEDADES / COMPANIAS,0,0,1,0,738.0,39,Secundaria,Mujer
1,1,30,0.0,EMPRESA PRIVADA -SOCIEDADES / COMPANIAS,0,0,1,0,722.0,30,Secundaria,Mujer
0,0,24,-8.935722,EMPRESA PRIVADA -SOCIEDADES / COMPANIAS,0,0,0,1,1500.0,18,Superior,Hombre
1,0,29,0.8704357,EMPRESA PRIVADA -SOCIEDADES / COMPANIAS,0,0,1,0,469.0,0,Secundaria,Hombre
1,0,25,0.0,"FUNCION EJECUTIVA, LEGISL, JUDICIAL Y ORGANISMOS DEL ESTADO",0,0,0,1,986.0,5,Superior,Hombre
0,0,29,12.281746,EMPRESA PRIVADA -SOCIEDADES / COMPANIAS,0,0,1,0,487.0,39,Secundaria,Hombre
1,0,20,0.0,EMPRESA UNIPERSONAL /  PEQUEÑA INDUSTRIA,0,0,1,0,471.0,15,Secundaria,Hombre
0,0,51,8.501653,EMPRESA PRIVADA -SOCIEDADES / COMPANIAS,1,0,0,0,532.0,192,Sin Educación,Hombre
0,1,47,0.0,EMPLEADOR DOMESTICO,0,1,0,0,460.0,128,Primaria,Mujer
0,0,44,8.084702,EMPRESA PRIVADA -SOCIEDADES / COMPANIAS,0,1,0,0,476.0,193,Primaria,Hombre
1,0,21,0.0,EMPRESA PRIVADA -SOCIEDADES / COMPANIAS,0,1,0,0,468.0,1,Primaria,Hombre
0,1,28,0.0,ORGANISMOS DEL REGIMEN SECCIONAL,0,1,0,0,460.0,4,Primaria,Mujer
0,1,71,0.0,ENTIDADES PUBLICAS CON AUTONOMIA,0,0,0,1,1360.0,169,Superior,Mujer
1,0,33,0.61411655,EMPRESA PRIVADA -SOCIEDADES / COMPANIAS,0,0,1,0,465.0,6,Secundaria,Hombre
1,1,27,5.455719,EMPRESA PRIVADA -SOCIEDADES / COMPANIAS,0,0,1,0,528.0,72,Secundaria,Mujer
1,1,30,0.0,EMPLEADOR DOMESTICO,0,1,0,0,460.0,61,Primaria,Mujer
1,0,40,0.0,EMPRESA UNIPERSONAL /  PEQUEÑA INDUSTRIA,0,0,1,0,460.0,10,Secundaria,Hombre
1,0,26,2.364911,EMPRESA PRIVADA -SOCIEDADES / COMPANIAS,0,0,1,0,500.0,43,Secundaria,Hombre
1,0,21,28.602795,EMPRESA UNIPERSONAL /  PEQUEÑA INDUSTRIA,0,1,0,0,471.0,0,Primaria,Hombre
1,1,33,0.92796016,EMPRESA PRIVADA -SOCIEDADES / COMPANIAS,0,0,1,0,472.0,9,Secundaria,Mujer
0,1,33,0.0,EMPLEADOR DOMESTICO,0,1,0,0,460.0,49,Primaria,Mujer
0,0,21,28.602795,EMPRESA PRIVADA -SOCIEDADES / COMPANIAS,0,0,1,0,700.0,17,Secundaria,Hombre
0,0,44,-0.1287558,EMPRESA PRIVADA -SOCIEDADES / COMPANIAS,0,1,0,0,505.0,23,Primaria,Hombre
0,1,37,18.976622,EMPRESA PRIVADA -SOCIEDADES / COMPANIAS,0,0,0,1,1679.0,46,Superior,Mujer
0,0,44,0.0,ORGANISMOS DEL REGIMEN SECCIONAL,0,0,0,1,561.0,152,Superior,Hombre
1,1,41,-0.22028838,EMPRESA PRIVADA -SOCIEDADES / COMPANIAS,0,0,0,1,460.0,41,Superior,Mujer
1,1,70,0.0,EMPRESA UNIPERSONAL /  PEQUEÑA INDUSTRIA,0,0,1,0,1900.0,128,Secundaria,Mujer
0,0,36,7.8724627,EMPRESA PRIVADA -SOCIEDADES / COMPANIAS,0,0,1,0,465.0,4,Secundaria,Hombre
0,0,54,6.119633,EMPRESA PRIVADA -SOCIEDADES / COMPANIAS,0,1,0,0,1275.0,11,Primaria,Hombre
1,0,34,0.0,EMPRESA PRIVADA -SOCIEDADES / COMPANIAS,0,0,0,1,800.0,14,Superior,Hombre
0,1,44,0.0,"FUNCION EJECUTIVA, LEGISL, JUDICIAL Y ORGANISMOS DEL ESTADO",0,0,0,1,817.0,105,Superior,Mujer
0,0,47,0.0,ENTIDADES PUBLICAS CON AUTONOMIA,0,0,0,1,1846.0,45,Superior,Hombre
0,1,24,0.0,"FUNCION EJECUTIVA, LEGISL, JUDICIAL Y ORGANISMOS DEL ESTADO",0,0,1,0,591.0,9,Secundaria,Mujer
0,1,31,9.06658,EMPRESA PRIVADA -SOCIEDADES / COMPANIAS,0,0,0,1,1200.0,21,Superior,Mujer
1,0,18,0.0,EMPRESA UNIPERSONAL /  PEQUEÑA INDUSTRIA,0,1,0,0,471.0,1,Primaria,Hombre
0,1,32,0.0,"FUNCION EJECUTIVA, LEGISL, JUDICIAL Y ORGANISMOS DEL ESTADO",0,0,0,1,2368.0,6,Superior,Mujer
0,0,41,-0.5621152,EMPRESA PRIVADA -SOCIEDADES / COMPANIAS,0,0,0,1,900.0,37,Superior,Hombre
1,1,27,0.0,"FUNCION EJECUTIVA, LEGISL, JUDICIAL Y ORGANISMOS DEL ESTADO",0,0,0,1,986.0,9,Superior,Mujer
0,1,41,0.0,ENTIDADES PUBLICAS CON AUTONOMIA,0,0,0,1,1026.0,99,Superior,Mujer
1,1,31,0.0,"FUNCION EJECUTIVA, LEGISL, JUDICIAL Y ORGANISMOS DEL ESTADO",0,0,1,0,986.0,9,Secundaria,Mujer
0,0,33,0.0,ORGANISMOS DEL REGIMEN SECCIONAL,0,0,0,1,817.0,78,Superior,Hombre
0,1,29,0.25788602,EMPRESA PRIVADA -SOCIEDADES / COMPANIAS,0,0,1,0,490.0,21,Secundaria,Mujer
0,0,29,0.0,EMPRESA PRIVADA -SOCIEDADES / COMPANIAS,0,0,0,1,460.0,76,Superior,Hombre
0,1,23,0.0,ORGANISMOS DEL REGIMEN SECCIONAL,0,0,1,0,460.0,13,Secundaria,Mujer
1,1,26,0.0,EMPRESA UNIPERSONAL /  PEQUEÑA INDUSTRIA,0,0,1,0,230.0,4,Secundaria,Mujer
0,1,56,0.0,"FUNCION EJECUTIVA, LEGISL, JUDICIAL Y ORGANISMOS DEL ESTADO",0,0,0,1,2034.0,137,Superior,Mujer
1,0,37,-18.924696,EMPRESA PRIVADA -SOCIEDADES / COMPANIAS,0,0,1,0,462.0,6,Secundaria,Hombre
1,0,34,2.4380639,EMPRESA PRIVADA -SOCIEDADES / COMPANIAS,0,0,1,0,546.0,1,Secundaria,Hombre
1,0,25,0.0,EMPRESA UNIPERSONAL /  PEQUEÑA INDUSTRIA,0,0,1,0,476.0,17,Secundaria,Hombre
0,0,27,7.035242,EMPRESA PRIVADA -SOCIEDADES / COMPANIAS,0,0,1,0,465.0,13,Secundaria,Hombre
0,0,33,5.4873505,EMPRESA PRIVADA -SOCIEDADES / COMPANIAS,0,0,1,0,605.0,77,Secundaria,Hombre
0,1,33,8.576247,EMPRESA PRIVADA -SOCIEDADES / COMPANIAS,1,0,0,0,1200.0,79,Sin Educación,Mujer
0,0,27,0.7054618,EMPRESA PRIVADA -SOCIEDADES / COMPANIAS,0,1,0,0,461.0,7,Primaria,Hombre
1,1,27,0.0,"FUNCION EJECUTIVA, LEGISL, JUDICIAL Y ORGANISMOS DEL ESTADO",0,0,1,0,986.0,9,Secundaria,Mujer
1,0,33,0.0,EMPRESA UNIPERSONAL /  PEQUEÑA INDUSTRIA,0,0,1,0,707.0,1,Secundaria,Hombre
1,0,29,1.5833268,EMPRESA PRIVADA -SOCIEDADES / COMPANIAS,0,0,1,0,468.0,78,Secundaria,Hombre
1,1,26,0.0,"FUNCION EJECUTIVA, LEGISL, JUDICIAL Y ORGANISMOS DEL ESTADO",0,0,1,0,901.0,5,Secundaria,Mujer
0,0,60,23.506907,EMPRESA PRIVADA -SOCIEDADES / COMPANIAS,0,1,0,0,1000.0,13,Primaria,Hombre
1,1,33,6.2359505,EMPRESA PRIVADA -SOCIEDADES / COMPANIAS,0,0,1,0,460.0,33,Secundaria,Mujer
1,0,61,0.0,"FUNCION EJECUTIVA, LEGISL, JUDICIAL Y ORGANISMOS DEL ESTADO",0,0,0,1,1212.0,123,Superior,Hombre
1,1,44,1.5833268,EMPRESA PRIVADA -SOCIEDADES / COMPANIAS,1,0,0,0,468.0,2,Sin Educación,Mujer
0,0,29,0.0,ENTIDADES PUBLICAS CON AUTONOMIA,0,0,1,0,1264.0,106,Secundaria,Hombre
1,0,43,-1.4879138,EMPRESA PRIVADA -SOCIEDADES / COMPANIAS,0,0,1,0,605.0,2,Secundaria,Hombre
1,0,46,0.0,EMPRESA UNIPERSONAL /  PEQUEÑA INDUSTRIA,0,1,0,0,460.0,89,Primaria,Hombre
0,0,33,0.0,EMPRESA PRIVADA -SOCIEDADES / COMPANIAS,0,0,0,1,475.0,2,Superior,Hombre
1,1,28,2.625851,EMPRESA PRIVADA -SOCIEDADES / COMPANIAS,0,0,1,0,525.0,20,Secundaria,Mujer
0,0,59,9.848002,EMPRESA PRIVADA -SOCIEDADES / COMPANIAS,0,1,0,0,460.0,112,Primaria,Hombre
0,1,46,0.0,"FUNCION EJECUTIVA, LEGISL, JUDICIAL Y ORGANISMOS DEL ESTADO",0,0,0,1,585.0,75,Superior,Mujer
0,1,38,0.0,"FUNCION EJECUTIVA, LEGISL, JUDICIAL Y ORGANISMOS DEL ESTADO",0,0,0,1,817.0,33,Superior,Mujer
1,0,25,0.0,"FUNCION EJECUTIVA, LEGISL, JUDICIAL Y ORGANISMOS DEL ESTADO",0,0,0,1,901.0,5,Superior,Hombre
1,1,29,2.7431903,EMPRESA PRIVADA -SOCIEDADES / COMPANIAS,0,0,1,0,478.0,54,Secundaria,Mujer
0,0,31,0.0,COOPERA  NO CONTROLADAS POR LA SUPERINTENDENCIA  DE BANCOS,0,0,1,0,650.0,10,Secundaria,Hombre
0,0,24,-3.7401857,EMPRESA PRIVADA -SOCIEDADES / COMPANIAS,0,0,0,1,485.0,0,Superior,Hombre
0,0,45,-8.627019,EMPRESA PRIVADA -SOCIEDADES / COMPANIAS,0,0,1,0,475.0,94,Secundaria,Hombre
0,0,37,2.645124,EMPRESA PRIVADA -SOCIEDADES / COMPANIAS,0,0,1,0,460.0,2,Secundaria,Hombre
1,0,50,-0.6490273,EMPRESA PRIVADA -SOCIEDADES / COMPANIAS,0,0,1,0,478.0,10,Secundaria,Hombre
0,1,27,0.0,COOP AHORRO  CRED. VIVIENDA ETC.CONTR SUPER  DE BANCOS,0,0,0,1,600.0,38,Superior,Mujer
1,0,36,5.4530945,EMPRESA PRIVADA -SOCIEDADES / COMPANIAS,0,0,0,1,800.0,110,Superior,Hombre
0,0,41,6.4434705,EMPRESA PRIVADA -SOCIEDADES / COMPANIAS,1,0,0,0,460.0,158,Sin Educación,Hombre
0,0,31,8.501653,EMPRESA PRIVADA -SOCIEDADES / COMPANIAS,0,1,0,0,499.0,119,Primaria,Hombre
1,0,28,1.9629784,EMPRESA PRIVADA -SOCIEDADES / COMPANIAS,0,0,1,0,460.0,1,Secundaria,Hombre
1,1,31,0.0,"FUNCION EJECUTIVA, LEGISL, JUDICIAL Y ORGANISMOS DEL ESTADO",0,0,0,1,1086.0,112,Superior,Mujer
1,1,23,0.0,"FUNCION EJECUTIVA, LEGISL, JUDICIAL Y ORGANISMOS DEL ESTADO",0,0,1,0,540.0,9,Secundaria,Mujer
0,0,33,0.9159383,EMPRESA PRIVADA -SOCIEDADES / COMPANIAS,0,1,0,0,556.0,48,Primaria,Hombre
1,1,25,0.0,EMPRESA PRIVADA -SOCIEDADES / COMPANIAS,0,0,1,0,468.0,22,Secundaria,Mujer
1,0,38,0.9634125,EMPRESA PRIVADA -SOCIEDADES / COMPANIAS,0,1,0,0,465.0,3,Primaria,Hombre
0,0,49,0.0,"OTRAS FINANC. PRIVAD, MUTUALISTAS ETC",0,0,0,1,1012.0,116,Superior,Hombre
1,0,26,0.0,EMPRESA UNIPERSONAL /  PEQUEÑA INDUSTRIA,0,0,1,0,650.0,1,Secundaria,Hombre
0,0,26,9.076649,EMPRESA PRIVADA -SOCIEDADES / COMPANIAS,0,0,1,0,468.0,49,Secundaria,Hombre
1,0,27,4.3188086,EMPRESA PRIVADA -SOCIEDADES / COMPANIAS,0,0,1,0,470.0,38,Secundaria,Hombre
1,1,33,-18.924696,EMPRESA PRIVADA -SOCIEDADES / COMPANIAS,0,0,0,1,473.0,31,Superior,Mujer
0,0,33,-12.98442,EMPRESA PRIVADA -SOCIEDADES / COMPANIAS,0,0,0,1,2653.0,53,Superior,Hombre
1,0,38,0.0,"FUNCION EJECUTIVA, LEGISL, JUDICIAL Y ORGANISMOS DEL ESTADO",0,0,1,0,1086.0,12,Secundaria,Hombre
1,0,23,12.281746,EMPRESA PRIVADA -SOCIEDADES / COMPANIAS,0,0,1,0,487.0,23,Secundaria,Hombre
1,0,48,0.0,ORGANISMOS DEL REGIMEN SECCIONAL,0,0,0,1,2368.0,13,Superior,Hombre
0,1,32,0.0,"FUNCION EJECUTIVA, LEGISL, JUDICIAL Y ORGANISMOS DEL ESTADO",0,0,0,1,817.0,81,Superior,Mujer
0,1,38,0.0,"FUNCION EJECUTIVA, LEGISL, JUDICIAL Y ORGANISMOS DEL ESTADO",0,0,0,1,1086.0,75,Superior,Mujer
0,0,33,1.1553959,EMPRESA PRIVADA -SOCIEDADES / COMPANIAS,0,0,1,0,699.0,42,Secundaria,Hombre
1,0,34,10.407352,EMPRESA PRIVADA -SOCIEDADES / COMPANIAS,0,0,0,1,1000.0,1,Superior,Hombre
0,1,36,12.170973,EMPRESA PRIVADA -SOCIEDADES / COMPANIAS,0,1,0,0,461.0,53,Primaria,Mujer
1,1,67,0.0,EMPRESA PRIVADA -SOCIEDADES / COMPANIAS,0,0,0,1,460.0,18,Superior,Mujer
0,1,64,0.0,"FUNCION EJECUTIVA, LEGISL, JUDICIAL Y ORGANISMOS DEL ESTADO",0,0,0,1,986.0,116,Superior,Mujer
1,0,50,0.0,"FUNCION EJECUTIVA, LEGISL, JUDICIAL Y ORGANISMOS DEL ESTADO",0,0,0,1,2641.0,124,Superior,Hombre
0,1,48,0.0,EMPLEADOR DOMESTICO,0,1,0,0,490.0,21,Primaria,Mujer
1,0,42,7.088997,EMPRESA PRIVADA -SOCIEDADES / COMPANIAS,0,0,0,1,465.0,1,Superior,Hombre
0,1,35,-2.125683,EMPRESA PRIVADA -SOCIEDADES / COMPANIAS,0,0,0,1,1650.0,31,Superior,Mujer
1,1,25,0.069649905,EMPRESA PRIVADA -SOCIEDADES / COMPANIAS,0,0,0,1,820.0,26,Superior,Mujer
1,1,35,-2.3304968,EMPRESA PRIVADA -SOCIEDADES / COMPANIAS,0,0,0,1,460.0,2,Superior,Mujer
0,0,43,0.0,EMPRESA PRIVADA -SOCIEDADES / COMPANIAS,0,0,0,1,523.0,150,Superior,Hombre
1,0,40,15.31796,EMPRESA PRIVADA -SOCIEDADES / COMPANIAS,0,0,1,0,550.0,5,Secundaria,Hombre
1,1,28,9.06658,EMPRESA PRIVADA -SOCIEDADES / COMPANIAS,0,0,0,1,816.0,57,Superior,Mujer
1,0,28,0.0,EMPRESA PRIVADA -SOCIEDADES / COMPANIAS,0,0,0,1,465.0,21,Superior,Hombre
0,0,49,12.281746,EMPRESA PRIVADA -SOCIEDADES / COMPANIAS,0,0,1,0,487.0,109,Secundaria,Hombre
0,1,41,0.0,"FUNCION EJECUTIVA, LEGISL, JUDICIAL Y ORGANISMOS DEL ESTADO",0,0,0,1,824.0,171,Superior,Mujer
0,0,42,17.667599,EMPRESA PRIVADA -SOCIEDADES / COMPANIAS,0,1,0,0,461.0,92,Primaria,Hombre
0,0,43,0.0,MICRO EMPRESA (NO ARTESANAL),0,1,0,0,460.0,103,Primaria,Hombre
1,0,47,0.0,EMPRESA UNIPERSONAL /  PEQUEÑA INDUSTRIA,0,1,0,0,460.0,161,Primaria,Hombre
0,1,29,13.892193,EMPRESA PRIVADA -SOCIEDADES / COMPANIAS,0,0,0,1,1000.0,28,Superior,Mujer
0,1,54,0.0,"FUNCION EJECUTIVA, LEGISL, JUDICIAL Y ORGANISMOS DEL ESTADO",0,0,0,1,986.0,121,Superior,Mujer
0,0,36,0.0,EMPRESA PRIVADA -SOCIEDADES / COMPANIAS,0,0,1,0,460.0,34,Secundaria,Hombre
0,0,28,0.0,ENTIDADES PUBLICAS CON AUTONOMIA,0,0,1,0,1026.0,107,Secundaria,Hombre
0,0,36,0.0,ORGANISMOS DEL REGIMEN SECCIONAL,0,0,0,1,1006.0,102,Superior,Hombre
0,0,25,2.452261,EMPRESA PRIVADA -SOCIEDADES / COMPANIAS,0,1,0,0,460.0,24,Primaria,Hombre
0,1,37,0.0,EMPRESA PRIVADA -SOCIEDADES / COMPANIAS,0,0,0,1,466.0,1,Superior,Mujer
0,0,43,0.0,"FUNCION EJECUTIVA, LEGISL, JUDICIAL Y ORGANISMOS DEL ESTADO",0,0,1,0,659.0,62,Secundaria,Hombre
1,0,35,6.4465556,EMPRESA PRIVADA -SOCIEDADES / COMPANIAS,0,1,0,0,460.0,33,Primaria,Hombre
0,0,44,0.0,"FUNCION EJECUTIVA, LEGISL, JUDICIAL Y ORGANISMOS DEL ESTADO",0,0,1,0,578.0,52,Secundaria,Hombre
1,1,53,0.0,EMPRESA PRIVADA -SOCIEDADES / COMPANIAS,0,0,0,1,500.0,22,Superior,Mujer
0,1,25,3.9159575,EMPRESA PRIVADA -SOCIEDADES / COMPANIAS,0,0,0,1,1464.0,36,Superior,Mujer
1,1,36,0.0,EMPRESA UNIPERSONAL /  PEQUEÑA INDUSTRIA,0,1,0,0,461.0,38,Primaria,Mujer
1,1,40,7.397831,EMPRESA PRIVADA -SOCIEDADES / COMPANIAS,0,1,0,0,472.0,59,Primaria,Mujer
0,1,22,9.39146,EMPRESA PRIVADA -SOCIEDADES / COMPANIAS,0,0,1,0,475.0,0,Secundaria,Mujer
1,1,43,3.155199,EMPRESA PRIVADA -SOCIEDADES / COMPANIAS,0,0,1,0,630.0,237,Secundaria,Mujer
0,0,56,28.602795,EMPRESA PRIVADA -SOCIEDADES / COMPANIAS,0,0,0,1,6476.0,236,Superior,Hombre
0,1,28,0.0,"FUNCION EJECUTIVA, LEGISL, JUDICIAL Y ORGANISMOS DEL ESTADO",0,0,1,0,817.0,13,Secundaria,Mujer
0,0,21,19.421463,EMPRESA PRIVADA -SOCIEDADES / COMPANIAS,0,0,1,0,465.0,2,Secundaria,Hombre
0,0,35,1.4761328,EMPRESA PRIVADA -SOCIEDADES / COMPANIAS,0,0,1,0,460.0,11,Secundaria,Hombre
0,0,40,0.0,CONSTRUCCION,0,0,0,1,535.0,86,Superior,Hombre
1,0,57,0.0,EMPRESA UNIPERSONAL /  PEQUEÑA INDUSTRIA,0,0,1,0,465.0,159,Secundaria,Hombre
0,1,37,0.0,EMPLEADOR DOMESTICO,0,1,0,0,460.0,40,Primaria,Mujer
0,1,31,0.0,"FUNCION EJECUTIVA, LEGISL, JUDICIAL Y ORGANISMOS DEL ESTADO",0,0,1,0,986.0,90,Secundaria,Mujer
1,0,29,2.06534,EMPRESA PRIVADA -SOCIEDADES / COMPANIAS,0,0,0,1,500.0,56,Superior,Hombre
1,1,27,-11.027313,EMPRESA PRIVADA -SOCIEDADES / COMPANIAS,0,0,1,0,471.0,1,Secundaria,Mujer
0,0,23,6.4434705,EMPRESA PRIVADA -SOCIEDADES / COMPANIAS,0,0,1,0,460.0,13,Secundaria,Hombre
0,1,62,0.0,EMPRESA PRIVADA -SOCIEDADES / COMPANIAS,0,1,0,0,460.0,41,Primaria,Mujer
1,1,33,8.373598,EMPRESA PRIVADA -SOCIEDADES / COMPANIAS,0,1,0,0,500.0,35,Primaria,Mujer
0,1,31,-13.595748,EMPRESA PRIVADA -SOCIEDADES / COMPANIAS,0,0,0,1,600.0,29,Superior,Mujer
1,0,45,-3.2613533,EMPRESA PRIVADA -SOCIEDADES / COMPANIAS,0,0,0,1,1155.0,193,Superior,Hombre
1,0,25,6.1896043,EMPRESA PRIVADA -SOCIEDADES / COMPANIAS,0,1,0,0,465.0,16,Primaria,Hombre
1,0,69,28.602795,EMPRESA PRIVADA -SOCIEDADES / COMPANIAS,0,0,1,0,900.0,57,Secundaria,Hombre
0,0,54,2.4701867,EMPRESA PRIVADA -SOCIEDADES / COMPANIAS,0,0,0,1,1500.0,119,Superior,Hombre
1,0,38,0.28832525,EMPRESA PRIVADA -SOCIEDADES / COMPANIAS,0,0,0,1,700.0,33,Superior,Hombre
0,0,40,0.0,"FUNCION EJECUTIVA, LEGISL, JUDICIAL Y ORGANISMOS DEL ESTADO",0,0,0,1,1212.0,123,Superior,Hombre
1,1,26,0.0,"FUNCION EJECUTIVA, LEGISL, JUDICIAL Y ORGANISMOS DEL ESTADO",0,1,0,0,901.0,5,Primaria,Mujer
1,1,44,0.0,EMPLEADOR DOMESTICO,0,0,1,0,460.0,49,Secundaria,Mujer
1,0,40,0.0,"FUNCION EJECUTIVA, LEGISL, JUDICIAL Y ORGANISMOS DEL ESTADO",0,0,0,1,1086.0,47,Superior,Hombre
0,0,66,0.0,EMPRESA PRIVADA -SOCIEDADES / COMPANIAS,0,1,0,0,1600.0,144,Primaria,Hombre
0,0,37,2.3506303,EMPRESA PRIVADA -SOCIEDADES / COMPANIAS,0,1,0,0,461.0,61,Primaria,Hombre
1,0,24,0.0,"FUNCION EJECUTIVA, LEGISL, JUDICIAL Y ORGANISMOS DEL ESTADO",0,0,1,0,1394.0,0,Secundaria,Hombre
0,0,30,-17.746204,EMPRESA PRIVADA -SOCIEDADES / COMPANIAS,0,0,1,0,460.0,41,Secundaria,Hombre
1,1,43,0.0,EMPRESA PRIVADA -SOCIEDADES / COMPANIAS,0,0,0,1,700.0,9,Superior,Mujer
1,1,61,0.0,EMPRESA PRIVADA -SOCIEDADES / COMPANIAS,0,0,0,1,1100.0,1,Superior,Mujer
0,1,30,0.0,EMPRESA PRIVADA -SOCIEDADES / COMPANIAS,0,0,0,1,510.0,34,Superior,Mujer
1,0,36,0.0,EMPRESA UNIPERSONAL /  PEQUEÑA INDUSTRIA,0,0,1,0,460.0,1,Secundaria,Hombre
1,1,32,0.0,ENTIDADES PUBLICAS CON AUTONOMIA,0,0,0,1,1676.0,10,Superior,Mujer
0,1,43,0.0,"FUNCION EJECUTIVA, LEGISL, JUDICIAL Y ORGANISMOS DEL ESTADO",0,0,0,1,817.0,45,Superior,Mujer
0,1,34,3.155199,EMPRESA PRIVADA -SOCIEDADES / COMPANIAS,0,0,1,0,475.0,170,Secundaria,Mujer
1,0,30,12.3243475,EMPRESA PRIVADA -SOCIEDADES / COMPANIAS,0,0,1,0,463.0,8,Secundaria,Hombre
1,1,39,0.0,ENTIDADES PUBLICAS CON AUTONOMIA,0,0,0,1,1676.0,10,Superior,Mujer
1,0,20,0.0,EMPRESA UNIPERSONAL /  PEQUEÑA INDUSTRIA,0,0,1,0,471.0,1,Secundaria,Hombre
0,0,45,0.0,ENTIDADES PUBLICAS CON AUTONOMIA,0,0,0,1,1035.0,97,Superior,Hombre
1,1,30,0.0,EMPRESA PRIVADA -SOCIEDADES / COMPANIAS,0,0,1,0,480.0,11,Secundaria,Mujer
1,1,45,-10.300123,EMPRESA PRIVADA -SOCIEDADES / COMPANIAS,0,0,1,0,800.0,38,Secundaria,Mujer
0,1,59,0.0,"FUNCION EJECUTIVA, LEGISL, JUDICIAL Y ORGANISMOS DEL ESTADO",0,0,0,1,817.0,108,Superior,Mujer
1,1,30,0.0,ENTIDADES PÚBLICAS DE EDUCACIÓN SUPERIOR,0,0,0,1,838.0,2,Superior,Mujer
0,0,57,-1.9434208,EMPRESA PRIVADA -SOCIEDADES / COMPANIAS,0,1,0,0,460.0,104,Primaria,Hombre
0,1,35,0.0,"FUNCION EJECUTIVA, LEGISL, JUDICIAL Y ORGANISMOS DEL ESTADO",0,0,0,1,2641.0,31,Superior,Mujer
1,1,40,0.0,EMPRESA PRIVADA -SOCIEDADES / COMPANIAS,1,0,0,0,1112.0,26,Sin Educación,Mujer
0,0,37,0.0,ORGANISMOS DEL REGIMEN SECCIONAL,0,1,0,0,578.0,44,Primaria,Hombre
0,1,44,0.0,ORGANISMOS DEL REGIMEN SECCIONAL,0,0,1,0,702.0,53,Secundaria,Mujer
1,0,25,7.035242,EMPRESA PRIVADA -SOCIEDADES / COMPANIAS,0,1,0,0,471.0,13,Primaria,Hombre
1,1,27,0.0,COOP AHORRO  CRED. VIVIENDA ETC.CONTR SUPER  DE BANCOS,0,0,1,0,550.0,61,Secundaria,Mujer
1,0,20,4.048972,EMPRESA PRIVADA -SOCIEDADES / COMPANIAS,0,1,0,0,460.0,0,Primaria,Hombre
1,0,60,0.0,ENTIDADES PÚBLICAS DE EDUCACIÓN SUPERIOR,0,0,0,1,2266.0,87,Superior,Hombre
0,0,53,0.0,EMPRESA PRIVADA -SOCIEDADES / COMPANIAS,0,0,0,1,1253.0,234,Superior,Hombre
0,0,58,13.2990265,EMPRESA PRIVADA -SOCIEDADES / COMPANIAS,0,1,0,0,465.0,4,Primaria,Hombre
0,1,58,0.0,"FUNCION EJECUTIVA, LEGISL, JUDICIAL Y ORGANISMOS DEL ESTADO",0,0,0,1,817.0,115,Superior,Mujer
1,1,38,0.0,EMPRESA PRIVADA -SOCIEDADES / COMPANIAS,0,0,0,1,993.0,34,Superior,Mujer
1,0,60,2.2994957,EMPRESA PRIVADA -SOCIEDADES / COMPANIAS,0,0,0,1,2400.0,27,Superior,Hombre
0,1,35,23.362444,EMPRESA PRIVADA -SOCIEDADES / COMPANIAS,0,0,1,0,601.0,62,Secundaria,Mujer
1,1,29,0.0,ORGANISMOS DEL REGIMEN SECCIONAL,0,0,0,1,901.0,3,Superior,Mujer
0,1,60,0.0,EMPLEADOR DOMESTICO,0,1,0,0,460.0,33,Primaria,Mujer
0,0,36,0.0,ORGANISMOS DEL REGIMEN SECCIONAL,0,0,1,0,570.0,1,Secundaria,Hombre
0,1,54,0.0,"FUNCION EJECUTIVA, LEGISL, JUDICIAL Y ORGANISMOS DEL ESTADO",0,0,0,1,2100.0,233,Superior,Mujer
1,0,29,2.53533,EMPRESA PRIVADA -SOCIEDADES / COMPANIAS,0,0,1,0,707.0,37,Secundaria,Hombre
1,0,20,1.4178888,EMPRESA PRIVADA -SOCIEDADES / COMPANIAS,0,1,0,0,460.0,3,Primaria,Hombre
1,0,23,0.0,EMPRESA UNIPERSONAL /  PEQUEÑA INDUSTRIA,0,0,1,0,466.0,12,Secundaria,Hombre
0,0,27,0.0,EMPRESA PRIVADA -SOCIEDADES / COMPANIAS,0,0,1,0,461.0,3,Secundaria,Hombre
0,0,43,5.4873505,EMPRESA PRIVADA -SOCIEDADES / COMPANIAS,0,1,0,0,529.0,28,Primaria,Hombre
0,1,37,15.662013,EMPRESA PRIVADA -SOCIEDADES / COMPANIAS,0,0,0,1,2539.0,112,Superior,Mujer
0,0,19,10.501431,EMPRESA PRIVADA -SOCIEDADES / COMPANIAS,0,1,0,0,468.0,3,Primaria,Hombre
1,0,43,4.82127,EMPRESA PRIVADA -SOCIEDADES / COMPANIAS,0,0,1,0,472.0,196,Secundaria,Hombre
1,1,32,24.887808,EMPRESA PRIVADA -SOCIEDADES / COMPANIAS,0,0,1,0,460.0,58,Secundaria,Mujer
0,0,27,7.154472,EMPRESA PRIVADA -SOCIEDADES / COMPANIAS,0,1,0,0,471.0,3,Primaria,Hombre
0,1,49,0.0,"FUNCION EJECUTIVA, LEGISL, JUDICIAL Y ORGANISMOS DEL ESTADO",0,0,0,1,817.0,1,Superior,Mujer
1,0,51,-0.48466527,EMPRESA PRIVADA -SOCIEDADES / COMPANIAS,0,1,0,0,478.0,0,Primaria,Hombre
1,0,28,1.4710709,EMPRESA PRIVADA -SOCIEDADES / COMPANIAS,0,1,0,0,472.0,4,Primaria,Hombre
1,0,31,0.0,"INSTITUCION FINANCIERA PRIVADA, BANCOS Y CIA DE SEGUROS",0,0,0,1,620.0,31,Superior,Hombre
1,0,47,0.81193465,EMPRESA PRIVADA -SOCIEDADES / COMPANIAS,0,1,0,0,707.0,0,Primaria,Hombre
0,0,55,0.0,CONSTRUCCION,0,0,0,1,460.0,53,Superior,Hombre
1,0,33,0.0,ENTIDADES PUBLICAS CON AUTONOMIA,0,0,0,1,1676.0,39,Superior,Hombre
1,0,35,6.570615,EMPRESA PRIVADA -SOCIEDADES / COMPANIAS,0,0,1,0,465.0,1,Secundaria,Hombre
0,0,37,13.664433,EMPRESA PRIVADA -SOCIEDADES / COMPANIAS,0,0,1,0,461.0,61,Secundaria,Hombre
1,0,31,0.0,EMPRESA PRIVADA -SOCIEDADES / COMPANIAS,0,0,0,1,460.0,25,Superior,Hombre
1,0,26,0.0,EMPRESA UNIPERSONAL /  PEQUEÑA INDUSTRIA,0,0,1,0,460.0,12,Secundaria,Hombre
0,1,28,10.389995,EMPRESA PRIVADA -SOCIEDADES / COMPANIAS,0,0,1,0,460.0,59,Secundaria,Mujer
0,1,26,0.0,"FUNCION EJECUTIVA, LEGISL, JUDICIAL Y ORGANISMOS DEL ESTADO",0,0,0,1,986.0,9,Superior,Mujer
0,0,46,6.4434705,EMPRESA PRIVADA -SOCIEDADES / COMPANIAS,0,0,1,0,460.0,106,Secundaria,Hombre
1,1,24,0.0,"FUNCION EJECUTIVA, LEGISL, JUDICIAL Y ORGANISMOS DEL ESTADO",0,0,1,0,986.0,9,Secundaria,Mujer
1,0,51,0.0,"FUNCION EJECUTIVA, LEGISL, JUDICIAL Y ORGANISMOS DEL ESTADO",0,0,0,1,1086.0,71,Superior,Hombre
0,1,32,-0.12773536,EMPRESA PRIVADA -SOCIEDADES / COMPANIAS,0,0,0,1,460.0,3,Superior,Mujer
0,1,29,3.8415296,EMPRESA PRIVADA -SOCIEDADES / COMPANIAS,0,0,0,1,800.0,11,Superior,Mujer
0,1,34,0.0,ENTIDADES PUBLICAS CON AUTONOMIA,0,0,0,1,756.0,39,Superior,Mujer
1,0,46,-3.117577,CONSTRUCCION,0,1,0,0,471.0,22,Primaria,Hombre
0,0,24,1.3378813,EMPRESA PRIVADA -SOCIEDADES / COMPANIAS,0,1,0,0,460.0,14,Primaria,Hombre
0,1,25,9.59822,EMPRESA PRIVADA -SOCIEDADES / COMPANIAS,0,0,1,0,476.0,3,Secundaria,Mujer
0,1,51,0.0,EMPLEADOR DOMESTICO,0,0,1,0,1200.0,160,Secundaria,Mujer
1,0,37,13.8943815,EMPRESA PRIVADA -SOCIEDADES / COMPANIAS,0,0,1,0,465.0,0,Secundaria,Hombre
1,1,42,0.0,ENTIDADES PUBLICAS CON AUTONOMIA,0,0,0,1,3883.0,5,Superior,Mujer
1,0,37,7.154472,EMPRESA PRIVADA -SOCIEDADES / COMPANIAS,0,0,1,0,937.0,37,Secundaria,Hombre
1,1,46,28.602795,EMPRESA PRIVADA -SOCIEDADES / COMPANIAS,0,1,0,0,460.0,41,Primaria,Mujer
1,1,22,1.0896417,EMPRESA PRIVADA -SOCIEDADES / COMPANIAS,0,0,1,0,472.0,3,Secundaria,Mujer
1,0,33,0.0,ORGANISMOS DEL REGIMEN SECCIONAL,0,0,0,1,817.0,4,Superior,Hombre
1,1,29,-4.2928834,CONSTRUCCION,0,0,1,0,462.0,0,Secundaria,Mujer
0,1,44,0.0,ENTIDADES PUBLICAS CON AUTONOMIA,0,0,0,1,1108.0,106,Superior,Mujer
1,1,27,0.0,EMPRESA UNIPERSONAL /  PEQUEÑA INDUSTRIA,0,0,1,0,473.0,1,Secundaria,Mujer
1,1,35,0.0,ORGANISMOS DEL REGIMEN SECCIONAL,0,0,0,1,460.0,1,Superior,Mujer
0,0,61,0.0,EMPRESA UNIPERSONAL /  PEQUEÑA INDUSTRIA,0,0,1,0,460.0,10,Secundaria,Hombre
1,0,46,0.0,ORGANISMOS DEL REGIMEN SECCIONAL,0,1,0,0,531.0,5,Primaria,Hombre
0,1,50,0.0,EMPLEADOR DOMESTICO,0,1,0,0,460.0,127,Primaria,Mujer
0,0,28,-5.346387,EMPRESA PRIVADA -SOCIEDADES / COMPANIAS,0,1,0,0,460.0,61,Primaria,Hombre
0,1,35,0.0,ORGANISMOS DEL REGIMEN SECCIONAL,0,0,0,1,700.0,147,Superior,Mujer
1,0,30,0.0,ENTIDADES PÚBLICAS DE EDUCACIÓN SUPERIOR,0,0,0,1,986.0,1,Superior,Hombre
1,0,26,2.414211,EMPRESA PRIVADA -SOCIEDADES / COMPANIAS,0,0,0,1,773.0,26,Superior,Hombre
1,0,28,-1.8382643,EMPRESA PRIVADA -SOCIEDADES / COMPANIAS,0,1,0,0,460.0,14,Primaria,Hombre
1,1,41,0.0,EMPRESA UNIPERSONAL /  PEQUEÑA INDUSTRIA,0,0,1,0,471.0,0,Secundaria,Mujer
1,1,60,0.0,"FUNCION EJECUTIVA, LEGISL, JUDICIAL Y ORGANISMOS DEL ESTADO",0,0,0,1,1676.0,123,Superior,Mujer
1,1,27,7.386995,EMPRESA PRIVADA -SOCIEDADES / COMPANIAS,0,0,1,0,479.0,17,Secundaria,Mujer
1,1,42,0.19959171,EMPRESA UNIPERSONAL /  PEQUEÑA INDUSTRIA,0,0,1,0,479.0,4,Secundaria,Mujer
1,0,23,0.0,EMPRESA UNIPERSONAL /  PEQUEÑA INDUSTRIA,1,0,0,0,478.0,0,Sin Educación,Hombre
0,0,53,0.35393363,EMPRESA PRIVADA -SOCIEDADES / COMPANIAS,0,1,0,0,560.0,55,Primaria,Hombre
0,1,32,-4.9528275,EMPRESA PRIVADA -SOCIEDADES / COMPANIAS,0,0,1,0,460.0,30,Secundaria,Mujer
1,1,28,0.0,ORGANISMOS DEL REGIMEN SECCIONAL,0,0,1,0,460.0,15,Secundaria,Mujer
0,1,23,1.5833268,EMPRESA PRIVADA -SOCIEDADES / COMPANIAS,0,0,1,0,460.0,20,Secundaria,Mujer
1,0,21,0.0,EMPRESA UNIPERSONAL /  PEQUEÑA INDUSTRIA,0,1,0,0,460.0,18,Primaria,Hombre
1,1,35,0.0,EMPRESA PRIVADA -SOCIEDADES / COMPANIAS,0,0,0,1,476.0,100,Superior,Mujer
0,0,20,2.0342712,EMPRESA PRIVADA -SOCIEDADES / COMPANIAS,0,0,1,0,468.0,5,Secundaria,Hombre
0,0,39,0.0,EMPRESA UNIPERSONAL /  PEQUEÑA INDUSTRIA,0,0,0,1,950.0,79,Superior,Hombre
1,0,51,0.0,"FUNCION EJECUTIVA, LEGISL, JUDICIAL Y ORGANISMOS DEL ESTADO",0,0,0,1,4283.0,0,Superior,Hombre
0,0,45,5.0714254,EMPRESA PRIVADA -SOCIEDADES / COMPANIAS,0,0,1,0,2500.0,82,Secundaria,Hombre
0,1,30,-18.924696,EMPRESA PRIVADA -SOCIEDADES / COMPANIAS,0,0,0,1,460.0,16,Superior,Mujer
0,0,27,1.1572118,EMPRESA PRIVADA -SOCIEDADES / COMPANIAS,0,0,1,0,461.0,16,Secundaria,Hombre
1,0,40,-3.1008554,EMPRESA PRIVADA -SOCIEDADES / COMPANIAS,0,0,0,1,4400.0,94,Superior,Hombre
1,0,51,0.0,ORGANISMOS DEL REGIMEN SECCIONAL,0,0,1,0,527.0,27,Secundaria,Hombre
1,0,49,0.0,CONSTRUCCION,0,1,0,0,478.0,10,Primaria,Hombre
1,1,68,0.0,EMPLEADOR DOMESTICO,0,1,0,0,460.0,176,Primaria,Mujer
1,1,31,0.0,ORGANISMOS DEL REGIMEN SECCIONAL,0,0,0,1,460.0,4,Superior,Mujer
1,0,39,0.0,EMPRESA PRIVADA -SOCIEDADES / COMPANIAS,0,0,0,1,469.0,91,Superior,Hombre
0,0,45,0.0,"FUNCION EJECUTIVA, LEGISL, JUDICIAL Y ORGANISMOS DEL ESTADO",0,0,0,1,986.0,35,Superior,Hombre
1,0,39,3.20061,EMPRESA PRIVADA -SOCIEDADES / COMPANIAS,0,1,0,0,466.0,63,Primaria,Hombre
1,1,37,0.0,EMPRESA UNIPERSONAL /  PEQUEÑA INDUSTRIA,0,0,1,0,460.0,0,Secundaria,Mujer
0,0,39,1.5833268,EMPRESA PRIVADA -SOCIEDADES / COMPANIAS,0,0,1,0,691.0,6,Secundaria,Hombre
1,0,33,0.0,EMPRESA UNIPERSONAL /  PEQUEÑA INDUSTRIA,0,0,1,0,460.0,40,Secundaria,Hombre
0,0,26,7.2023044,EMPRESA PRIVADA -SOCIEDADES / COMPANIAS,0,0,1,0,460.0,60,Secundaria,Hombre
1,1,24,1.5833268,EMPRESA PRIVADA -SOCIEDADES / COMPANIAS,0,0,1,0,460.0,18,Secundaria,Mujer
1,1,36,5.393399,EMPRESA PRIVADA -SOCIEDADES / COMPANIAS,0,0,0,1,460.0,11,Superior,Mujer
1,0,59,0.0,ENTIDADES PÚBLICAS DE EDUCACIÓN SUPERIOR,0,0,0,1,856.0,153,Superior,Hombre
0,1,29,0.0,"FUNCION EJECUTIVA, LEGISL, JUDICIAL Y ORGANISMOS DEL ESTADO",0,0,1,0,540.0,9,Secundaria,Mujer
0,0,28,0.8340756,EMPRESA PRIVADA -SOCIEDADES / COMPANIAS,0,0,0,1,550.0,32,Superior,Hombre
1,0,29,2.8895535,EMPRESA PRIVADA -SOCIEDADES / COMPANIAS,0,0,1,0,465.0,2,Secundaria,Hombre
1,1,50,0.0,EMPRESA PRIVADA -SOCIEDADES / COMPANIAS,0,0,0,1,460.0,16,Superior,Mujer
1,0,61,0.0,ENTIDADES PUBLICAS CON AUTONOMIA,0,0,0,1,1338.0,161,Superior,Hombre
0,0,39,0.0,"FUNCION EJECUTIVA, LEGISL, JUDICIAL Y ORGANISMOS DEL ESTADO",0,0,0,1,1676.0,118,Superior,Hombre
0,0,33,5.4873505,EMPRESA PRIVADA -SOCIEDADES / COMPANIAS,0,0,1,0,468.0,12,Secundaria,Hombre
1,1,48,0.0,EMPRESA PRIVADA -SOCIEDADES / COMPANIAS,0,0,1,0,1779.0,88,Secundaria,Mujer
1,1,27,8.668103,EMPRESA PRIVADA -SOCIEDADES / COMPANIAS,0,0,1,0,460.0,0,Secundaria,Mujer
1,1,26,-2.8577683,EMPRESA PRIVADA -SOCIEDADES / COMPANIAS,0,0,0,1,460.0,25,Superior,Mujer
0,0,59,3.8979306,EMPRESA PRIVADA -SOCIEDADES / COMPANIAS,0,0,1,0,700.0,224,Secundaria,Hombre
1,0,62,15.371067,EMPRESA PRIVADA -SOCIEDADES / COMPANIAS,0,1,0,0,478.0,0,Primaria,Hombre
1,1,25,1.0963153,EMPRESA PRIVADA -SOCIEDADES / COMPANIAS,0,0,1,0,471.0,3,Secundaria,Mujer
1,0,57,0.0,EMPRESA UNIPERSONAL /  PEQUEÑA INDUSTRIA,0,1,0,0,460.0,0,Primaria,Hombre
0,1,32,0.0,ORGANISMOS DEL REGIMEN SECCIONAL,0,0,0,1,1086.0,59,Superior,Mujer
0,0,35,13.158345,EMPRESA PRIVADA -SOCIEDADES / COMPANIAS,0,0,0,1,3276.0,29,Superior,Hombre
0,0,48,0.0,MICRO EMPRESA (NO ARTESANAL),0,1,0,0,668.0,8,Primaria,Hombre
0,0,48,0.0,"FUNCION EJECUTIVA, LEGISL, JUDICIAL Y ORGANISMOS DEL ESTADO",0,0,0,1,817.0,66,Superior,Hombre
1,1,30,5.228767,EMPRESA PRIVADA -SOCIEDADES / COMPANIAS,1,0,0,0,461.0,0,Sin Educación,Mujer
1,0,25,0.0,ORGANISMOS DEL REGIMEN SECCIONAL,0,0,0,1,733.0,12,Superior,Hombre
1,0,24,0.0,EMPRESA PRIVADA -SOCIEDADES / COMPANIAS,0,0,1,0,460.0,1,Secundaria,Hombre
0,1,43,18.382977,EMPRESA PRIVADA -SOCIEDADES / COMPANIAS,0,1,0,0,461.0,69,Primaria,Mujer
1,0,57,0.0,EMPRESA PRIVADA -SOCIEDADES / COMPANIAS,0,0,1,0,482.0,0,Secundaria,Hombre
1,0,28,4.0761447,EMPRESA PRIVADA -SOCIEDADES / COMPANIAS,0,0,1,0,533.0,91,Secundaria,Hombre
0,0,32,14.577992,EMPRESA PRIVADA -SOCIEDADES / COMPANIAS,0,0,1,0,461.0,15,Secundaria,Hombre
0,0,33,0.2864773,EMPRESA PRIVADA -SOCIEDADES / COMPANIAS,0,1,0,0,460.0,40,Primaria,Hombre
1,0,38,0.77684724,EMPRESA PRIVADA -SOCIEDADES / COMPANIAS,0,0,1,0,479.0,113,Secundaria,Hombre
0,1,27,0.0,"FUNCION EJECUTIVA, LEGISL, JUDICIAL Y ORGANISMOS DEL ESTADO",0,0,0,1,1676.0,11,Superior,Mujer
0,0,40,0.1155826,EMPRESA PRIVADA -SOCIEDADES / COMPANIAS,0,0,0,1,471.0,31,Superior,Hombre
1,0,28,0.68514484,EMPRESA PRIVADA -SOCIEDADES / COMPANIAS,0,0,1,0,461.0,19,Secundaria,Hombre
1,0,39,0.0,EMPRESA PRIVADA -SOCIEDADES / COMPANIAS,0,1,0,0,480.0,5,Primaria,Hombre
0,1,45,0.0,"FUNCION EJECUTIVA, LEGISL, JUDICIAL Y ORGANISMOS DEL ESTADO",0,0,0,1,986.0,93,Superior,Mujer
1,1,28,2.9400294,EMPRESA PRIVADA -SOCIEDADES / COMPANIAS,0,0,0,1,550.0,16,Superior,Mujer
1,0,32,0.0,EMPRESA UNIPERSONAL /  PEQUEÑA INDUSTRIA,0,0,1,0,460.0,0,Secundaria,Hombre
1,0,24,0.0,EMPRESA UNIPERSONAL /  PEQUEÑA INDUSTRIA,0,0,1,0,460.0,15,Secundaria,Hombre
1,1,49,1.8801457,EMPRESA PRIVADA -SOCIEDADES / COMPANIAS,0,0,0,1,2300.0,6,Superior,Mujer
0,0,36,-14.649174,EMPRESA PRIVADA -SOCIEDADES / COMPANIAS,0,0,1,0,471.0,2,Secundaria,Hombre
1,0,20,1.0090789,EMPRESA PRIVADA -SOCIEDADES / COMPANIAS,0,0,1,0,466.0,3,Secundaria,Hombre
0,1,26,0.0,"FUNCION EJECUTIVA, LEGISL, JUDICIAL Y ORGANISMOS DEL ESTADO",0,0,1,0,591.0,1,Secundaria,Mujer
1,1,28,0.0,"FUNCION EJECUTIVA, LEGISL, JUDICIAL Y ORGANISMOS DEL ESTADO",0,0,0,1,986.0,9,Superior,Mujer
0,0,20,10.501431,EMPRESA PRIVADA -SOCIEDADES / COMPANIAS,0,0,1,0,468.0,22,Secundaria,Hombre
0,0,42,12.926655,EMPRESA PRIVADA -SOCIEDADES / COMPANIAS,0,0,1,0,2500.0,90,Secundaria,Hombre
0,1,48,0.0,"FUNCION EJECUTIVA, LEGISL, JUDICIAL Y ORGANISMOS DEL ESTADO",0,0,0,1,986.0,117,Superior,Mujer
0,0,40,17.59449,EMPRESA PRIVADA -SOCIEDADES / COMPANIAS,0,0,0,1,483.0,40,Superior,Hombre
0,0,36,0.0,EMPRESA UNIPERSONAL /  PEQUEÑA INDUSTRIA,0,0,1,0,461.0,3,Secundaria,Hombre
0,0,52,0.0,MIEMBROS DE   SINDICATOS  Y COOP DE TRANSPORTE TERRESTRE,0,0,0,1,460.0,158,Superior,Hombre
1,0,40,4.361274,EMPRESA PRIVADA -SOCIEDADES / COMPANIAS,0,0,0,1,476.0,1,Superior,Hombre
1,1,54,0.0,EMPRESA PRIVADA -SOCIEDADES / COMPANIAS,0,1,0,0,460.0,0,Primaria,Mujer
0,1,43,0.0,EMPLEADOR DOMESTICO,0,1,0,0,460.0,125,Primaria,Mujer
1,1,29,0.0,EMPRESA PRIVADA -SOCIEDADES / COMPANIAS,0,0,1,0,460.0,16,Secundaria,Mujer
1,0,35,4.7230053,EMPRESA PRIVADA -SOCIEDADES / COMPANIAS,0,1,0,0,473.0,150,Primaria,Hombre
0,1,54,0.0,"FUNCION EJECUTIVA, LEGISL, JUDICIAL Y ORGANISMOS DEL ESTADO",0,0,0,1,1676.0,121,Superior,Mujer
0,1,31,0.0,ORGANISMOS DEL REGIMEN SECCIONAL,0,0,0,1,901.0,106,Superior,Mujer
0,1,36,11.296196,EMPRESA PRIVADA -SOCIEDADES / COMPANIAS,0,0,0,1,1678.0,139,Superior,Mujer
1,0,54,-0.097046085,EMPRESA PRIVADA -SOCIEDADES / COMPANIAS,0,1,0,0,465.0,96,Primaria,Hombre
1,0,34,-0.04712452,EMPRESA PRIVADA -SOCIEDADES / COMPANIAS,0,1,0,0,465.0,49,Primaria,Hombre
0,0,48,7.8724627,EMPRESA PRIVADA -SOCIEDADES / COMPANIAS,0,1,0,0,526.0,24,Primaria,Hombre
1,0,42,0.0,EMPRESA UNIPERSONAL /  PEQUEÑA INDUSTRIA,0,1,0,0,460.0,2,Primaria,Hombre
1,1,25,0.0,"FUNCION EJECUTIVA, LEGISL, JUDICIAL Y ORGANISMOS DEL ESTADO",0,0,1,0,540.0,9,Secundaria,Mujer
1,1,39,0.0,EMPRESA PRIVADA -SOCIEDADES / COMPANIAS,0,0,1,0,460.0,3,Secundaria,Mujer
0,0,20,0.030679524,EMPRESA PRIVADA -SOCIEDADES / COMPANIAS,0,0,0,1,460.0,13,Superior,Hombre
0,1,61,0.0,MIEMBROS DE   SINDICATOS  Y COOP DE TRANSPORTE TERRESTRE,0,0,1,0,460.0,39,Secundaria,Mujer
0,0,39,-0.4985118,EMPRESA PRIVADA -SOCIEDADES / COMPANIAS,0,1,0,0,700.0,180,Primaria,Hombre
0,0,49,0.0,CONSTRUCCION,0,0,1,0,494.0,15,Secundaria,Hombre
1,0,27,1.8426669,EMPRESA PRIVADA -SOCIEDADES / COMPANIAS,0,0,1,0,465.0,0,Secundaria,Hombre
1,0,37,0.0,CONSTRUCCION,0,1,0,0,472.0,0,Primaria,Hombre
0,0,43,0.79908246,EMPRESA PRIVADA -SOCIEDADES / COMPANIAS,0,0,0,1,1000.0,120,Superior,Hombre
1,0,42,0.0,CONSTRUCCION,0,0,1,0,553.0,29,Secundaria,Hombre
1,0,52,-8.14821,EMPRESA PRIVADA -SOCIEDADES / COMPANIAS,0,0,1,0,460.0,157,Secundaria,Hombre
1,0,37,9.408089,EMPRESA PRIVADA -SOCIEDADES / COMPANIAS,0,1,0,0,471.0,3,Primaria,Hombre
1,0,37,-18.924696,EMPRESA PRIVADA -SOCIEDADES / COMPANIAS,0,0,1,0,700.0,16,Secundaria,Hombre
0,1,26,11.343937,EMPRESA PRIVADA -SOCIEDADES / COMPANIAS,0,0,0,1,500.0,51,Superior,Mujer
0,1,36,0.0,EMPRESA PRIVADA -SOCIEDADES / COMPANIAS,0,0,1,0,460.0,7,Secundaria,Mujer
1,1,42,0.0,MICRO EMPRESA (NO ARTESANAL),0,0,0,1,460.0,20,Superior,Mujer
0,0,41,0.0,ENTIDADES PUBLICAS CON AUTONOMIA,0,0,0,1,1800.0,41,Superior,Hombre
1,0,45,2.8804123,EMPRESA PRIVADA -SOCIEDADES / COMPANIAS,0,0,1,0,477.0,44,Secundaria,Hombre
1,0,31,7.480936,EMPRESA PRIVADA -SOCIEDADES / COMPANIAS,0,0,0,1,1630.0,2,Superior,Hombre
0,0,26,11.462776,EMPRESA PRIVADA -SOCIEDADES / COMPANIAS,0,0,1,0,460.0,28,Secundaria,Hombre
0,0,40,-4.5459332,EMPRESA PRIVADA -SOCIEDADES / COMPANIAS,0,0,1,0,500.0,43,Secundaria,Hombre
1,1,23,4.8942475,EMPRESA PRIVADA -SOCIEDADES / COMPANIAS,0,0,0,1,506.0,5,Superior,Mujer
1,0,22,9.277828,EMPRESA PRIVADA -SOCIEDADES / COMPANIAS,0,1,0,0,460.0,3,Primaria,Hombre
0,1,45,0.0,EMPRESA UNIPERSONAL /  PEQUEÑA INDUSTRIA,0,0,0,1,468.0,8,Superior,Mujer
0,1,45,13.521308,EMPRESA PRIVADA -SOCIEDADES / COMPANIAS,0,0,1,0,468.0,112,Secundaria,Mujer
1,1,22,1.0129057,EMPRESA PRIVADA -SOCIEDADES / COMPANIAS,0,0,1,0,471.0,8,Secundaria,Mujer
0,1,38,0.0,"FUNCION EJECUTIVA, LEGISL, JUDICIAL Y ORGANISMOS DEL ESTADO",0,0,0,1,817.0,33,Superior,Mujer
1,0,37,-8.091425,EMPRESA PRIVADA -SOCIEDADES / COMPANIAS,0,0,0,1,746.0,28,Superior,Hombre
1,1,34,0.0,EMPRESA PRIVADA -SOCIEDADES / COMPANIAS,0,0,1,0,460.0,0,Secundaria,Mujer
1,1,26,0.0,"FUNCION EJECUTIVA, LEGISL, JUDICIAL Y ORGANISMOS DEL ESTADO",0,0,0,1,986.0,5,Superior,Mujer
1,0,24,1.0151223,EMPRESA PRIVADA -SOCIEDADES / COMPANIAS,0,1,0,0,461.0,0,Primaria,Hombre
0,1,40,0.0,ENTIDADES PÚBLICAS DE EDUCACIÓN SUPERIOR,0,0,0,1,1900.0,24,Superior,Mujer
1,0,44,0.0,"FUNCION EJECUTIVA, LEGISL, JUDICIAL Y ORGANISMOS DEL ESTADO",0,0,0,1,986.0,11,Superior,Hombre
1,1,32,0.0,COOPERA  NO CONTROLADAS POR LA SUPERINTENDENCIA  DE BANCOS,0,0,0,1,750.0,65,Superior,Mujer
0,1,29,4.752557,EMPRESA PRIVADA -SOCIEDADES / COMPANIAS,0,0,0,1,486.0,62,Superior,Mujer
1,1,21,0.0,EMPRESA PRIVADA -SOCIEDADES / COMPANIAS,0,1,0,0,460.0,16,Primaria,Mujer
1,0,26,-4.6764956,EMPRESA PRIVADA -SOCIEDADES / COMPANIAS,0,0,1,0,468.0,2,Secundaria,Hombre
1,0,33,0.0,EMPRESA PRIVADA -SOCIEDADES / COMPANIAS,0,0,0,1,471.0,5,Superior,Hombre
0,0,51,0.0,ENTIDADES PUBLICAS CON AUTONOMIA,0,0,0,1,1379.0,150,Superior,Hombre
0,0,26,0.0,"INSTITUCION FINANCIERA PRIVADA, BANCOS Y CIA DE SEGUROS",0,0,1,0,575.0,24,Secundaria,Hombre
0,0,30,0.0,ENTIDADES PÚBLICAS DE EDUCACIÓN SUPERIOR,0,0,0,1,2552.0,7,Superior,Hombre
1,0,25,0.0,"FUNCION EJECUTIVA, LEGISL, JUDICIAL Y ORGANISMOS DEL ESTADO",0,0,0,1,986.0,5,Superior,Hombre
1,1,77,0.0,EMPLEADOR DOMESTICO,0,0,1,0,460.0,143,Secundaria,Mujer
1,0,40,7.9935403,EMPRESA PRIVADA -SOCIEDADES / COMPANIAS,0,0,1,0,460.0,1,Secundaria,Hombre
0,1,40,0.0,"FUNCION EJECUTIVA, LEGISL, JUDICIAL Y ORGANISMOS DEL ESTADO",0,0,0,1,986.0,131,Superior,Mujer
1,1,37,-7.0919275,EMPRESA PRIVADA -SOCIEDADES / COMPANIAS,0,0,0,1,465.0,7,Superior,Mujer
1,0,36,0.0,ORGANISMOS DEL REGIMEN SECCIONAL,0,1,0,0,553.0,4,Primaria,Hombre
1,0,70,0.0,EMPRESA UNIPERSONAL /  PEQUEÑA INDUSTRIA,0,0,1,0,850.0,20,Secundaria,Hombre
0,1,51,1.5509881,EMPRESA PRIVADA -SOCIEDADES / COMPANIAS,0,0,1,0,474.0,244,Secundaria,Mujer
1,1,30,0.0,EMPRESA PRIVADA -SOCIEDADES / COMPANIAS,0,0,1,0,1000.0,58,Secundaria,Mujer
0,0,40,0.8693045,EMPRESA PRIVADA -SOCIEDADES / COMPANIAS,0,0,1,0,460.0,22,Secundaria,Hombre
0,1,37,0.0,"FUNCION EJECUTIVA, LEGISL, JUDICIAL Y ORGANISMOS DEL ESTADO",0,1,0,0,675.0,33,Primaria,Mujer
1,1,25,0.0,ENTIDADES PUBLICAS CON AUTONOMIA,0,0,0,1,817.0,11,Superior,Mujer
0,1,58,0.0,"FUNCION EJECUTIVA, LEGISL, JUDICIAL Y ORGANISMOS DEL ESTADO",0,0,0,1,2057.0,233,Superior,Mujer
0,0,47,1.9097544,EMPRESA PRIVADA -SOCIEDADES / COMPANIAS,0,0,1,0,460.0,43,Secundaria,Hombre
1,0,32,1.9349846,EMPRESA PRIVADA -SOCIEDADES / COMPANIAS,0,0,1,0,465.0,20,Secundaria,Hombre
1,0,42,-17.487705,EMPRESA PRIVADA -SOCIEDADES / COMPANIAS,0,1,0,0,460.0,53,Primaria,Hombre
1,0,23,0.0,EMPRESA PRIVADA -SOCIEDADES / COMPANIAS,0,0,1,0,464.0,4,Secundaria,Hombre
0,0,51,0.0,"FUNCION EJECUTIVA, LEGISL, JUDICIAL Y ORGANISMOS DEL ESTADO",0,0,0,1,986.0,93,Superior,Hombre
1,0,24,0.0,EMPRESA UNIPERSONAL /  PEQUEÑA INDUSTRIA,0,0,1,0,460.0,8,Secundaria,Hombre
1,0,20,0.011936033,EMPRESA PRIVADA -SOCIEDADES / COMPANIAS,0,0,1,0,465.0,4,Secundaria,Hombre
0,1,45,0.0,EMPRESA PRIVADA -SOCIEDADES / COMPANIAS,0,0,0,1,1167.0,177,Superior,Mujer
1,1,46,0.0,"INSTITUCION FINANCIERA PRIVADA, BANCOS Y CIA DE SEGUROS",0,0,1,0,1276.0,65,Secundaria,Mujer
0,0,38,4.520741,EMPRESA PRIVADA -SOCIEDADES / COMPANIAS,0,0,1,0,471.0,1,Secundaria,Hombre
1,0,41,0.0,ORGANISMOS DEL REGIMEN SECCIONAL,0,0,0,1,1212.0,17,Superior,Hombre
1,1,28,1.5833268,EMPRESA PRIVADA -SOCIEDADES / COMPANIAS,0,0,1,0,468.0,0,Secundaria,Mujer
1,0,39,0.0,EMPRESA UNIPERSONAL /  PEQUEÑA INDUSTRIA,0,0,1,0,460.0,89,Secundaria,Hombre
0,0,35,0.0,"FUNCION EJECUTIVA, LEGISL, JUDICIAL Y ORGANISMOS DEL ESTADO",0,0,0,1,578.0,25,Superior,Hombre
0,0,53,-11.027313,EMPRESA PRIVADA -SOCIEDADES / COMPANIAS,0,0,0,1,1995.0,101,Superior,Hombre
1,1,34,0.0,EMPRESA UNIPERSONAL /  PEQUEÑA INDUSTRIA,0,0,1,0,468.0,0,Secundaria,Mujer
0,0,29,24.091162,EMPRESA PRIVADA -SOCIEDADES / COMPANIAS,0,0,1,0,500.0,87,Secundaria,Hombre
1,0,24,0.41936228,EMPRESA PRIVADA -SOCIEDADES / COMPANIAS,0,0,1,0,461.0,9,Secundaria,Hombre
0,0,44,1.4693278,EMPRESA PRIVADA -SOCIEDADES / COMPANIAS,0,1,0,0,460.0,214,Primaria,Hombre
1,1,38,0.0,ORGANISMOS DEL REGIMEN SECCIONAL,0,0,0,1,1212.0,1,Superior,Mujer
1,0,32,0.0,ENTIDADES PUBLICAS CON AUTONOMIA,0,0,0,1,460.0,19,Superior,Hombre
1,0,29,0.0,ENTIDADES PUBLICAS CON AUTONOMIA,0,0,1,0,585.0,5,Secundaria,Hombre
1,0,25,17.683418,EMPRESA PRIVADA -SOCIEDADES / COMPANIAS,0,1,0,0,465.0,3,Primaria,Hombre
0,0,44,0.042980608,EMPRESA PRIVADA -SOCIEDADES / COMPANIAS,0,0,0,1,707.0,113,Superior,Hombre
1,0,44,9.59822,EMPRESA PRIVADA -SOCIEDADES / COMPANIAS,0,0,0,1,650.0,37,Superior,Hombre
0,1,32,0.0,"FUNCION EJECUTIVA, LEGISL, JUDICIAL Y ORGANISMOS DEL ESTADO",0,0,0,1,986.0,2,Superior,Mujer
0,1,31,0.0,EMPRESA UNIPERSONAL /  PEQUEÑA INDUSTRIA,0,1,0,0,460.0,10,Primaria,Mujer
0,0,21,0.58601755,EMPRESA PRIVADA -SOCIEDADES / COMPANIAS,0,0,1,0,550.0,12,Secundaria,Hombre
0,1,49,0.0,ORGANISMOS DEL REGIMEN SECCIONAL,0,0,0,1,2254.0,13,Superior,Mujer
0,1,40,0.0,"FUNCION EJECUTIVA, LEGISL, JUDICIAL Y ORGANISMOS DEL ESTADO",0,0,0,1,817.0,115,Superior,Mujer
0,1,32,0.0,ENTIDADES PUBLICAS CON AUTONOMIA,0,0,0,1,1212.0,61,Superior,Mujer
1,0,22,28.553333,EMPRESA PRIVADA -SOCIEDADES / COMPANIAS,0,1,0,0,460.0,2,Primaria,Hombre
0,1,31,8.610754,EMPRESA PRIVADA -SOCIEDADES / COMPANIAS,0,0,0,1,800.0,33,Superior,Mujer
1,0,46,0.0,ORGANISMOS DEL REGIMEN SECCIONAL,0,0,1,0,460.0,29,Secundaria,Hombre
0,0,58,0.0,"FUNCION EJECUTIVA, LEGISL, JUDICIAL Y ORGANISMOS DEL ESTADO",0,0,1,0,659.0,119,Secundaria,Hombre
0,1,39,0.0,"FUNCION EJECUTIVA, LEGISL, JUDICIAL Y ORGANISMOS DEL ESTADO",0,0,0,1,1412.0,7,Superior,Mujer
0,1,53,0.0,"FUNCION EJECUTIVA, LEGISL, JUDICIAL Y ORGANISMOS DEL ESTADO",0,0,0,1,817.0,36,Superior,Mujer
0,0,59,0.0,"FUNCION EJECUTIVA, LEGISL, JUDICIAL Y ORGANISMOS DEL ESTADO",0,0,0,1,663.0,128,Superior,Hombre
1,1,47,0.0,EMPLEADOR DOMESTICO,0,0,1,0,460.0,32,Secundaria,Mujer
1,0,41,0.0,EMPRESA UNIPERSONAL /  PEQUEÑA INDUSTRIA,0,1,0,0,461.0,7,Primaria,Hombre
1,1,60,0.0,EMPRESA UNIPERSONAL /  PEQUEÑA INDUSTRIA,0,0,0,1,1150.0,61,Superior,Mujer
0,1,29,0.0,ENTIDADES PUBLICAS CON AUTONOMIA,0,0,0,1,733.0,22,Superior,Mujer
1,0,27,12.494163,EMPRESA PRIVADA -SOCIEDADES / COMPANIAS,0,0,1,0,460.0,23,Secundaria,Hombre
0,0,62,0.0,EMPRESA UNIPERSONAL /  PEQUEÑA INDUSTRIA,0,1,0,0,460.0,19,Primaria,Hombre
1,0,34,0.0,EMPRESA PRIVADA -SOCIEDADES / COMPANIAS,0,0,1,0,500.0,9,Secundaria,Hombre
1,1,27,0.0,ORGANISMOS DEL REGIMEN SECCIONAL,0,0,1,0,460.0,7,Secundaria,Mujer
1,0,32,0.5140678,EMPRESA PRIVADA -SOCIEDADES / COMPANIAS,0,0,0,1,1800.0,10,Superior,Hombre
0,1,36,0.0,"FUNCION EJECUTIVA, LEGISL, JUDICIAL Y ORGANISMOS DEL ESTADO",0,0,0,1,817.0,123,Superior,Mujer
1,0,51,-12.1275425,EMPRESA PRIVADA -SOCIEDADES / COMPANIAS,0,0,0,1,1000.0,27,Superior,Hombre
1,0,37,0.38026813,EMPRESA PRIVADA -SOCIEDADES / COMPANIAS,0,0,1,0,460.0,40,Secundaria,Hombre
1,1,32,8.018807,EMPRESA PRIVADA -SOCIEDADES / COMPANIAS,0,0,0,1,782.0,1,Superior,Mujer
1,1,43,11.66141,EMPRESA PRIVADA -SOCIEDADES / COMPANIAS,0,0,0,1,1150.0,141,Superior,Mujer
1,0,61,0.0,ENTIDADES PÚBLICAS DE EDUCACIÓN SUPERIOR,0,0,0,1,2034.0,2,Superior,Hombre
1,0,33,1.2584798,EMPRESA PRIVADA -SOCIEDADES / COMPANIAS,0,0,1,0,460.0,16,Secundaria,Hombre
1,0,44,0.0,ENTIDADES PUBLICAS CON AUTONOMIA,0,0,0,1,527.0,3,Superior,Hombre
1,0,23,5.4873505,EMPRESA PRIVADA -SOCIEDADES / COMPANIAS,0,0,1,0,466.0,2,Secundaria,Hombre
1,1,31,0.0,ORGANISMOS DEL REGIMEN SECCIONAL,0,0,1,0,460.0,2,Secundaria,Mujer
0,0,25,10.549531,EMPRESA PRIVADA -SOCIEDADES / COMPANIAS,0,1,0,0,473.0,66,Primaria,Hombre
0,1,47,1.6716468,EMPRESA PRIVADA -SOCIEDADES / COMPANIAS,0,0,1,0,465.0,10,Secundaria,Mujer
0,0,30,3.030615,EMPRESA PRIVADA -SOCIEDADES / COMPANIAS,0,0,0,1,465.0,14,Superior,Hombre
0,0,28,0.0,ORGANISMOS DEL REGIMEN SECCIONAL,0,0,0,1,675.0,0,Superior,Hombre
0,1,24,1.994068,EMPRESA PRIVADA -SOCIEDADES / COMPANIAS,0,1,0,0,468.0,49,Primaria,Mujer
0,0,26,6.570615,EMPRESA PRIVADA -SOCIEDADES / COMPANIAS,0,0,1,0,479.0,2,Secundaria,Hombre
1,0,21,2.8287835,EMPRESA PRIVADA -SOCIEDADES / COMPANIAS,0,0,1,0,512.0,24,Secundaria,Hombre
0,0,45,0.0,EMPRESA PRIVADA -SOCIEDADES / COMPANIAS,0,1,0,0,460.0,171,Primaria,Hombre
0,0,31,10.356785,EMPRESA PRIVADA -SOCIEDADES / COMPANIAS,0,0,1,0,563.0,15,Secundaria,Hombre
1,1,46,0.0,EMPRESA UNIPERSONAL /  PEQUEÑA INDUSTRIA,0,0,1,0,463.0,10,Secundaria,Mujer
1,1,26,-5.6938567,EMPRESA PRIVADA -SOCIEDADES / COMPANIAS,0,0,1,0,470.0,4,Secundaria,Mujer
1,0,26,2.8831618,EMPRESA PRIVADA -SOCIEDADES / COMPANIAS,0,0,1,0,692.0,5,Secundaria,Hombre
0,0,27,1.497567,EMPRESA PRIVADA -SOCIEDADES / COMPANIAS,0,0,1,0,501.0,4,Secundaria,Hombre
1,0,39,2.5924966,EMPRESA PRIVADA -SOCIEDADES / COMPANIAS,0,1,0,0,465.0,5,Primaria,Hombre
1,0,46,12.090635,EMPRESA PRIVADA -SOCIEDADES / COMPANIAS,0,0,1,0,465.0,5,Secundaria,Hombre
1,0,30,0.694262,EMPRESA PRIVADA -SOCIEDADES / COMPANIAS,0,0,1,0,474.0,7,Secundaria,Hombre
0,0,42,0.0,ORGANISMOS DEL REGIMEN SECCIONAL,0,1,0,0,561.0,190,Primaria,Hombre
1,0,45,0.0,EMPRESA UNIPERSONAL /  PEQUEÑA INDUSTRIA,0,0,1,0,471.0,22,Secundaria,Hombre
0,0,31,9.737224,EMPRESA PRIVADA -SOCIEDADES / COMPANIAS,0,0,0,1,472.0,19,Superior,Hombre
0,0,48,7.253578,EMPRESA PRIVADA -SOCIEDADES / COMPANIAS,0,1,0,0,460.0,11,Primaria,Hombre
0,0,25,8.416424,EMPRESA PRIVADA -SOCIEDADES / COMPANIAS,0,0,1,0,465.0,54,Secundaria,Hombre
0,0,34,2.6055152,EMPRESA PRIVADA -SOCIEDADES / COMPANIAS,0,0,1,0,460.0,13,Secundaria,Hombre
0,0,24,0.54157263,EMPRESA PRIVADA -SOCIEDADES / COMPANIAS,0,0,1,0,465.0,33,Secundaria,Hombre
1,0,25,13.917775,EMPRESA PRIVADA -SOCIEDADES / COMPANIAS,0,0,1,0,500.0,3,Secundaria,Hombre
1,0,45,0.05118592,EMPRESA PRIVADA -SOCIEDADES / COMPANIAS,0,1,0,0,460.0,104,Primaria,Hombre
0,0,28,3.0911653,EMPRESA PRIVADA -SOCIEDADES / COMPANIAS,0,0,1,0,480.0,42,Secundaria,Hombre
1,1,35,0.0,EMPLEADOR DOMESTICO,0,1,0,0,460.0,32,Primaria,Mujer
1,0,22,8.074689,EMPRESA PRIVADA -SOCIEDADES / COMPANIAS,0,0,1,0,474.0,7,Secundaria,Hombre
0,1,35,0.0,"FUNCION EJECUTIVA, LEGISL, JUDICIAL Y ORGANISMOS DEL ESTADO",0,0,0,1,817.0,37,Superior,Mujer
1,0,40,-0.48466527,EMPRESA PRIVADA -SOCIEDADES / COMPANIAS,0,1,0,0,468.0,0,Primaria,Hombre
1,0,47,0.0,EMPRESA PRIVADA -SOCIEDADES / COMPANIAS,0,0,1,0,479.0,6,Secundaria,Hombre
0,1,30,13.05361,EMPRESA PRIVADA -SOCIEDADES / COMPANIAS,0,0,1,0,653.0,29,Secundaria,Mujer
0,1,29,0.0,"FUNCION EJECUTIVA, LEGISL, JUDICIAL Y ORGANISMOS DEL ESTADO",0,0,0,1,817.0,20,Superior,Mujer
1,0,34,0.0,EMPRESA UNIPERSONAL /  PEQUEÑA INDUSTRIA,0,0,1,0,465.0,87,Secundaria,Hombre
0,0,27,0.0,COOP AHORRO  CRED. VIVIENDA ETC.CONTR SUPER  DE BANCOS,0,0,0,1,511.0,62,Superior,Hombre
0,1,39,3.7919512,EMPRESA UNIPERSONAL /  PEQUEÑA INDUSTRIA,0,1,0,0,460.0,1,Primaria,Mujer
0,0,33,-17.036884,EMPRESA PRIVADA -SOCIEDADES / COMPANIAS,0,0,1,0,2810.0,25,Secundaria,Hombre
1,0,51,0.0,EMPRESA PRIVADA -SOCIEDADES / COMPANIAS,0,0,1,0,460.0,90,Secundaria,Hombre
0,0,31,0.0,EMPRESA PRIVADA -SOCIEDADES / COMPANIAS,0,0,1,0,505.0,150,Secundaria,Hombre
1,0,41,0.0,MICRO EMPRESA (NO ARTESANAL),1,0,0,0,460.0,23,Sin Educación,Hombre
1,0,29,1.756804,EMPRESA PRIVADA -SOCIEDADES / COMPANIAS,0,0,1,0,728.0,34,Secundaria,Hombre
0,0,52,0.025081843,EMPRESA PRIVADA -SOCIEDADES / COMPANIAS,0,1,0,0,466.0,20,Primaria,Hombre
1,0,63,0.0,ORGANISMOS DEL REGIMEN SECCIONAL,0,0,0,1,622.0,9,Superior,Hombre
0,0,60,0.37447417,EMPRESA PRIVADA -SOCIEDADES / COMPANIAS,1,0,0,0,460.0,6,Sin Educación,Hombre
1,0,37,0.10857056,EMPRESA PRIVADA -SOCIEDADES / COMPANIAS,0,0,1,0,1054.0,1,Secundaria,Hombre
1,0,25,0.0,ENTIDADES PUBLICAS CON AUTONOMIA,0,0,1,0,591.0,9,Secundaria,Hombre
1,0,31,0.0,EMPRESA PRIVADA -SOCIEDADES / COMPANIAS,0,0,0,1,550.0,26,Superior,Hombre
1,0,35,1.3877656,EMPRESA PRIVADA -SOCIEDADES / COMPANIAS,0,0,1,0,465.0,0,Secundaria,Hombre
0,1,48,-0.5232517,EMPRESA PRIVADA -SOCIEDADES / COMPANIAS,0,1,0,0,465.0,65,Primaria,Mujer
1,0,71,0.0,EMPRESA PRIVADA -SOCIEDADES / COMPANIAS,0,1,0,0,605.0,16,Primaria,Hombre
0,0,53,0.0,ORGANISMOS DEL REGIMEN SECCIONAL,0,0,1,0,614.0,173,Secundaria,Hombre
1,1,19,0.27996033,EMPRESA PRIVADA -SOCIEDADES / COMPANIAS,0,0,1,0,471.0,11,Secundaria,Mujer
0,1,49,0.0,"FUNCION EJECUTIVA, LEGISL, JUDICIAL Y ORGANISMOS DEL ESTADO",0,0,0,1,986.0,45,Superior,Mujer
1,0,31,0.0,"INSTITUCION FINANCIERA PRIVADA, BANCOS Y CIA DE SEGUROS",0,0,0,1,470.0,19,Superior,Hombre
0,0,36,7.8724627,EMPRESA PRIVADA -SOCIEDADES / COMPANIAS,0,0,1,0,465.0,25,Secundaria,Hombre
1,0,42,-0.48466527,EMPRESA PRIVADA -SOCIEDADES / COMPANIAS,0,1,0,0,468.0,0,Primaria,Hombre
0,0,50,0.0,EMPRESA PRIVADA -SOCIEDADES / COMPANIAS,0,1,0,0,620.0,156,Primaria,Hombre
0,0,45,10.35101,EMPRESA PRIVADA -SOCIEDADES / COMPANIAS,0,1,0,0,680.0,194,Primaria,Hombre
1,1,47,1.4153049,EMPRESA PRIVADA -SOCIEDADES / COMPANIAS,0,0,1,0,550.0,65,Secundaria,Mujer
1,1,23,7.9935403,EMPRESA PRIVADA -SOCIEDADES / COMPANIAS,0,1,0,0,468.0,0,Primaria,Mujer
0,1,29,3.3017256,EMPRESA PRIVADA -SOCIEDADES / COMPANIAS,0,0,0,1,2100.0,16,Superior,Mujer
0,1,41,0.0,EMPRESA PRIVADA -SOCIEDADES / COMPANIAS,0,0,0,1,468.0,38,Superior,Mujer
1,1,27,19.967442,EMPRESA PRIVADA -SOCIEDADES / COMPANIAS,0,0,0,1,460.0,21,Superior,Mujer
0,0,33,4.104191,EMPRESA PRIVADA -SOCIEDADES / COMPANIAS,0,0,1,0,471.0,59,Secundaria,Hombre
1,0,44,0.0,EMPRESA PRIVADA -SOCIEDADES / COMPANIAS,0,0,1,0,1400.0,183,Secundaria,Hombre
0,1,25,5.7329783,EMPRESA PRIVADA -SOCIEDADES / COMPANIAS,0,0,1,0,475.0,22,Secundaria,Mujer
1,0,44,0.0,ENTIDADES PUBLICAS CON AUTONOMIA,0,0,1,0,1022.0,0,Secundaria,Hombre
0,0,46,10.691624,EMPRESA PRIVADA -SOCIEDADES / COMPANIAS,0,0,1,0,1500.0,125,Secundaria,Hombre
0,1,52,0.0,"FUNCION EJECUTIVA, LEGISL, JUDICIAL Y ORGANISMOS DEL ESTADO",0,0,1,0,901.0,97,Secundaria,Mujer
0,1,45,0.0,"FUNCION EJECUTIVA, LEGISL, JUDICIAL Y ORGANISMOS DEL ESTADO",0,0,0,1,733.0,125,Superior,Mujer
1,0,41,-10.260991,EMPRESA PRIVADA -SOCIEDADES / COMPANIAS,0,0,0,1,980.0,36,Superior,Hombre
0,0,30,-12.382316,EMPRESA PRIVADA -SOCIEDADES / COMPANIAS,0,0,1,0,472.0,17,Secundaria,Hombre
1,0,30,0.0,ORGANISMOS DEL REGIMEN SECCIONAL,0,0,0,1,1212.0,23,Superior,Hombre
0,1,60,0.0,EMPRESA PRIVADA -SOCIEDADES / COMPANIAS,0,1,0,0,480.0,164,Primaria,Mujer
0,1,53,0.0,ORGANISMOS DEL REGIMEN SECCIONAL,0,0,0,1,1412.0,89,Superior,Mujer
1,0,45,0.55224746,EMPRESA PRIVADA -SOCIEDADES / COMPANIAS,0,0,1,0,465.0,140,Secundaria,Hombre
0,1,52,11.846011,EMPRESA PRIVADA -SOCIEDADES / COMPANIAS,0,0,1,0,8500.0,46,Secundaria,Mujer
0,0,34,3.938542,EMPRESA PRIVADA -SOCIEDADES / COMPANIAS,0,0,0,1,469.0,6,Superior,Hombre
0,0,34,9.940148,EMPRESA PRIVADA -SOCIEDADES / COMPANIAS,0,1,0,0,465.0,5,Primaria,Hombre
1,0,76,0.0,ORGANISMOS DEL REGIMEN SECCIONAL,0,1,0,0,561.0,225,Primaria,Hombre
0,0,40,0.0,"FUNCION EJECUTIVA, LEGISL, JUDICIAL Y ORGANISMOS DEL ESTADO",0,0,0,1,986.0,45,Superior,Hombre
1,1,35,0.0,COOPERA  NO CONTROLADAS POR LA SUPERINTENDENCIA  DE BANCOS,0,0,0,1,1000.0,2,Superior,Mujer
0,1,30,28.602795,EMPRESA PRIVADA -SOCIEDADES / COMPANIAS,0,0,0,1,1371.0,41,Superior,Mujer
1,0,37,-7.801868,EMPRESA PRIVADA -SOCIEDADES / COMPANIAS,0,1,0,0,510.0,1,Primaria,Hombre
0,0,52,0.0,EMPRESA PRIVADA -SOCIEDADES / COMPANIAS,0,1,0,0,475.0,23,Primaria,Hombre
0,1,27,9.472354,EMPRESA PRIVADA -SOCIEDADES / COMPANIAS,0,0,0,1,500.0,10,Superior,Mujer
0,0,63,0.0,"FUNCION EJECUTIVA, LEGISL, JUDICIAL Y ORGANISMOS DEL ESTADO",0,0,0,1,824.0,251,Superior,Hombre
0,1,30,-2.7399528,EMPRESA PRIVADA -SOCIEDADES / COMPANIAS,0,0,0,1,763.0,35,Superior,Mujer
0,0,50,4.3297443,EMPRESA PRIVADA -SOCIEDADES / COMPANIAS,0,0,1,0,460.0,67,Secundaria,Hombre
1,0,23,2.0965712,EMPRESA PRIVADA -SOCIEDADES / COMPANIAS,0,1,0,0,465.0,6,Primaria,Hombre
0,1,30,0.0,EMPRESA PRIVADA -SOCIEDADES / COMPANIAS,0,1,0,0,460.0,3,Primaria,Mujer
1,0,19,0.0,EMPRESA PRIVADA -SOCIEDADES / COMPANIAS,0,0,1,0,460.0,1,Secundaria,Hombre
1,0,29,2.2577374,EMPRESA PRIVADA -SOCIEDADES / COMPANIAS,0,0,1,0,460.0,1,Secundaria,Hombre
0,0,40,19.967442,EMPRESA PRIVADA -SOCIEDADES / COMPANIAS,0,0,1,0,460.0,73,Secundaria,Hombre
0,0,36,5.5949206,EMPRESA PRIVADA -SOCIEDADES / COMPANIAS,0,0,1,0,600.0,12,Secundaria,Hombre
0,1,29,0.47378078,EMPRESA PRIVADA -SOCIEDADES / COMPANIAS,0,0,1,0,680.0,8,Secundaria,Mujer
1,0,33,5.095213,EMPRESA PRIVADA -SOCIEDADES / COMPANIAS,0,0,0,1,461.0,20,Superior,Hombre
1,0,50,1.3962157,EMPRESA PRIVADA -SOCIEDADES / COMPANIAS,0,0,1,0,478.0,3,Secundaria,Hombre
1,1,25,3.155199,EMPRESA PRIVADA -SOCIEDADES / COMPANIAS,0,0,1,0,475.0,0,Secundaria,Mujer
0,1,45,0.0,ORGANISMOS DEL REGIMEN SECCIONAL,0,0,0,1,550.0,13,Superior,Mujer
0,0,28,17.667599,EMPRESA PRIVADA -SOCIEDADES / COMPANIAS,0,1,0,0,461.0,83,Primaria,Hombre
1,1,46,28.602795,EMPRESA PRIVADA -SOCIEDADES / COMPANIAS,0,0,1,0,460.0,5,Secundaria,Mujer
0,0,30,0.0,EMPRESA UNIPERSONAL /  PEQUEÑA INDUSTRIA,0,1,0,0,471.0,6,Primaria,Hombre
1,0,23,4.256529,EMPRESA PRIVADA -SOCIEDADES / COMPANIAS,0,0,1,0,460.0,30,Secundaria,Hombre
1,1,42,11.300509,EMPRESA PRIVADA -SOCIEDADES / COMPANIAS,0,0,1,0,500.0,8,Secundaria,Mujer
0,0,52,0.0,"FUNCION EJECUTIVA, LEGISL, JUDICIAL Y ORGANISMOS DEL ESTADO",0,1,0,0,561.0,121,Primaria,Hombre
1,0,75,0.0,ORGANISMOS DEL REGIMEN SECCIONAL,0,1,0,0,470.0,76,Primaria,Hombre
1,0,23,1.5833268,EMPRESA PRIVADA -SOCIEDADES / COMPANIAS,0,1,0,0,583.0,22,Primaria,Hombre
1,0,19,-0.031385478,EMPRESA PRIVADA -SOCIEDADES / COMPANIAS,0,0,1,0,468.0,4,Secundaria,Hombre
1,1,31,2.7171566,EMPRESA PRIVADA -SOCIEDADES / COMPANIAS,0,1,0,0,474.0,16,Primaria,Mujer
0,0,60,0.13181934,EMPRESA PRIVADA -SOCIEDADES / COMPANIAS,0,0,0,1,808.0,179,Superior,Hombre
1,1,33,6.8084197,EMPRESA PRIVADA -SOCIEDADES / COMPANIAS,0,0,0,1,554.0,49,Superior,Mujer
1,1,27,3.0626278,EMPRESA PRIVADA -SOCIEDADES / COMPANIAS,0,0,0,1,468.0,1,Superior,Mujer
1,1,27,4.984322,EMPRESA PRIVADA -SOCIEDADES / COMPANIAS,0,0,1,0,464.0,31,Secundaria,Mujer
0,0,41,0.0,EMPRESA PRIVADA -SOCIEDADES / COMPANIAS,0,0,0,1,950.0,134,Superior,Hombre
0,0,30,0.0,EMPRESA UNIPERSONAL /  PEQUEÑA INDUSTRIA,0,1,0,0,460.0,102,Primaria,Hombre
1,1,26,0.0,"FUNCION EJECUTIVA, LEGISL, JUDICIAL Y ORGANISMOS DEL ESTADO",0,0,0,1,901.0,5,Superior,Mujer
1,1,48,0.0,EMPRESA PRIVADA -SOCIEDADES / COMPANIAS,0,1,0,0,460.0,36,Primaria,Mujer
0,0,40,1.697813,EMPRESA PRIVADA -SOCIEDADES / COMPANIAS,0,0,1,0,670.0,178,Secundaria,Hombre
1,1,33,0.0,ORGANISMOS DEL REGIMEN SECCIONAL,0,0,0,1,918.0,118,Superior,Mujer
1,0,40,4.4419746,EMPRESA PRIVADA -SOCIEDADES / COMPANIAS,0,0,1,0,479.0,17,Secundaria,Hombre
0,0,33,0.0,"INSTITUCION FINANCIERA PRIVADA, BANCOS Y CIA DE SEGUROS",0,0,1,0,550.0,10,Secundaria,Hombre
1,1,38,0.0,"OTRAS FINANC. PRIVAD, MUTUALISTAS ETC",0,0,0,1,473.0,20,Superior,Mujer
0,0,55,0.0,ORGANISMOS DEL REGIMEN SECCIONAL,0,1,0,0,561.0,59,Primaria,Hombre
1,0,32,10.347736,EMPRESA PRIVADA -SOCIEDADES / COMPANIAS,0,0,0,1,1100.0,4,Superior,Hombre
0,0,42,0.0,"FUNCION EJECUTIVA, LEGISL, JUDICIAL Y ORGANISMOS DEL ESTADO",0,0,1,0,986.0,121,Secundaria,Hombre
1,0,29,2.7820504,EMPRESA PRIVADA -SOCIEDADES / COMPANIAS,0,1,0,0,465.0,5,Primaria,Hombre
1,0,62,1.0090789,EMPRESA PRIVADA -SOCIEDADES / COMPANIAS,1,0,0,0,460.0,24,Sin Educación,Hombre
1,1,23,0.0,"FUNCION EJECUTIVA, LEGISL, JUDICIAL Y ORGANISMOS DEL ESTADO",0,0,0,1,901.0,5,Superior,Mujer
1,0,40,0.0,EMPRESA UNIPERSONAL /  PEQUEÑA INDUSTRIA,0,1,0,0,591.0,61,Primaria,Hombre
0,1,64,0.0,EMPLEADOR DOMESTICO,0,0,1,0,500.0,0,Secundaria,Mujer
1,1,29,5.645123,EMPRESA PRIVADA -SOCIEDADES / COMPANIAS,0,0,1,0,700.0,1,Secundaria,Mujer
1,0,23,0.0,EMPRESA UNIPERSONAL /  PEQUEÑA INDUSTRIA,0,1,0,0,472.0,0,Primaria,Hombre
1,1,29,5.895993,EMPRESA PRIVADA -SOCIEDADES / COMPANIAS,0,0,1,0,466.0,8,Secundaria,Mujer
0,1,46,0.0,"FUNCION EJECUTIVA, LEGISL, JUDICIAL Y ORGANISMOS DEL ESTADO",0,0,0,1,1412.0,117,Superior,Mujer
0,1,65,0.0,"FUNCION EJECUTIVA, LEGISL, JUDICIAL Y ORGANISMOS DEL ESTADO",0,0,0,1,986.0,123,Superior,Mujer
1,1,51,3.537125,EMPRESA PRIVADA -SOCIEDADES / COMPANIAS,0,1,0,0,465.0,4,Primaria,Mujer
1,0,40,0.09568346,EMPRESA PRIVADA -SOCIEDADES / COMPANIAS,0,0,0,1,1300.0,9,Superior,Hombre
1,0,45,0.0,EMPRESA PRIVADA -SOCIEDADES / COMPANIAS,0,0,1,0,465.0,32,Secundaria,Hombre
0,1,23,0.0,"FUNCION EJECUTIVA, LEGISL, JUDICIAL Y ORGANISMOS DEL ESTADO",0,0,1,0,540.0,9,Secundaria,Mujer
1,0,43,0.0,EMPRESA UNIPERSONAL /  PEQUEÑA INDUSTRIA,0,1,0,0,478.0,28,Primaria,Hombre
1,0,27,5.4873505,EMPRESA PRIVADA -SOCIEDADES / COMPANIAS,0,1,0,0,466.0,3,Primaria,Hombre
1,1,25,19.246296,EMPRESA PRIVADA -SOCIEDADES / COMPANIAS,0,0,1,0,463.0,9,Secundaria,Mujer
1,1,24,9.4338255,EMPRESA PRIVADA -SOCIEDADES / COMPANIAS,0,0,0,1,460.0,2,Superior,Mujer
1,1,27,5.880209,EMPRESA PRIVADA -SOCIEDADES / COMPANIAS,0,0,1,0,461.0,12,Secundaria,Mujer
0,1,25,4.984322,EMPRESA PRIVADA -SOCIEDADES / COMPANIAS,0,0,1,0,524.0,30,Secundaria,Mujer
1,0,28,-0.52835363,EMPRESA PRIVADA -SOCIEDADES / COMPANIAS,1,0,0,0,461.0,5,Sin Educación,Hombre
1,1,51,0.0,EMPRESA PRIVADA -SOCIEDADES / COMPANIAS,0,0,0,1,1176.0,193,Superior,Mujer
0,0,47,13.898879,EMPRESA PRIVADA -SOCIEDADES / COMPANIAS,0,0,1,0,465.0,0,Secundaria,Hombre
1,1,24,0.0,"FUNCION EJECUTIVA, LEGISL, JUDICIAL Y ORGANISMOS DEL ESTADO",0,0,1,0,591.0,9,Secundaria,Mujer
1,0,38,0.0,EMPRESA UNIPERSONAL /  PEQUEÑA INDUSTRIA,0,0,1,0,700.0,25,Secundaria,Hombre
1,0,35,0.16456285,EMPRESA PRIVADA -SOCIEDADES / COMPANIAS,0,0,1,0,465.0,95,Secundaria,Hombre
1,0,24,0.8085912,EMPRESA PRIVADA -SOCIEDADES / COMPANIAS,0,0,0,1,460.0,19,Superior,Hombre
0,0,41,0.0,"FUNCION EJECUTIVA, LEGISL, JUDICIAL Y ORGANISMOS DEL ESTADO",0,0,0,1,986.0,123,Superior,Hombre
0,0,53,1.6193749,EMPRESA PRIVADA -SOCIEDADES / COMPANIAS,0,1,0,0,715.0,1,Primaria,Hombre
0,0,41,-18.808311,EMPRESA PRIVADA -SOCIEDADES / COMPANIAS,1,0,0,0,460.0,1,Sin Educación,Hombre
1,1,24,9.164478,EMPRESA PRIVADA -SOCIEDADES / COMPANIAS,0,0,0,1,750.0,7,Superior,Mujer
1,0,35,0.0,ENTIDADES PUBLICAS CON AUTONOMIA,0,0,0,1,1760.0,150,Superior,Hombre
0,1,31,0.0,EMPRESA PRIVADA -SOCIEDADES / COMPANIAS,0,0,0,1,612.0,8,Superior,Mujer
1,0,49,0.0,EMPRESA PRIVADA -SOCIEDADES / COMPANIAS,0,0,0,1,2401.0,153,Superior,Hombre
0,1,37,0.0,"FUNCION EJECUTIVA, LEGISL, JUDICIAL Y ORGANISMOS DEL ESTADO",0,0,0,1,1676.0,102,Superior,Mujer
0,1,34,5.233572,EMPRESA PRIVADA -SOCIEDADES / COMPANIAS,0,1,0,0,460.0,51,Primaria,Mujer
0,1,32,0.0,MICRO EMPRESA (NO ARTESANAL),0,0,0,1,467.0,42,Superior,Mujer
0,1,56,0.0,ORGANISMOS DEL REGIMEN SECCIONAL,0,1,0,0,460.0,13,Primaria,Mujer
0,0,21,0.0,EMPRESA UNIPERSONAL /  PEQUEÑA INDUSTRIA,0,0,1,0,626.0,40,Secundaria,Hombre
1,0,28,0.0,"FUNCION EJECUTIVA, LEGISL, JUDICIAL Y ORGANISMOS DEL ESTADO",0,0,0,1,3014.0,0,Superior,Hombre
1,0,33,2.4380639,EMPRESA PRIVADA -SOCIEDADES / COMPANIAS,0,0,1,0,541.0,0,Secundaria,Hombre
1,1,37,16.649881,EMPRESA PRIVADA -SOCIEDADES / COMPANIAS,0,0,1,0,460.0,8,Secundaria,Mujer
1,0,54,-0.48466527,EMPRESA PRIVADA -SOCIEDADES / COMPANIAS,0,1,0,0,468.0,0,Primaria,Hombre
1,0,42,0.0,CONSTRUCCION,0,1,0,0,471.0,22,Primaria,Hombre
0,1,28,0.0,EMPRESA PRIVADA -SOCIEDADES / COMPANIAS,0,0,1,0,1101.0,3,Secundaria,Mujer
0,0,35,17.667599,EMPRESA PRIVADA -SOCIEDADES / COMPANIAS,0,0,1,0,461.0,5,Secundaria,Hombre
0,1,52,0.0,EMPLEADOR DOMESTICO,0,1,0,0,460.0,37,Primaria,Mujer
1,1,48,0.33405676,EMPRESA PRIVADA -SOCIEDADES / COMPANIAS,0,1,0,0,461.0,36,Primaria,Mujer
1,0,57,12.192335,EMPRESA PRIVADA -SOCIEDADES / COMPANIAS,0,1,0,0,600.0,1,Primaria,Hombre
0,0,38,4.361274,EMPRESA PRIVADA -SOCIEDADES / COMPANIAS,0,0,0,1,1303.0,153,Superior,Hombre
1,0,20,4.9862576,EMPRESA UNIPERSONAL /  PEQUEÑA INDUSTRIA,0,1,0,0,460.0,8,Primaria,Hombre
1,0,39,0.0,"FUNCION EJECUTIVA, LEGISL, JUDICIAL Y ORGANISMOS DEL ESTADO",0,0,0,1,733.0,101,Superior,Hombre
0,0,41,1.5833268,EMPRESA PRIVADA -SOCIEDADES / COMPANIAS,0,0,1,0,468.0,19,Secundaria,Hombre
1,0,22,0.0,EMPRESA UNIPERSONAL /  PEQUEÑA INDUSTRIA,1,0,0,0,468.0,2,Sin Educación,Hombre
1,0,27,0.0,EMPRESA PRIVADA -SOCIEDADES / COMPANIAS,0,0,1,0,850.0,35,Secundaria,Hombre
1,1,52,0.0,EMPRESA PRIVADA -SOCIEDADES / COMPANIAS,0,0,0,1,1247.0,193,Superior,Mujer
1,1,52,0.0,ORGANISMOS DEL REGIMEN SECCIONAL,0,0,1,0,460.0,3,Secundaria,Mujer
1,1,53,-5.2287283,EMPRESA PRIVADA -SOCIEDADES / COMPANIAS,0,0,0,1,800.0,7,Superior,Mujer
0,1,27,-1.2300769,EMPRESA PRIVADA -SOCIEDADES / COMPANIAS,0,0,0,1,486.0,37,Superior,Mujer
0,0,22,0.0,EMPLEADOR DOMESTICO,0,0,1,0,460.0,37,Secundaria,Hombre
1,0,27,0.0,"FUNCION EJECUTIVA, LEGISL, JUDICIAL Y ORGANISMOS DEL ESTADO",0,0,0,1,591.0,25,Superior,Hombre
0,0,50,-3.7401857,EMPRESA PRIVADA -SOCIEDADES / COMPANIAS,0,0,1,0,1380.0,19,Secundaria,Hombre
0,0,33,3.741557,EMPRESA PRIVADA -SOCIEDADES / COMPANIAS,0,1,0,0,470.0,21,Primaria,Hombre
0,0,25,7.9935403,EMPRESA PRIVADA -SOCIEDADES / COMPANIAS,0,0,0,1,700.0,19,Superior,Hombre
1,0,19,14.858723,EMPRESA PRIVADA -SOCIEDADES / COMPANIAS,0,0,1,0,460.0,6,Secundaria,Hombre
0,1,31,0.0,ORGANISMOS DEL REGIMEN SECCIONAL,0,0,0,1,837.0,19,Superior,Mujer
1,1,25,7.9048147,EMPRESA PRIVADA -SOCIEDADES / COMPANIAS,0,0,1,0,471.0,22,Secundaria,Mujer
0,0,39,-0.567962,EMPRESA PRIVADA -SOCIEDADES / COMPANIAS,0,0,0,1,1545.0,160,Superior,Hombre
0,0,63,3.9304287,EMPRESA PRIVADA -SOCIEDADES / COMPANIAS,0,1,0,0,500.0,64,Primaria,Hombre
0,1,24,0.1396301,EMPRESA PRIVADA -SOCIEDADES / COMPANIAS,0,0,1,0,800.0,6,Secundaria,Mujer
0,0,60,1.155998,EMPRESA PRIVADA -SOCIEDADES / COMPANIAS,0,0,0,1,466.0,47,Superior,Hombre
0,1,43,0.0,"FUNCION EJECUTIVA, LEGISL, JUDICIAL Y ORGANISMOS DEL ESTADO",0,0,0,1,817.0,117,Superior,Mujer
0,0,47,0.0,ORGANISMOS DEL REGIMEN SECCIONAL,0,0,0,1,713.0,41,Superior,Hombre
0,0,21,16.24015,EMPRESA PRIVADA -SOCIEDADES / COMPANIAS,0,0,1,0,492.0,3,Secundaria,Hombre
1,0,20,0.49910218,EMPRESA PRIVADA -SOCIEDADES / COMPANIAS,0,1,0,0,466.0,5,Primaria,Hombre
1,0,34,0.0,EMPRESA UNIPERSONAL /  PEQUEÑA INDUSTRIA,0,0,1,0,478.0,2,Secundaria,Hombre
0,1,42,0.0,"FUNCION EJECUTIVA, LEGISL, JUDICIAL Y ORGANISMOS DEL ESTADO",0,0,0,1,817.0,84,Superior,Mujer
1,0,43,0.0,CONSTRUCCION,0,1,0,0,478.0,1,Primaria,Hombre
1,0,29,0.0,EMPRESA UNIPERSONAL /  PEQUEÑA INDUSTRIA,0,0,0,1,711.0,2,Superior,Hombre
0,0,39,4.104191,EMPRESA PRIVADA -SOCIEDADES / COMPANIAS,0,0,1,0,460.0,134,Secundaria,Hombre
1,0,33,10.1424,EMPRESA PRIVADA -SOCIEDADES / COMPANIAS,0,0,1,0,460.0,0,Secundaria,Hombre
0,0,25,3.155199,EMPRESA PRIVADA -SOCIEDADES / COMPANIAS,0,0,1,0,475.0,3,Secundaria,Hombre
1,0,48,28.602795,EMPRESA PRIVADA -SOCIEDADES / COMPANIAS,0,0,1,0,465.0,0,Secundaria,Hombre
1,1,24,28.602795,EMPRESA PRIVADA -SOCIEDADES / COMPANIAS,0,0,0,1,800.0,0,Superior,Mujer
0,1,36,0.0,EMPLEADOR DOMESTICO,0,1,0,0,460.0,25,Primaria,Mujer
0,0,21,1.1320156,EMPRESA PRIVADA -SOCIEDADES / COMPANIAS,0,0,1,0,460.0,1,Secundaria,Hombre
1,0,32,0.16061004,EMPRESA PRIVADA -SOCIEDADES / COMPANIAS,0,0,1,0,460.0,39,Secundaria,Hombre
0,1,30,0.0,EMPRESA PRIVADA -SOCIEDADES / COMPANIAS,0,0,0,1,606.0,42,Superior,Mujer
0,0,25,15.811495,EMPRESA PRIVADA -SOCIEDADES / COMPANIAS,0,0,1,0,472.0,2,Secundaria,Hombre
1,1,72,0.0,EMPLEADOR DOMESTICO,0,0,1,0,460.0,27,Secundaria,Mujer
1,0,21,9.522139,EMPRESA PRIVADA -SOCIEDADES / COMPANIAS,0,0,1,0,461.0,4,Secundaria,Hombre
0,1,52,0.0,"FUNCION EJECUTIVA, LEGISL, JUDICIAL Y ORGANISMOS DEL ESTADO",0,0,0,1,1676.0,120,Superior,Mujer
0,0,39,0.17762238,EMPRESA PRIVADA -SOCIEDADES / COMPANIAS,0,0,1,0,460.0,113,Secundaria,Hombre
0,0,37,0.0,EMPRESA UNIPERSONAL /  PEQUEÑA INDUSTRIA,0,0,1,0,585.0,52,Secundaria,Hombre
0,0,63,-10.730298,EMPRESA PRIVADA -SOCIEDADES / COMPANIAS,0,1,0,0,460.0,201,Primaria,Hombre
0,1,64,0.0,"FUNCION EJECUTIVA, LEGISL, JUDICIAL Y ORGANISMOS DEL ESTADO",0,0,1,0,986.0,123,Secundaria,Mujer
0,1,23,19.246296,EMPRESA PRIVADA -SOCIEDADES / COMPANIAS,0,0,1,0,463.0,6,Secundaria,Mujer
1,0,67,0.0,"NOTARIAS, (LOS REGITRADORES  SON PÚBLICOS)",0,0,1,0,468.0,47,Secundaria,Hombre
1,0,42,0.0,"FUNCION EJECUTIVA, LEGISL, JUDICIAL Y ORGANISMOS DEL ESTADO",0,0,0,1,1086.0,47,Superior,Hombre
0,1,47,4.48168,EMPRESA PRIVADA -SOCIEDADES / COMPANIAS,0,1,0,0,514.0,48,Primaria,Mujer
1,1,37,0.14763366,EMPRESA PRIVADA -SOCIEDADES / COMPANIAS,0,0,0,1,473.0,4,Superior,Mujer
0,0,51,0.47262472,EMPRESA PRIVADA -SOCIEDADES / COMPANIAS,0,0,0,1,1200.0,25,Superior,Hombre
1,0,24,13.505787,EMPRESA PRIVADA -SOCIEDADES / COMPANIAS,0,0,1,0,462.0,1,Secundaria,Hombre
0,0,32,0.0,ORGANISMOS DEL REGIMEN SECCIONAL,0,0,0,1,918.0,66,Superior,Hombre
1,1,43,20.897825,EMPRESA PRIVADA -SOCIEDADES / COMPANIAS,0,0,1,0,677.0,235,Secundaria,Mujer
1,0,27,13.006343,EMPRESA PRIVADA -SOCIEDADES / COMPANIAS,0,1,0,0,460.0,13,Primaria,Hombre
1,0,37,2.5862708,EMPRESA PRIVADA -SOCIEDADES / COMPANIAS,0,1,0,0,460.0,4,Primaria,Hombre
1,1,56,0.0,EMPRESA PRIVADA -SOCIEDADES / COMPANIAS,0,0,0,1,1700.0,6,Superior,Mujer
1,0,22,0.0,CONSTRUCCION,0,0,1,0,557.0,3,Secundaria,Hombre
1,0,49,1.3378813,EMPRESA PRIVADA -SOCIEDADES / COMPANIAS,0,0,0,1,12000.0,57,Superior,Hombre
1,1,42,3.5275903,EMPRESA PRIVADA -SOCIEDADES / COMPANIAS,0,0,1,0,460.0,3,Secundaria,Mujer
1,0,39,0.0,"FUNCION EJECUTIVA, LEGISL, JUDICIAL Y ORGANISMOS DEL ESTADO",0,0,0,1,817.0,45,Superior,Hombre
0,0,60,-3.3899963,EMPRESA PRIVADA -SOCIEDADES / COMPANIAS,0,0,1,0,558.0,199,Secundaria,Hombre
0,1,54,4.488052,EMPRESA PRIVADA -SOCIEDADES / COMPANIAS,0,0,0,1,500.0,67,Superior,Mujer
1,0,44,0.7079588,EMPRESA PRIVADA -SOCIEDADES / COMPANIAS,0,0,1,0,466.0,119,Secundaria,Hombre
1,1,33,0.41423684,EMPRESA PRIVADA -SOCIEDADES / COMPANIAS,0,0,0,1,800.0,19,Superior,Mujer
1,0,27,0.0,"FUNCION EJECUTIVA, LEGISL, JUDICIAL Y ORGANISMOS DEL ESTADO",0,0,0,1,986.0,5,Superior,Hombre
0,1,43,5.1286936,EMPRESA PRIVADA -SOCIEDADES / COMPANIAS,0,0,1,0,460.0,8,Secundaria,Mujer
0,0,48,-0.22094783,EMPRESA UNIPERSONAL /  PEQUEÑA INDUSTRIA,1,0,0,0,460.0,119,Sin Educación,Hombre
1,0,34,0.0,"FUNCION EJECUTIVA, LEGISL, JUDICIAL Y ORGANISMOS DEL ESTADO",0,0,1,0,1113.0,135,Secundaria,Hombre
1,0,22,2.9356875,EMPRESA PRIVADA -SOCIEDADES / COMPANIAS,0,0,1,0,460.0,26,Secundaria,Hombre
1,0,36,0.0,EMPRESA PRIVADA -SOCIEDADES / COMPANIAS,0,0,0,1,1200.0,49,Superior,Hombre
1,0,21,1.994068,EMPRESA PRIVADA -SOCIEDADES / COMPANIAS,0,1,0,0,468.0,1,Primaria,Hombre
0,1,58,0.0,"FUNCION EJECUTIVA, LEGISL, JUDICIAL Y ORGANISMOS DEL ESTADO",0,0,0,1,986.0,26,Superior,Mujer
1,1,27,0.0,ORGANISMOS DEL REGIMEN SECCIONAL,0,0,1,0,733.0,1,Secundaria,Mujer
1,0,28,-3.5476465,EMPRESA PRIVADA -SOCIEDADES / COMPANIAS,0,0,0,1,780.0,4,Superior,Hombre
0,0,32,0.0,EMPRESA PRIVADA -SOCIEDADES / COMPANIAS,0,0,0,1,1558.0,2,Superior,Hombre
0,0,34,1.9589627,EMPRESA PRIVADA -SOCIEDADES / COMPANIAS,0,0,1,0,466.0,10,Secundaria,Hombre
0,0,31,0.0,ORGANISMOS DEL REGIMEN SECCIONAL,0,0,1,0,733.0,23,Secundaria,Hombre
0,0,49,4.787734,EMPRESA PRIVADA -SOCIEDADES / COMPANIAS,0,1,0,0,468.0,135,Primaria,Hombre
1,0,27,0.0,"FUNCION EJECUTIVA, LEGISL, JUDICIAL Y ORGANISMOS DEL ESTADO",0,0,1,0,986.0,9,Secundaria,Hombre
0,0,42,0.0,EMPRESA PRIVADA -SOCIEDADES / COMPANIAS,0,1,0,0,465.0,41,Primaria,Hombre
0,0,21,14.165489,EMPRESA PRIVADA -SOCIEDADES / COMPANIAS,0,0,1,0,468.0,0,Secundaria,Hombre
0,0,61,0.0,MIEMBROS DE   SINDICATOS  Y COOP DE TRANSPORTE TERRESTRE,0,0,1,0,460.0,142,Secundaria,Hombre
0,0,30,0.10451022,EMPRESA PRIVADA -SOCIEDADES / COMPANIAS,0,0,1,0,859.0,81,Secundaria,Hombre
1,0,29,-1.3986762,EMPRESA PRIVADA -SOCIEDADES / COMPANIAS,0,0,0,1,900.0,20,Superior,Hombre
0,1,33,2.4296646,EMPRESA PRIVADA -SOCIEDADES / COMPANIAS,0,0,0,1,1125.0,112,Superior,Mujer
0,0,38,6.4434705,EMPRESA PRIVADA -SOCIEDADES / COMPANIAS,0,0,1,0,465.0,56,Secundaria,Hombre
1,1,65,0.0,"FUNCION EJECUTIVA, LEGISL, JUDICIAL Y ORGANISMOS DEL ESTADO",0,0,0,1,1212.0,119,Superior,Mujer
0,0,55,0.0,"FUNCION EJECUTIVA, LEGISL, JUDICIAL Y ORGANISMOS DEL ESTADO",0,0,0,1,986.0,121,Superior,Hombre
0,0,52,0.0,EMPRESA UNIPERSONAL /  PEQUEÑA INDUSTRIA,0,0,1,0,800.0,41,Secundaria,Hombre
0,1,46,0.0,"FUNCION EJECUTIVA, LEGISL, JUDICIAL Y ORGANISMOS DEL ESTADO",0,0,0,1,1412.0,123,Superior,Mujer
0,0,55,-7.0663815,EMPRESA PRIVADA -SOCIEDADES / COMPANIAS,0,1,0,0,460.0,197,Primaria,Hombre
1,0,24,3.0626278,EMPRESA PRIVADA -SOCIEDADES / COMPANIAS,0,1,0,0,468.0,11,Primaria,Hombre
1,0,53,0.0,MIEMBROS DE   SINDICATOS  Y COOP DE TRANSPORTE TERRESTRE,0,0,1,0,460.0,41,Secundaria,Hombre
0,0,41,0.0,EMPRESA UNIPERSONAL /  PEQUEÑA INDUSTRIA,0,1,0,0,474.0,170,Primaria,Hombre
0,0,30,0.8297476,EMPRESA PRIVADA -SOCIEDADES / COMPANIAS,0,0,1,0,700.0,7,Secundaria,Hombre
1,0,32,0.0,EMPRESA PRIVADA -SOCIEDADES / COMPANIAS,0,0,1,0,471.0,0,Secundaria,Hombre
0,0,35,0.0,EMPRESA PRIVADA -SOCIEDADES / COMPANIAS,0,0,1,0,1020.0,128,Secundaria,Hombre
1,0,60,-10.465114,CONSTRUCCION,1,0,0,0,461.0,1,Sin Educación,Hombre
0,1,39,0.0,"FUNCION EJECUTIVA, LEGISL, JUDICIAL Y ORGANISMOS DEL ESTADO",0,0,0,1,817.0,71,Superior,Mujer
1,0,34,5.4873505,EMPRESA PRIVADA -SOCIEDADES / COMPANIAS,0,0,1,0,468.0,41,Secundaria,Hombre
1,0,26,-0.6490273,EMPRESA PRIVADA -SOCIEDADES / COMPANIAS,0,0,1,0,471.0,8,Secundaria,Hombre
0,0,37,4.6489353,EMPRESA PRIVADA -SOCIEDADES / COMPANIAS,0,0,1,0,460.0,5,Secundaria,Hombre
0,1,29,-18.924696,EMPRESA PRIVADA -SOCIEDADES / COMPANIAS,0,0,1,0,464.0,19,Secundaria,Mujer
0,1,26,-16.619349,EMPRESA PRIVADA -SOCIEDADES / COMPANIAS,0,0,0,1,800.0,11,Superior,Mujer
1,0,69,0.0,ORGANISMOS DEL REGIMEN SECCIONAL,0,1,0,0,596.0,161,Primaria,Hombre
0,0,33,0.0,EMPRESA UNIPERSONAL /  PEQUEÑA INDUSTRIA,0,1,0,0,460.0,8,Primaria,Hombre
0,1,40,0.6749041,EMPRESA PRIVADA -SOCIEDADES / COMPANIAS,0,0,1,0,700.0,101,Secundaria,Mujer
0,0,46,0.0,"FUNCION EJECUTIVA, LEGISL, JUDICIAL Y ORGANISMOS DEL ESTADO",0,0,1,0,733.0,71,Secundaria,Hombre
1,0,24,6.56999,EMPRESA PRIVADA -SOCIEDADES / COMPANIAS,0,0,1,0,465.0,32,Secundaria,Hombre
0,1,38,0.0,MICRO EMPRESA (NO ARTESANAL),0,0,1,0,465.0,0,Secundaria,Mujer
1,1,37,18.070673,EMPRESA PRIVADA -SOCIEDADES / COMPANIAS,0,0,1,0,710.0,26,Secundaria,Mujer
0,0,33,0.0,"FUNCION EJECUTIVA, LEGISL, JUDICIAL Y ORGANISMOS DEL ESTADO",0,0,0,1,543.0,2,Superior,Hombre
0,1,38,0.0,ENTIDADES FINANCIERAS,0,0,0,1,3247.0,5,Superior,Mujer
1,0,40,4.048972,EMPRESA PRIVADA -SOCIEDADES / COMPANIAS,1,0,0,0,460.0,0,Sin Educación,Hombre
1,0,37,1.8154776,EMPRESA PRIVADA -SOCIEDADES / COMPANIAS,0,0,1,0,479.0,9,Secundaria,Hombre
0,0,47,0.0,ORGANISMOS DEL REGIMEN SECCIONAL,0,0,1,0,561.0,167,Secundaria,Hombre
1,1,63,0.0,EMPLEADOR DOMESTICO,0,1,0,0,460.0,132,Primaria,Mujer
1,0,24,0.0,COOPERA  NO CONTROLADAS POR LA SUPERINTENDENCIA  DE BANCOS,0,1,0,0,460.0,0,Primaria,Hombre
1,1,20,0.0,EMPLEADOR DOMESTICO,0,0,1,0,471.0,18,Secundaria,Mujer
0,1,36,0.0,EMPRESA PRIVADA -SOCIEDADES / COMPANIAS,0,0,0,1,1509.0,185,Superior,Mujer
1,1,60,0.0,"FUNCION EJECUTIVA, LEGISL, JUDICIAL Y ORGANISMOS DEL ESTADO",0,0,0,1,1676.0,119,Superior,Mujer
0,1,41,0.0,ENTIDADES PUBLICAS CON AUTONOMIA,0,0,0,1,1412.0,53,Superior,Mujer
1,0,55,0.0,EMPRESA PRIVADA -SOCIEDADES / COMPANIAS,0,0,0,1,2900.0,45,Superior,Hombre
1,0,69,-5.2043266,EMPRESA PRIVADA -SOCIEDADES / COMPANIAS,0,0,0,1,1375.0,149,Superior,Hombre
0,1,78,0.0,MICRO EMPRESA (NO ARTESANAL),1,0,0,0,460.0,81,Sin Educación,Mujer
1,1,24,5.50723,EMPRESA PRIVADA -SOCIEDADES / COMPANIAS,0,0,1,0,464.0,2,Secundaria,Mujer
1,1,18,2.4380639,EMPRESA PRIVADA -SOCIEDADES / COMPANIAS,0,0,1,0,472.0,0,Secundaria,Mujer
1,0,78,8.776065,EMPRESA PRIVADA -SOCIEDADES / COMPANIAS,0,0,0,1,16000.0,241,Superior,Hombre
0,1,39,0.0,EMPLEADOR DOMESTICO,0,0,1,0,460.0,109,Secundaria,Mujer
0,0,35,2.4730213,EMPRESA PRIVADA -SOCIEDADES / COMPANIAS,0,0,0,1,3098.0,66,Superior,Hombre
1,1,27,2.0524633,EMPRESA PRIVADA -SOCIEDADES / COMPANIAS,0,0,1,0,465.0,5,Secundaria,Mujer
0,1,51,0.0,EMPRESA UNIPERSONAL /  PEQUEÑA INDUSTRIA,0,0,1,0,460.0,89,Secundaria,Mujer
1,1,36,0.0,EMPRESA PRIVADA -SOCIEDADES / COMPANIAS,0,0,1,0,550.0,0,Secundaria,Mujer
1,0,22,0.0,EMPRESA UNIPERSONAL /  PEQUEÑA INDUSTRIA,0,0,1,0,460.0,9,Secundaria,Hombre
0,0,35,0.0,"FUNCION EJECUTIVA, LEGISL, JUDICIAL Y ORGANISMOS DEL ESTADO",0,0,0,1,1212.0,17,Superior,Hombre
1,0,22,0.0,EMPRESA PRIVADA -SOCIEDADES / COMPANIAS,0,0,1,0,235.0,1,Secundaria,Hombre
0,0,28,0.0,"FUNCION EJECUTIVA, LEGISL, JUDICIAL Y ORGANISMOS DEL ESTADO",0,0,0,1,1008.0,64,Superior,Hombre
1,0,37,0.0,EMPRESA UNIPERSONAL /  PEQUEÑA INDUSTRIA,0,1,0,0,460.0,58,Primaria,Hombre
0,1,60,0.0,EMPLEADOR DOMESTICO,0,1,0,0,460.0,37,Primaria,Mujer
0,1,53,0.0,"FUNCION EJECUTIVA, LEGISL, JUDICIAL Y ORGANISMOS DEL ESTADO",0,0,0,1,1212.0,93,Superior,Mujer
1,0,29,22.71522,EMPRESA PRIVADA -SOCIEDADES / COMPANIAS,0,0,1,0,460.0,2,Secundaria,Hombre
0,0,30,2.3906105,EMPRESA PRIVADA -SOCIEDADES / COMPANIAS,0,0,1,0,462.0,6,Secundaria,Hombre
0,0,49,-1.4639733,EMPRESA PRIVADA -SOCIEDADES / COMPANIAS,0,1,0,0,466.0,69,Primaria,Hombre
0,0,25,0.0,EMPRESA PRIVADA -SOCIEDADES / COMPANIAS,0,0,1,0,920.0,2,Secundaria,Hombre
1,1,25,4.289333,EMPRESA PRIVADA -SOCIEDADES / COMPANIAS,0,1,0,0,468.0,19,Primaria,Mujer
1,0,31,2.2743976,EMPRESA PRIVADA -SOCIEDADES / COMPANIAS,0,1,0,0,465.0,1,Primaria,Hombre
0,1,32,9.558799,EMPRESA PRIVADA -SOCIEDADES / COMPANIAS,0,0,0,1,460.0,60,Superior,Mujer
0,0,45,0.0,ENTIDADES FINANCIERAS,0,0,1,0,596.0,0,Secundaria,Hombre
0,1,37,0.0,ENTIDADES PUBLICAS CON AUTONOMIA,0,0,0,1,1212.0,85,Superior,Mujer
1,0,29,0.0,EMPRESA UNIPERSONAL /  PEQUEÑA INDUSTRIA,0,0,1,0,460.0,0,Secundaria,Hombre
1,1,24,0.0,"FUNCION EJECUTIVA, LEGISL, JUDICIAL Y ORGANISMOS DEL ESTADO",0,0,0,1,901.0,5,Superior,Mujer
0,1,22,6.4434705,EMPRESA PRIVADA -SOCIEDADES / COMPANIAS,0,0,1,0,460.0,4,Secundaria,Mujer
1,0,64,3.639776,EMPRESA PRIVADA -SOCIEDADES / COMPANIAS,0,0,0,1,578.0,28,Superior,Hombre
1,1,47,0.0,ORGANISMOS DEL REGIMEN SECCIONAL,0,0,0,1,918.0,1,Superior,Mujer
1,0,37,0.0,"FUNCION EJECUTIVA, LEGISL, JUDICIAL Y ORGANISMOS DEL ESTADO",0,0,0,1,986.0,5,Superior,Hombre
1,0,24,5.50723,EMPRESA PRIVADA -SOCIEDADES / COMPANIAS,0,0,1,0,469.0,35,Secundaria,Hombre
1,1,26,0.0,"FUNCION EJECUTIVA, LEGISL, JUDICIAL Y ORGANISMOS DEL ESTADO",0,0,1,0,986.0,9,Secundaria,Mujer
0,1,19,8.074689,EMPRESA PRIVADA -SOCIEDADES / COMPANIAS,0,0,1,0,474.0,11,Secundaria,Mujer
0,1,38,8.690461,EMPRESA PRIVADA -SOCIEDADES / COMPANIAS,0,1,0,0,461.0,35,Primaria,Mujer
0,0,43,0.0,EMPRESA UNIPERSONAL /  PEQUEÑA INDUSTRIA,0,1,0,0,500.0,33,Primaria,Hombre
1,0,61,0.0,"FUNCION EJECUTIVA, LEGISL, JUDICIAL Y ORGANISMOS DEL ESTADO",0,0,1,0,1086.0,3,Secundaria,Hombre
0,1,33,0.0,ENTIDADES PÚBLICAS DE EDUCACIÓN SUPERIOR,0,0,0,1,733.0,86,Superior,Mujer
1,1,40,2.3497365,EMPRESA PRIVADA -SOCIEDADES / COMPANIAS,0,0,1,0,604.0,179,Secundaria,Mujer
0,1,42,0.0,EMPLEADOR DOMESTICO,0,1,0,0,750.0,39,Primaria,Mujer
0,0,55,-1.0386144,EMPRESA PRIVADA -SOCIEDADES / COMPANIAS,0,0,0,1,471.0,12,Superior,Hombre
0,1,29,0.0,EMPRESA PRIVADA -SOCIEDADES / COMPANIAS,0,0,1,0,460.0,1,Secundaria,Mujer
0,0,61,7.115703,EMPRESA PRIVADA -SOCIEDADES / COMPANIAS,0,1,0,0,510.0,152,Primaria,Hombre
1,0,27,14.920233,EMPRESA PRIVADA -SOCIEDADES / COMPANIAS,1,0,0,0,460.0,40,Sin Educación,Hombre
0,1,73,0.0,EMPRESA PRIVADA -SOCIEDADES / COMPANIAS,0,0,1,0,480.0,52,Secundaria,Mujer
0,1,55,0.0,"FUNCION EJECUTIVA, LEGISL, JUDICIAL Y ORGANISMOS DEL ESTADO",0,0,1,0,1086.0,115,Secundaria,Mujer
1,0,23,15.464412,EMPRESA PRIVADA -SOCIEDADES / COMPANIAS,0,0,1,0,468.0,2,Secundaria,Hombre
1,0,38,0.527145,EMPRESA PRIVADA -SOCIEDADES / COMPANIAS,0,0,1,0,460.0,0,Secundaria,Hombre
1,0,34,0.0,"FUNCION EJECUTIVA, LEGISL, JUDICIAL Y ORGANISMOS DEL ESTADO",0,0,0,1,3854.0,4,Superior,Hombre
1,1,50,0.0,EMPLEADOR DOMESTICO,0,1,0,0,460.0,123,Primaria,Mujer
0,1,62,0.0,EMPLEADOR DOMESTICO,0,1,0,0,460.0,135,Primaria,Mujer
0,0,33,0.70739204,EMPRESA PRIVADA -SOCIEDADES / COMPANIAS,0,0,1,0,465.0,106,Secundaria,Hombre
0,1,36,0.900727,EMPRESA PRIVADA -SOCIEDADES / COMPANIAS,0,0,0,1,468.0,10,Superior,Mujer
0,0,30,2.9485147,EMPRESA PRIVADA -SOCIEDADES / COMPANIAS,0,0,1,0,465.0,14,Secundaria,Hombre
0,1,30,19.967442,EMPRESA PRIVADA -SOCIEDADES / COMPANIAS,0,0,0,1,460.0,1,Superior,Mujer
1,1,49,0.0,EMPRESA PRIVADA -SOCIEDADES / COMPANIAS,0,0,0,1,600.0,4,Superior,Mujer
1,1,29,0.0,"FUNCION EJECUTIVA, LEGISL, JUDICIAL Y ORGANISMOS DEL ESTADO",0,0,1,0,901.0,5,Secundaria,Mujer
0,1,45,18.145796,EMPRESA PRIVADA -SOCIEDADES / COMPANIAS,0,0,1,0,570.0,112,Secundaria,Mujer
0,1,45,0.0,"FUNCION EJECUTIVA, LEGISL, JUDICIAL Y ORGANISMOS DEL ESTADO",0,0,0,1,1212.0,93,Superior,Mujer
1,0,26,0.0,"FUNCION EJECUTIVA, LEGISL, JUDICIAL Y ORGANISMOS DEL ESTADO",0,0,1,0,986.0,9,Secundaria,Hombre
1,0,29,0.0,"FUNCION EJECUTIVA, LEGISL, JUDICIAL Y ORGANISMOS DEL ESTADO",0,0,1,0,986.0,5,Secundaria,Hombre
1,0,51,2.009697,EMPRESA PRIVADA -SOCIEDADES / COMPANIAS,0,0,1,0,707.0,162,Secundaria,Hombre
0,0,32,3.155199,EMPRESA PRIVADA -SOCIEDADES / COMPANIAS,0,0,1,0,475.0,47,Secundaria,Hombre
0,0,36,26.589636,EMPRESA PRIVADA -SOCIEDADES / COMPANIAS,0,0,0,1,680.0,16,Superior,Hombre
1,0,54,8.224027,EMPRESA PRIVADA -SOCIEDADES / COMPANIAS,0,1,0,0,697.0,245,Primaria,Hombre
0,1,36,0.0,ENTIDADES PÚBLICAS DE EDUCACIÓN SUPERIOR,0,0,0,1,838.0,17,Superior,Mujer
1,0,48,10.903988,EMPRESA PRIVADA -SOCIEDADES / COMPANIAS,0,0,1,0,816.0,195,Secundaria,Hombre
0,1,39,-1.7464495,EMPRESA PRIVADA -SOCIEDADES / COMPANIAS,0,0,0,1,532.0,100,Superior,Mujer
1,0,25,-1.5139302,EMPRESA PRIVADA -SOCIEDADES / COMPANIAS,1,0,0,0,466.0,0,Sin Educación,Hombre
0,0,34,-18.924696,EMPRESA PRIVADA -SOCIEDADES / COMPANIAS,0,0,1,0,500.0,29,Secundaria,Hombre
0,0,29,0.0,ENTIDADES PUBLICAS CON AUTONOMIA,0,0,1,0,650.0,101,Secundaria,Hombre
1,1,32,-5.159143,EMPRESA PRIVADA -SOCIEDADES / COMPANIAS,0,0,1,0,468.0,47,Secundaria,Mujer
0,1,35,0.0,"FUNCION EJECUTIVA, LEGISL, JUDICIAL Y ORGANISMOS DEL ESTADO",0,0,0,1,675.0,75,Superior,Mujer
1,0,42,-18.924696,EMPRESA PRIVADA -SOCIEDADES / COMPANIAS,0,1,0,0,460.0,19,Primaria,Hombre
0,0,40,2.7820504,EMPRESA PRIVADA -SOCIEDADES / COMPANIAS,0,0,1,0,465.0,96,Secundaria,Hombre
0,0,40,28.602795,EMPRESA PRIVADA -SOCIEDADES / COMPANIAS,0,0,1,0,700.0,8,Secundaria,Hombre
1,0,53,0.0,EMPRESA PRIVADA -SOCIEDADES / COMPANIAS,0,0,0,1,700.0,57,Superior,Hombre
1,0,28,0.0,EMPRESA PRIVADA -SOCIEDADES / COMPANIAS,0,1,0,0,480.0,25,Primaria,Hombre
1,1,26,0.0,"FUNCION EJECUTIVA, LEGISL, JUDICIAL Y ORGANISMOS DEL ESTADO",0,0,1,0,986.0,5,Secundaria,Mujer
1,1,28,3.92383,EMPRESA PRIVADA -SOCIEDADES / COMPANIAS,0,0,1,0,468.0,35,Secundaria,Mujer
1,1,47,0.0,EMPLEADOR DOMESTICO,0,0,1,0,650.0,17,Secundaria,Mujer
1,0,26,10.512539,EMPRESA PRIVADA -SOCIEDADES / COMPANIAS,0,0,1,0,466.0,2,Secundaria,Hombre
1,0,46,0.5846726,EMPRESA PRIVADA -SOCIEDADES / COMPANIAS,0,0,1,0,473.0,40,Secundaria,Hombre
1,1,25,0.0,"FUNCION EJECUTIVA, LEGISL, JUDICIAL Y ORGANISMOS DEL ESTADO",0,0,1,0,901.0,5,Secundaria,Mujer
1,0,19,5.7175198,EMPRESA PRIVADA -SOCIEDADES / COMPANIAS,0,0,1,0,468.0,1,Secundaria,Hombre
1,1,24,0.0,EMPRESA PRIVADA -SOCIEDADES / COMPANIAS,0,1,0,0,461.0,1,Primaria,Mujer
1,0,20,18.145796,EMPRESA PRIVADA -SOCIEDADES / COMPANIAS,0,1,0,0,468.0,21,Primaria,Hombre
0,1,55,0.0,EMPLEADOR DOMESTICO,0,1,0,0,600.0,68,Primaria,Mujer
0,0,51,7.5438037,EMPRESA PRIVADA -SOCIEDADES / COMPANIAS,0,1,0,0,469.0,195,Primaria,Hombre
0,0,29,1.1363254,EMPRESA PRIVADA -SOCIEDADES / COMPANIAS,0,0,1,0,890.0,49,Secundaria,Hombre
1,0,40,-3.7401857,EMPRESA PRIVADA -SOCIEDADES / COMPANIAS,0,0,0,1,485.0,10,Superior,Hombre
1,0,48,0.0,"FUNCION EJECUTIVA, LEGISL, JUDICIAL Y ORGANISMOS DEL ESTADO",0,0,0,1,833.0,64,Superior,Hombre
1,0,51,0.0,EMPRESA UNIPERSONAL /  PEQUEÑA INDUSTRIA,0,0,1,0,465.0,5,Secundaria,Hombre
1,1,44,0.0,"FUNCION EJECUTIVA, LEGISL, JUDICIAL Y ORGANISMOS DEL ESTADO",0,0,0,1,1676.0,50,Superior,Mujer
0,0,29,16.607761,EMPRESA PRIVADA -SOCIEDADES / COMPANIAS,0,0,1,0,573.0,23,Secundaria,Hombre
0,0,33,-18.924696,EMPRESA PRIVADA -SOCIEDADES / COMPANIAS,0,0,1,0,535.0,149,Secundaria,Hombre
0,0,37,0.0,EMPRESA PRIVADA -SOCIEDADES / COMPANIAS,0,0,1,0,465.0,32,Secundaria,Hombre
0,1,29,0.0,EMPRESA PRIVADA -SOCIEDADES / COMPANIAS,0,0,1,0,460.0,20,Secundaria,Mujer
0,0,38,6.8399982,EMPRESA PRIVADA -SOCIEDADES / COMPANIAS,0,0,0,1,468.0,52,Superior,Hombre
0,1,44,0.0,ENTIDADES PÚBLICAS DE EDUCACIÓN SUPERIOR,0,0,0,1,2010.0,17,Superior,Mujer
0,0,38,0.0,ORGANISMOS DEL REGIMEN SECCIONAL,0,0,1,0,675.0,17,Secundaria,Hombre
1,0,34,0.0,"FUNCION EJECUTIVA, LEGISL, JUDICIAL Y ORGANISMOS DEL ESTADO",0,0,0,1,986.0,29,Superior,Hombre
0,1,44,1.5833268,EMPRESA PRIVADA -SOCIEDADES / COMPANIAS,0,0,1,0,468.0,72,Secundaria,Mujer
1,0,28,2.9630342,EMPRESA PRIVADA -SOCIEDADES / COMPANIAS,0,0,1,0,460.0,28,Secundaria,Hombre
1,0,33,0.49576375,EMPRESA PRIVADA -SOCIEDADES / COMPANIAS,0,0,1,0,461.0,6,Secundaria,Hombre
1,0,24,0.64354324,EMPRESA PRIVADA -SOCIEDADES / COMPANIAS,0,0,1,0,486.0,3,Secundaria,Hombre
0,0,52,7.154472,EMPRESA PRIVADA -SOCIEDADES / COMPANIAS,0,1,0,0,859.0,105,Primaria,Hombre
1,0,45,25.498251,EMPRESA PRIVADA -SOCIEDADES / COMPANIAS,0,0,0,1,909.0,150,Superior,Hombre
0,1,45,2.0689137,EMPRESA PRIVADA -SOCIEDADES / COMPANIAS,0,1,0,0,460.0,11,Primaria,Mujer
0,0,37,0.0,"FUNCION EJECUTIVA, LEGISL, JUDICIAL Y ORGANISMOS DEL ESTADO",0,0,0,1,986.0,31,Superior,Hombre
0,1,40,0.0,"FUNCION EJECUTIVA, LEGISL, JUDICIAL Y ORGANISMOS DEL ESTADO",0,0,0,1,670.0,94,Superior,Mujer
0,0,36,0.0,COOP AHORRO  CRED. VIVIENDA ETC.CONTR SUPER  DE BANCOS,0,0,0,1,2000.0,87,Superior,Hombre
1,1,41,-8.072713,EMPRESA PRIVADA -SOCIEDADES / COMPANIAS,0,0,1,0,464.0,10,Secundaria,Mujer
1,0,35,-6.270031,EMPRESA PRIVADA -SOCIEDADES / COMPANIAS,0,0,0,1,468.0,10,Superior,Hombre
0,1,51,0.0,EMPRESA PRIVADA -SOCIEDADES / COMPANIAS,0,0,1,0,650.0,85,Secundaria,Mujer
0,1,59,0.0,"FUNCION EJECUTIVA, LEGISL, JUDICIAL Y ORGANISMOS DEL ESTADO",0,0,0,1,817.0,47,Superior,Mujer
0,0,53,0.2864773,EMPRESA PRIVADA -SOCIEDADES / COMPANIAS,0,0,1,0,460.0,17,Secundaria,Hombre
0,0,22,5.083276,EMPRESA PRIVADA -SOCIEDADES / COMPANIAS,0,0,1,0,470.0,16,Secundaria,Hombre
0,0,34,0.0,"FUNCION EJECUTIVA, LEGISL, JUDICIAL Y ORGANISMOS DEL ESTADO",0,0,0,1,986.0,105,Superior,Hombre
1,0,36,6.2644186,EMPRESA PRIVADA -SOCIEDADES / COMPANIAS,0,1,0,0,466.0,1,Primaria,Hombre
0,0,28,0.0,EMPLEADOR DOMESTICO,0,0,1,0,460.0,43,Secundaria,Hombre
0,0,25,1.6482445,EMPRESA PRIVADA -SOCIEDADES / COMPANIAS,0,0,0,1,575.0,28,Superior,Hombre
0,1,56,-0.44713998,EMPRESA PRIVADA -SOCIEDADES / COMPANIAS,0,1,0,0,461.0,136,Primaria,Mujer
1,0,43,4.0761447,EMPRESA PRIVADA -SOCIEDADES / COMPANIAS,0,1,0,0,671.0,171,Primaria,Hombre
0,1,42,0.0,ENTIDADES PUBLICAS CON AUTONOMIA,0,0,0,1,2229.0,114,Superior,Mujer
1,1,61,0.0,"FUNCION EJECUTIVA, LEGISL, JUDICIAL Y ORGANISMOS DEL ESTADO",0,0,0,1,1086.0,117,Superior,Mujer
1,0,55,2.7759445,EMPRESA PRIVADA -SOCIEDADES / COMPANIAS,0,0,1,0,478.0,0,Secundaria,Hombre
1,1,39,0.0,EMPRESA PRIVADA -SOCIEDADES / COMPANIAS,0,0,0,1,850.0,53,Superior,Mujer
0,1,46,0.0,"FUNCION EJECUTIVA, LEGISL, JUDICIAL Y ORGANISMOS DEL ESTADO",0,0,0,1,986.0,122,Superior,Mujer
0,1,30,0.0,EMPRESA PRIVADA -SOCIEDADES / COMPANIAS,0,0,0,1,1200.0,42,Superior,Mujer
1,0,20,8.587594,EMPRESA PRIVADA -SOCIEDADES / COMPANIAS,1,0,0,0,468.0,12,Sin Educación,Hombre
0,0,46,0.32052672,EMPRESA PRIVADA -SOCIEDADES / COMPANIAS,0,1,0,0,469.0,193,Primaria,Hombre
0,1,46,0.0,EMPLEADOR DOMESTICO,0,1,0,0,460.0,146,Primaria,Mujer
0,0,44,0.0,"FUNCION EJECUTIVA, LEGISL, JUDICIAL Y ORGANISMOS DEL ESTADO",0,0,0,1,1676.0,34,Superior,Hombre
1,1,36,4.562905,EMPRESA PRIVADA -SOCIEDADES / COMPANIAS,0,1,0,0,468.0,3,Primaria,Mujer
0,0,36,0.0,EMPRESA PRIVADA -SOCIEDADES / COMPANIAS,0,0,1,0,469.0,11,Secundaria,Hombre
0,0,43,0.0,ENTIDADES PUBLICAS CON AUTONOMIA,0,0,1,0,901.0,29,Secundaria,Hombre
1,1,43,0.0,EMPRESA PRIVADA -SOCIEDADES / COMPANIAS,0,0,0,1,550.0,26,Superior,Mujer
1,0,41,0.22322157,EMPRESA PRIVADA -SOCIEDADES / COMPANIAS,0,1,0,0,600.0,24,Primaria,Hombre
1,1,27,4.164076,EMPRESA PRIVADA -SOCIEDADES / COMPANIAS,0,0,1,0,465.0,9,Secundaria,Mujer
0,0,65,0.0,ENTIDADES PUBLICAS CON AUTONOMIA,0,0,0,1,2273.0,56,Superior,Hombre
0,1,47,8.537218,EMPRESA PRIVADA -SOCIEDADES / COMPANIAS,0,0,1,0,460.0,208,Secundaria,Mujer
1,1,20,-18.924696,EMPRESA PRIVADA -SOCIEDADES / COMPANIAS,0,0,0,1,460.0,2,Superior,Mujer
0,0,37,0.0,EMPRESA UNIPERSONAL /  PEQUEÑA INDUSTRIA,0,0,0,1,600.0,2,Superior,Hombre
1,0,24,0.5186367,EMPRESA PRIVADA -SOCIEDADES / COMPANIAS,0,0,1,0,465.0,7,Secundaria,Hombre
0,1,57,0.0,"FUNCION EJECUTIVA, LEGISL, JUDICIAL Y ORGANISMOS DEL ESTADO",0,0,0,1,2034.0,161,Superior,Mujer
1,1,24,0.0,"FUNCION EJECUTIVA, LEGISL, JUDICIAL Y ORGANISMOS DEL ESTADO",0,0,1,0,986.0,9,Secundaria,Mujer
0,0,32,0.0,COOPERA  NO CONTROLADAS POR LA SUPERINTENDENCIA  DE BANCOS,0,0,0,1,776.0,20,Superior,Hombre
0,1,26,0.0,COOP AHORRO  CRED. VIVIENDA ETC.CONTR SUPER  DE BANCOS,0,0,1,0,600.0,11,Secundaria,Mujer
0,1,23,0.0,EMPRESA PRIVADA -SOCIEDADES / COMPANIAS,0,1,0,0,471.0,9,Primaria,Mujer
0,1,49,0.0055219475,EMPRESA PRIVADA -SOCIEDADES / COMPANIAS,0,0,0,1,800.0,177,Superior,Mujer
1,0,39,12.534678,EMPRESA PRIVADA -SOCIEDADES / COMPANIAS,0,0,0,1,478.0,65,Superior,Hombre
0,0,54,0.0,"FUNCION EJECUTIVA, LEGISL, JUDICIAL Y ORGANISMOS DEL ESTADO",0,0,1,0,512.0,122,Secundaria,Hombre
1,1,23,14.997503,EMPRESA PRIVADA -SOCIEDADES / COMPANIAS,0,0,1,0,460.0,33,Secundaria,Mujer
0,1,54,0.0,"FUNCION EJECUTIVA, LEGISL, JUDICIAL Y ORGANISMOS DEL ESTADO",0,0,0,1,986.0,97,Superior,Mujer
1,1,22,0.0,EMPRESA PRIVADA -SOCIEDADES / COMPANIAS,0,0,1,0,700.0,7,Secundaria,Mujer
1,0,31,0.3991795,EMPRESA PRIVADA -SOCIEDADES / COMPANIAS,0,0,1,0,476.0,1,Secundaria,Hombre
1,1,25,0.0,"FUNCION EJECUTIVA, LEGISL, JUDICIAL Y ORGANISMOS DEL ESTADO",0,0,1,0,986.0,9,Secundaria,Mujer
1,0,34,0.0,ORGANISMOS DEL REGIMEN SECCIONAL,0,0,0,1,733.0,4,Superior,Hombre
1,1,33,0.0,"FUNCION EJECUTIVA, LEGISL, JUDICIAL Y ORGANISMOS DEL ESTADO",0,0,0,1,1086.0,14,Superior,Mujer
0,1,48,4.7230053,EMPRESA PRIVADA -SOCIEDADES / COMPANIAS,0,0,0,1,2538.0,196,Superior,Mujer
1,1,32,0.0,COOPERA  NO CONTROLADAS POR LA SUPERINTENDENCIA  DE BANCOS,0,0,0,1,735.0,10,Superior,Mujer
1,0,30,4.900374,EMPRESA PRIVADA -SOCIEDADES / COMPANIAS,0,0,1,0,460.0,45,Secundaria,Hombre
1,1,40,0.0,"FUNCION EJECUTIVA, LEGISL, JUDICIAL Y ORGANISMOS DEL ESTADO",0,0,0,1,1412.0,47,Superior,Mujer
0,0,54,4.7230053,EMPRESA PRIVADA -SOCIEDADES / COMPANIAS,0,0,1,0,2627.0,207,Secundaria,Hombre
0,0,52,7.5852656,EMPRESA PRIVADA -SOCIEDADES / COMPANIAS,0,0,0,1,3430.0,237,Superior,Hombre
1,0,42,0.5522988,EMPRESA PRIVADA -SOCIEDADES / COMPANIAS,0,0,1,0,468.0,2,Secundaria,Hombre
0,0,38,-2.8555894,EMPRESA PRIVADA -SOCIEDADES / COMPANIAS,0,1,0,0,460.0,38,Primaria,Hombre
1,1,69,0.0,EMPRESA PRIVADA -SOCIEDADES / COMPANIAS,0,0,0,1,500.0,42,Superior,Mujer
1,1,60,0.0,ENTIDADES PUBLICAS CON AUTONOMIA,0,0,1,0,1295.0,235,Secundaria,Mujer
0,0,30,0.0,EMPLEADOR DOMESTICO,0,0,1,0,460.0,131,Secundaria,Hombre
0,1,29,0.0,ORGANISMOS DEL REGIMEN SECCIONAL,0,0,0,1,3000.0,13,Superior,Mujer
1,0,25,0.0,EMPRESA PRIVADA -SOCIEDADES / COMPANIAS,0,0,1,0,460.0,1,Secundaria,Hombre
1,0,34,1.1086665,EMPRESA PRIVADA -SOCIEDADES / COMPANIAS,0,0,1,0,465.0,9,Secundaria,Hombre
1,0,64,0.0,ORGANISMOS DEL REGIMEN SECCIONAL,0,0,0,1,2050.0,35,Superior,Hombre
0,0,33,0.0,"FUNCION EJECUTIVA, LEGISL, JUDICIAL Y ORGANISMOS DEL ESTADO",0,0,1,0,551.0,18,Secundaria,Hombre
1,1,52,0.0,EMPRESA PRIVADA -SOCIEDADES / COMPANIAS,0,0,1,0,733.0,5,Secundaria,Mujer
1,0,24,4.7230053,EMPRESA PRIVADA -SOCIEDADES / COMPANIAS,0,0,1,0,495.0,9,Secundaria,Hombre
1,0,34,0.35376438,EMPRESA PRIVADA -SOCIEDADES / COMPANIAS,0,0,1,0,465.0,13,Secundaria,Hombre
0,0,36,2.9485147,EMPRESA PRIVADA -SOCIEDADES / COMPANIAS,0,1,0,0,465.0,6,Primaria,Hombre
1,0,46,6.51712,EMPRESA PRIVADA -SOCIEDADES / COMPANIAS,0,0,1,0,471.0,0,Secundaria,Hombre
0,0,33,0.43202326,EMPRESA PRIVADA -SOCIEDADES / COMPANIAS,0,0,1,0,471.0,3,Secundaria,Hombre
1,1,24,1.7731609,EMPRESA PRIVADA -SOCIEDADES / COMPANIAS,0,0,1,0,460.0,0,Secundaria,Mujer
1,1,33,0.0,EMPLEADOR DOMESTICO,0,0,0,1,500.0,166,Superior,Mujer
1,1,26,12.646478,EMPRESA PRIVADA -SOCIEDADES / COMPANIAS,0,0,0,1,600.0,24,Superior,Mujer
1,1,26,0.0,EMPRESA UNIPERSONAL /  PEQUEÑA INDUSTRIA,0,0,1,0,460.0,8,Secundaria,Mujer
1,1,50,0.0,ORGANISMOS DEL REGIMEN SECCIONAL,0,0,0,1,500.0,4,Superior,Mujer
0,0,38,-18.924696,EMPRESA PRIVADA -SOCIEDADES / COMPANIAS,0,0,1,0,465.0,1,Secundaria,Hombre
1,0,51,-8.710829,EMPRESA PRIVADA -SOCIEDADES / COMPANIAS,0,0,0,1,1919.0,219,Superior,Hombre
0,1,37,0.0,"FUNCION EJECUTIVA, LEGISL, JUDICIAL Y ORGANISMOS DEL ESTADO",0,0,0,1,817.0,109,Superior,Mujer
0,1,29,0.0,EMPRESA PRIVADA -SOCIEDADES / COMPANIAS,0,0,0,1,500.0,122,Superior,Mujer
0,0,44,0.0,ORGANISMOS DEL REGIMEN SECCIONAL,0,1,0,0,738.0,167,Primaria,Hombre
0,0,47,0.0,EMPRESA UNIPERSONAL /  PEQUEÑA INDUSTRIA,0,0,0,1,873.0,41,Superior,Hombre
1,0,33,0.0,MICRO EMPRESA (NO ARTESANAL),0,1,0,0,465.0,26,Primaria,Hombre
0,1,50,-1.2833145,EMPRESA PRIVADA -SOCIEDADES / COMPANIAS,0,0,0,1,1000.0,243,Superior,Mujer
0,0,61,0.0,ENTIDADES PUBLICAS CON AUTONOMIA,0,0,0,1,1206.0,0,Superior,Hombre
0,0,30,5.777099,EMPRESA PRIVADA -SOCIEDADES / COMPANIAS,0,0,1,0,1012.0,2,Secundaria,Hombre
1,0,46,0.0,ORGANISMOS DEL REGIMEN SECCIONAL,0,0,1,0,817.0,9,Secundaria,Hombre
0,1,32,0.0,EMPRESA PRIVADA -SOCIEDADES / COMPANIAS,0,0,0,1,825.0,22,Superior,Mujer
1,0,38,2.7218115,EMPRESA PRIVADA -SOCIEDADES / COMPANIAS,0,0,1,0,473.0,88,Secundaria,Hombre
0,1,53,0.0,ORGANISMOS DEL REGIMEN SECCIONAL,0,0,0,1,1200.0,41,Superior,Mujer
0,0,47,0.0,"FUNCION EJECUTIVA, LEGISL, JUDICIAL Y ORGANISMOS DEL ESTADO",0,0,0,1,1212.0,123,Superior,Hombre
0,0,25,15.702948,EMPRESA PRIVADA -SOCIEDADES / COMPANIAS,0,0,1,0,460.0,27,Secundaria,Hombre
0,1,24,8.946813,EMPRESA UNIPERSONAL /  PEQUEÑA INDUSTRIA,0,0,1,0,460.0,0,Secundaria,Mujer
1,0,22,0.0,EMPRESA PRIVADA -SOCIEDADES / COMPANIAS,0,0,0,1,460.0,4,Superior,Hombre
1,0,27,28.602795,EMPRESA PRIVADA -SOCIEDADES / COMPANIAS,0,0,1,0,460.0,0,Secundaria,Hombre
1,1,39,0.0,EMPLEADOR DOMESTICO,0,0,1,0,460.0,26,Secundaria,Mujer
1,0,51,6.4165173,EMPRESA PRIVADA -SOCIEDADES / COMPANIAS,0,0,0,1,700.0,50,Superior,Hombre
1,0,49,3.526967,EMPRESA PRIVADA -SOCIEDADES / COMPANIAS,0,0,1,0,540.0,1,Secundaria,Hombre
1,1,42,-1.0723019,EMPRESA PRIVADA -SOCIEDADES / COMPANIAS,0,0,1,0,471.0,44,Secundaria,Mujer
1,1,33,0.0,ORGANISMOS DEL REGIMEN SECCIONAL,0,0,1,0,733.0,12,Secundaria,Mujer
0,1,31,4.3641915,EMPRESA PRIVADA -SOCIEDADES / COMPANIAS,0,0,0,1,474.0,46,Superior,Mujer
1,0,24,0.0,EMPRESA PRIVADA -SOCIEDADES / COMPANIAS,0,0,1,0,465.0,6,Secundaria,Hombre
0,0,21,7.7103257,EMPRESA PRIVADA -SOCIEDADES / COMPANIAS,0,0,1,0,469.0,21,Secundaria,Hombre
1,1,34,12.758162,EMPRESA PRIVADA -SOCIEDADES / COMPANIAS,1,0,0,0,460.0,7,Sin Educación,Mujer
0,0,46,0.0,"FUNCION EJECUTIVA, LEGISL, JUDICIAL Y ORGANISMOS DEL ESTADO",0,0,0,1,817.0,95,Superior,Hombre
1,1,49,0.0,EMPRESA UNIPERSONAL /  PEQUEÑA INDUSTRIA,0,0,1,0,460.0,0,Secundaria,Mujer
1,0,25,11.185535,EMPRESA PRIVADA -SOCIEDADES / COMPANIAS,0,0,0,1,1550.0,33,Superior,Hombre
0,1,41,0.0,EMPLEADOR DOMESTICO,0,1,0,0,460.0,68,Primaria,Mujer
0,0,56,0.0,ENTIDADES PUBLICAS CON AUTONOMIA,0,0,0,1,1901.0,54,Superior,Hombre
0,0,44,14.404059,EMPRESA PRIVADA -SOCIEDADES / COMPANIAS,0,0,1,0,707.0,9,Secundaria,Hombre
1,1,23,0.0,EMPRESA UNIPERSONAL /  PEQUEÑA INDUSTRIA,0,0,1,0,460.0,2,Secundaria,Mujer
0,0,34,13.505787,EMPRESA PRIVADA -SOCIEDADES / COMPANIAS,0,0,0,1,1322.0,9,Superior,Hombre
0,0,42,0.29060727,EMPRESA PRIVADA -SOCIEDADES / COMPANIAS,0,1,0,0,471.0,27,Primaria,Hombre
0,1,31,2.7171566,EMPRESA PRIVADA -SOCIEDADES / COMPANIAS,0,0,0,1,1197.0,28,Superior,Mujer
1,0,29,28.602795,EMPRESA PRIVADA -SOCIEDADES / COMPANIAS,0,0,1,0,480.0,22,Secundaria,Hombre
0,0,41,28.222034,EMPRESA PRIVADA -SOCIEDADES / COMPANIAS,0,0,0,1,1800.0,64,Superior,Hombre
0,1,32,3.6567068,EMPRESA PRIVADA -SOCIEDADES / COMPANIAS,0,0,1,0,475.0,83,Secundaria,Mujer
1,1,33,5.7175198,EMPRESA PRIVADA -SOCIEDADES / COMPANIAS,0,1,0,0,468.0,3,Primaria,Mujer
0,0,27,0.92796016,EMPRESA PRIVADA -SOCIEDADES / COMPANIAS,0,0,1,0,841.0,61,Secundaria,Hombre
1,0,34,0.0,ORGANISMOS DEL REGIMEN SECCIONAL,0,0,1,0,460.0,10,Secundaria,Hombre
0,0,33,0.0,ENTIDADES PUBLICAS CON AUTONOMIA,0,0,0,1,1676.0,27,Superior,Hombre
0,0,32,3.7191427,EMPRESA PRIVADA -SOCIEDADES / COMPANIAS,0,0,1,0,875.0,135,Secundaria,Hombre
1,0,40,0.8692998,EMPRESA PRIVADA -SOCIEDADES / COMPANIAS,0,0,1,0,471.0,0,Secundaria,Hombre
1,0,21,10.501431,EMPRESA PRIVADA -SOCIEDADES / COMPANIAS,0,0,1,0,468.0,21,Secundaria,Hombre
0,0,31,0.0,"FUNCION EJECUTIVA, LEGISL, JUDICIAL Y ORGANISMOS DEL ESTADO",0,0,0,1,817.0,12,Superior,Hombre
0,0,39,9.801656,EMPRESA PRIVADA -SOCIEDADES / COMPANIAS,0,0,1,0,955.0,93,Secundaria,Hombre
1,0,30,17.90411,EMPRESA PRIVADA -SOCIEDADES / COMPANIAS,0,0,1,0,460.0,108,Secundaria,Hombre
1,1,32,0.0,"FUNCION EJECUTIVA, LEGISL, JUDICIAL Y ORGANISMOS DEL ESTADO",0,0,0,1,901.0,9,Superior,Mujer
1,0,32,2.647636,EMPRESA PRIVADA -SOCIEDADES / COMPANIAS,0,0,1,0,600.0,156,Secundaria,Hombre
0,0,39,16.242943,EMPRESA PRIVADA -SOCIEDADES / COMPANIAS,0,0,1,0,600.0,17,Secundaria,Hombre
1,0,21,5.4873505,EMPRESA PRIVADA -SOCIEDADES / COMPANIAS,0,0,1,0,468.0,9,Secundaria,Hombre
0,1,39,0.0,"FUNCION EJECUTIVA, LEGISL, JUDICIAL Y ORGANISMOS DEL ESTADO",0,0,0,1,585.0,125,Superior,Mujer
0,0,35,0.0,ORGANISMOS DEL REGIMEN SECCIONAL,0,0,0,1,1086.0,9,Superior,Hombre
1,0,30,0.0,EMPRESA UNIPERSONAL /  PEQUEÑA INDUSTRIA,0,1,0,0,460.0,13,Primaria,Hombre
1,0,33,0.0,ORGANISMOS DEL REGIMEN SECCIONAL,0,0,0,1,733.0,29,Superior,Hombre
0,1,34,0.0,"FUNCION EJECUTIVA, LEGISL, JUDICIAL Y ORGANISMOS DEL ESTADO",0,0,0,1,817.0,95,Superior,Mujer
0,0,31,0.0,COOPERA  NO CONTROLADAS POR LA SUPERINTENDENCIA  DE BANCOS,0,0,1,0,620.0,48,Secundaria,Hombre
1,0,28,0.0,EMPRESA PRIVADA -SOCIEDADES / COMPANIAS,0,0,1,0,707.0,1,Secundaria,Hombre
0,0,42,0.0,"FUNCION EJECUTIVA, LEGISL, JUDICIAL Y ORGANISMOS DEL ESTADO",0,0,1,0,659.0,107,Secundaria,Hombre
1,1,27,0.0,"FUNCION EJECUTIVA, LEGISL, JUDICIAL Y ORGANISMOS DEL ESTADO",0,0,1,0,901.0,9,Secundaria,Mujer
1,0,34,1.0929993,EMPRESA PRIVADA -SOCIEDADES / COMPANIAS,0,0,1,0,500.0,1,Secundaria,Hombre
1,1,29,0.0,"FUNCION EJECUTIVA, LEGISL, JUDICIAL Y ORGANISMOS DEL ESTADO",0,0,0,1,1676.0,1,Superior,Mujer
1,0,38,0.0,"FUNCION EJECUTIVA, LEGISL, JUDICIAL Y ORGANISMOS DEL ESTADO",0,0,1,0,460.0,10,Secundaria,Hombre
1,0,37,0.0,EMPRESA PRIVADA -SOCIEDADES / COMPANIAS,0,0,1,0,460.0,67,Secundaria,Hombre
0,0,49,0.0,"FUNCION EJECUTIVA, LEGISL, JUDICIAL Y ORGANISMOS DEL ESTADO",0,0,0,1,663.0,128,Superior,Hombre
1,1,52,0.0,EMPRESA PRIVADA -SOCIEDADES / COMPANIAS,0,0,1,0,460.0,14,Secundaria,Mujer
1,1,32,-0.1840287,EMPRESA PRIVADA -SOCIEDADES / COMPANIAS,0,0,0,1,461.0,38,Superior,Mujer
0,0,48,7.7711782,EMPRESA PRIVADA -SOCIEDADES / COMPANIAS,0,0,1,0,465.0,17,Secundaria,Hombre
0,1,25,9.385033,EMPRESA PRIVADA -SOCIEDADES / COMPANIAS,0,0,1,0,460.0,16,Secundaria,Mujer
1,1,50,0.0,ORGANISMOS DEL REGIMEN SECCIONAL,0,0,1,0,460.0,2,Secundaria,Mujer
1,0,25,-15.500798,EMPRESA PRIVADA -SOCIEDADES / COMPANIAS,0,0,1,0,460.0,2,Secundaria,Hombre
1,1,20,1.5062809,EMPRESA PRIVADA -SOCIEDADES / COMPANIAS,0,0,0,1,460.0,1,Superior,Mujer
0,0,28,0.0,EMPRESA UNIPERSONAL /  PEQUEÑA INDUSTRIA,0,0,1,0,460.0,118,Secundaria,Hombre
1,0,43,4.767279,EMPRESA PRIVADA -SOCIEDADES / COMPANIAS,0,0,1,0,465.0,6,Secundaria,Hombre
1,1,24,0.2222094,EMPRESA PRIVADA -SOCIEDADES / COMPANIAS,0,0,1,0,460.0,3,Secundaria,Mujer
0,1,41,6.4434705,EMPRESA PRIVADA -SOCIEDADES / COMPANIAS,0,0,1,0,471.0,131,Secundaria,Mujer
1,0,24,5.4873505,EMPRESA PRIVADA -SOCIEDADES / COMPANIAS,0,0,1,0,466.0,1,Secundaria,Hombre
0,1,57,9.654553,EMPRESA PRIVADA -SOCIEDADES / COMPANIAS,0,0,0,1,3800.0,237,Superior,Mujer
1,1,22,4.4409547,EMPRESA PRIVADA -SOCIEDADES / COMPANIAS,0,0,1,0,463.0,21,Secundaria,Mujer
1,0,23,3.20061,EMPRESA PRIVADA -SOCIEDADES / COMPANIAS,0,1,0,0,466.0,1,Primaria,Hombre
0,1,38,0.0,"FUNCION EJECUTIVA, LEGISL, JUDICIAL Y ORGANISMOS DEL ESTADO",0,0,0,1,817.0,45,Superior,Mujer
1,0,43,8.087452,EMPRESA PRIVADA -SOCIEDADES / COMPANIAS,0,1,0,0,465.0,75,Primaria,Hombre
1,0,40,-4.9597635,EMPRESA PRIVADA -SOCIEDADES / COMPANIAS,0,0,0,1,500.0,1,Superior,Hombre
1,1,53,1.5416199,EMPRESA UNIPERSONAL /  PEQUEÑA INDUSTRIA,0,0,0,1,460.0,3,Superior,Mujer
1,0,34,0.0,"FUNCION EJECUTIVA, LEGISL, JUDICIAL Y ORGANISMOS DEL ESTADO",0,0,1,0,901.0,9,Secundaria,Hombre
1,0,41,-9.750415,EMPRESA PRIVADA -SOCIEDADES / COMPANIAS,0,0,1,0,2000.0,64,Secundaria,Hombre
0,0,38,7.397831,EMPRESA PRIVADA -SOCIEDADES / COMPANIAS,0,0,1,0,472.0,20,Secundaria,Hombre
0,0,30,2.6604576,EMPRESA PRIVADA -SOCIEDADES / COMPANIAS,0,0,1,0,465.0,59,Secundaria,Hombre
1,1,36,0.0,EMPRESA PRIVADA -SOCIEDADES / COMPANIAS,0,0,1,0,460.0,22,Secundaria,Mujer
0,0,49,-4.773846,EMPRESA PRIVADA -SOCIEDADES / COMPANIAS,0,0,1,0,466.0,12,Secundaria,Hombre
1,1,34,-2.8166,EMPRESA PRIVADA -SOCIEDADES / COMPANIAS,0,0,0,1,475.0,0,Superior,Mujer
1,1,20,3.155199,EMPRESA PRIVADA -SOCIEDADES / COMPANIAS,0,0,1,0,475.0,7,Secundaria,Mujer
1,0,44,2.2495065,EMPRESA PRIVADA -SOCIEDADES / COMPANIAS,0,1,0,0,460.0,197,Primaria,Hombre
1,1,58,0.0,EMPLEADOR DOMESTICO,0,1,0,0,460.0,134,Primaria,Mujer
0,0,36,0.0,EMPRESA PRIVADA -SOCIEDADES / COMPANIAS,0,0,0,1,471.0,77,Superior,Hombre
1,1,54,-0.025096867,EMPRESA PRIVADA -SOCIEDADES / COMPANIAS,1,0,0,0,461.0,25,Sin Educación,Mujer
1,1,25,0.0,"FUNCION EJECUTIVA, LEGISL, JUDICIAL Y ORGANISMOS DEL ESTADO",0,0,1,0,585.0,2,Secundaria,Mujer
0,1,38,-3.7401857,EMPRESA PRIVADA -SOCIEDADES / COMPANIAS,0,0,1,0,780.0,8,Secundaria,Mujer
0,1,32,1.0002412,EMPRESA PRIVADA -SOCIEDADES / COMPANIAS,0,0,0,1,675.0,26,Superior,Mujer
1,1,27,7.1504965,EMPRESA PRIVADA -SOCIEDADES / COMPANIAS,0,0,0,1,472.0,1,Superior,Mujer
0,0,39,0.156274,EMPRESA PRIVADA -SOCIEDADES / COMPANIAS,0,1,0,0,468.0,137,Primaria,Hombre
0,0,56,0.0,ORGANISMOS DEL REGIMEN SECCIONAL,0,0,1,0,708.0,202,Secundaria,Hombre
1,1,45,0.0,EMPRESA PRIVADA -SOCIEDADES / COMPANIAS,0,0,0,1,2692.0,33,Superior,Mujer
1,1,34,-10.300123,EMPRESA PRIVADA -SOCIEDADES / COMPANIAS,0,0,1,0,810.0,36,Secundaria,Mujer
0,0,34,5.433986,EMPRESA PRIVADA -SOCIEDADES / COMPANIAS,0,0,1,0,465.0,4,Secundaria,Hombre
0,1,41,0.055289343,EMPRESA PRIVADA -SOCIEDADES / COMPANIAS,0,0,1,0,472.0,14,Secundaria,Mujer
0,1,32,0.0,"FUNCION EJECUTIVA, LEGISL, JUDICIAL Y ORGANISMOS DEL ESTADO",0,0,0,1,675.0,33,Superior,Mujer
1,0,37,0.0,ORGANISMOS DEL REGIMEN SECCIONAL,0,0,0,1,817.0,46,Superior,Hombre
0,1,26,1.1672761,EMPRESA PRIVADA -SOCIEDADES / COMPANIAS,0,0,0,1,800.0,28,Superior,Mujer
1,1,44,0.0,EMPRESA UNIPERSONAL /  PEQUEÑA INDUSTRIA,0,0,1,0,500.0,1,Secundaria,Mujer
1,0,43,0.0,EMPRESA PRIVADA -SOCIEDADES / COMPANIAS,0,0,0,1,1000.0,67,Superior,Hombre
1,0,38,0.0,CONSTRUCCION,0,0,1,0,630.0,59,Secundaria,Hombre
1,1,30,4.82127,EMPRESA PRIVADA -SOCIEDADES / COMPANIAS,0,0,1,0,472.0,0,Secundaria,Mujer
0,1,35,1.5833268,EMPRESA PRIVADA -SOCIEDADES / COMPANIAS,0,1,0,0,468.0,0,Primaria,Mujer
0,1,43,0.6454312,EMPRESA PRIVADA -SOCIEDADES / COMPANIAS,0,0,1,0,686.0,0,Secundaria,Mujer
1,0,23,0.9069755,EMPRESA PRIVADA -SOCIEDADES / COMPANIAS,0,1,0,0,610.0,27,Primaria,Hombre
1,0,19,0.0,EMPRESA PRIVADA -SOCIEDADES / COMPANIAS,0,1,0,0,460.0,8,Primaria,Hombre
1,0,21,0.26422143,EMPRESA PRIVADA -SOCIEDADES / COMPANIAS,0,1,0,0,466.0,0,Primaria,Hombre
1,0,32,0.0,"FUNCION EJECUTIVA, LEGISL, JUDICIAL Y ORGANISMOS DEL ESTADO",0,0,0,1,1212.0,5,Superior,Hombre
0,1,38,0.0,EMPRESA PRIVADA -SOCIEDADES / COMPANIAS,0,0,0,1,549.0,21,Superior,Mujer
1,0,35,2.7162888,EMPRESA PRIVADA -SOCIEDADES / COMPANIAS,0,0,1,0,475.0,85,Secundaria,Hombre
0,1,53,0.0,EMPRESA PRIVADA -SOCIEDADES / COMPANIAS,0,0,0,1,840.0,157,Superior,Mujer
1,1,37,0.019192373,EMPRESA PRIVADA -SOCIEDADES / COMPANIAS,0,0,0,1,600.0,1,Superior,Mujer
1,1,35,0.0,ENTIDADES PÚBLICAS DE EDUCACIÓN SUPERIOR,0,0,0,1,733.0,18,Superior,Mujer
1,0,37,0.32052672,EMPRESA PRIVADA -SOCIEDADES / COMPANIAS,0,1,0,0,469.0,1,Primaria,Hombre
1,0,46,0.0,ORGANISMOS DEL REGIMEN SECCIONAL,0,0,0,1,1300.0,1,Superior,Hombre
0,1,63,0.0,"FUNCION EJECUTIVA, LEGISL, JUDICIAL Y ORGANISMOS DEL ESTADO",0,0,0,1,1212.0,123,Superior,Mujer
0,0,48,1.3992883,EMPRESA PRIVADA -SOCIEDADES / COMPANIAS,0,0,1,0,707.0,72,Secundaria,Hombre
1,0,27,3.8465781,EMPRESA PRIVADA -SOCIEDADES / COMPANIAS,0,0,1,0,465.0,22,Secundaria,Hombre
1,1,29,3.5281188,EMPRESA PRIVADA -SOCIEDADES / COMPANIAS,0,0,0,1,1000.0,5,Superior,Mujer
0,0,41,5.359846,EMPRESA PRIVADA -SOCIEDADES / COMPANIAS,0,0,1,0,520.0,11,Secundaria,Hombre
0,1,53,3.8567166,EMPRESA PRIVADA -SOCIEDADES / COMPANIAS,0,0,1,0,6000.0,233,Secundaria,Mujer
1,0,28,0.0,EMPRESA PRIVADA -SOCIEDADES / COMPANIAS,0,0,0,1,468.0,4,Superior,Hombre
0,1,50,0.0386354,EMPRESA PRIVADA -SOCIEDADES / COMPANIAS,0,0,0,1,1804.0,27,Superior,Mujer
1,0,41,-14.159235,EMPRESA PRIVADA -SOCIEDADES / COMPANIAS,0,1,0,0,470.0,55,Primaria,Hombre
0,0,49,0.0,ORGANISMOS DEL REGIMEN SECCIONAL,0,0,1,0,775.0,149,Secundaria,Hombre
1,1,37,-1.1308028,EMPRESA PRIVADA -SOCIEDADES / COMPANIAS,0,0,1,0,465.0,111,Secundaria,Mujer
1,1,52,0.0,EMPRESA PRIVADA -SOCIEDADES / COMPANIAS,0,0,0,1,468.0,33,Superior,Mujer
0,1,45,0.92796016,EMPRESA PRIVADA -SOCIEDADES / COMPANIAS,0,0,1,0,1281.0,81,Secundaria,Mujer
0,0,33,1.8999541,EMPRESA PRIVADA -SOCIEDADES / COMPANIAS,0,0,1,0,468.0,12,Secundaria,Hombre
1,1,36,-5.418004,EMPRESA PRIVADA -SOCIEDADES / COMPANIAS,0,0,0,1,754.0,205,Superior,Mujer
0,1,29,0.0,EMPLEADOR DOMESTICO,0,0,0,1,460.0,131,Superior,Mujer
0,1,26,0.0,"FUNCION EJECUTIVA, LEGISL, JUDICIAL Y ORGANISMOS DEL ESTADO",0,0,1,0,591.0,1,Secundaria,Mujer
1,0,25,28.602795,EMPRESA PRIVADA -SOCIEDADES / COMPANIAS,0,0,0,1,460.0,6,Superior,Hombre
1,0,42,5.4873505,EMPRESA PRIVADA -SOCIEDADES / COMPANIAS,0,0,1,0,900.0,0,Secundaria,Hombre
1,0,24,8.08956,EMPRESA UNIPERSONAL /  PEQUEÑA INDUSTRIA,0,0,1,0,460.0,2,Secundaria,Hombre
0,0,48,12.377921,EMPRESA PRIVADA -SOCIEDADES / COMPANIAS,0,1,0,0,469.0,32,Primaria,Hombre
1,1,57,0.8897962,EMPRESA PRIVADA -SOCIEDADES / COMPANIAS,0,0,1,0,460.0,34,Secundaria,Mujer
1,1,47,0.0,EMPRESA UNIPERSONAL /  PEQUEÑA INDUSTRIA,0,0,0,1,471.0,111,Superior,Mujer
0,0,29,8.85678,EMPRESA PRIVADA -SOCIEDADES / COMPANIAS,0,0,1,0,1000.0,26,Secundaria,Hombre
0,0,40,0.0,ORGANISMOS DEL REGIMEN SECCIONAL,0,0,1,0,773.0,64,Secundaria,Hombre
0,0,46,1.1684839,EMPRESA PRIVADA -SOCIEDADES / COMPANIAS,0,1,0,0,793.0,178,Primaria,Hombre
1,0,27,5.550166,EMPRESA PRIVADA -SOCIEDADES / COMPANIAS,0,0,1,0,464.0,2,Secundaria,Hombre
1,0,56,0.24374698,EMPRESA PRIVADA -SOCIEDADES / COMPANIAS,0,0,1,0,476.0,0,Secundaria,Hombre
1,1,26,1.2887322,EMPRESA PRIVADA -SOCIEDADES / COMPANIAS,0,0,0,1,800.0,11,Superior,Mujer
0,0,29,1.3464433,EMPRESA PRIVADA -SOCIEDADES / COMPANIAS,0,0,1,0,500.0,28,Secundaria,Hombre
1,1,43,0.0,EMPRESA PRIVADA -SOCIEDADES / COMPANIAS,1,0,0,0,460.0,17,Sin Educación,Mujer
1,1,22,2.8255281,EMPRESA PRIVADA -SOCIEDADES / COMPANIAS,0,0,1,0,230.0,7,Secundaria,Mujer
1,1,34,9.558799,EMPRESA PRIVADA -SOCIEDADES / COMPANIAS,0,0,1,0,460.0,60,Secundaria,Mujer
1,0,35,0.0,ENTIDADES FINANCIERAS,0,0,0,1,1212.0,83,Superior,Hombre
1,1,23,0.0,EMPRESA PRIVADA -SOCIEDADES / COMPANIAS,0,0,0,1,558.0,25,Superior,Mujer
1,0,29,0.0,EMPRESA UNIPERSONAL /  PEQUEÑA INDUSTRIA,0,0,1,0,460.0,14,Secundaria,Hombre
0,1,35,0.0,ORGANISMOS DEL REGIMEN SECCIONAL,0,0,1,0,460.0,59,Secundaria,Mujer
1,0,22,0.0,EMPRESA PRIVADA -SOCIEDADES / COMPANIAS,0,0,1,0,460.0,5,Secundaria,Hombre
1,1,38,0.0,EMPRESA PRIVADA -SOCIEDADES / COMPANIAS,0,1,0,0,465.0,0,Primaria,Mujer
0,0,31,2.5653272,EMPRESA PRIVADA -SOCIEDADES / COMPANIAS,0,1,0,0,468.0,16,Primaria,Hombre
0,0,30,5.140839,EMPRESA PRIVADA -SOCIEDADES / COMPANIAS,0,0,1,0,468.0,18,Secundaria,Hombre
0,1,63,0.0,CONSTRUCCION,0,0,0,1,940.0,160,Superior,Mujer
1,0,37,0.0,EMPRESA UNIPERSONAL /  PEQUEÑA INDUSTRIA,0,0,1,0,460.0,12,Secundaria,Hombre
1,0,35,0.0,MICRO EMPRESA (NO ARTESANAL),0,0,1,0,460.0,32,Secundaria,Hombre
1,0,18,0.0,EMPRESA PRIVADA -SOCIEDADES / COMPANIAS,0,0,1,0,460.0,1,Secundaria,Hombre
1,1,28,0.0,EMPRESA UNIPERSONAL /  PEQUEÑA INDUSTRIA,0,0,0,1,468.0,30,Superior,Mujer
0,1,33,1.3378813,EMPRESA PRIVADA -SOCIEDADES / COMPANIAS,0,0,0,1,799.0,69,Superior,Mujer
1,1,23,2.5653272,EMPRESA PRIVADA -SOCIEDADES / COMPANIAS,0,0,1,0,433.0,21,Secundaria,Mujer
0,0,67,0.0,ENTIDADES PÚBLICAS DE EDUCACIÓN SUPERIOR,0,1,0,0,561.0,125,Primaria,Hombre
0,0,49,0.0,ORGANISMOS DEL REGIMEN SECCIONAL,0,1,0,0,561.0,115,Primaria,Hombre
0,0,56,0.0,EMPRESA UNIPERSONAL /  PEQUEÑA INDUSTRIA,0,1,0,0,460.0,65,Primaria,Hombre
0,1,42,0.0,ORGANISMOS DEL REGIMEN SECCIONAL,0,0,0,1,1086.0,65,Superior,Mujer
0,0,43,0.0,ORGANISMOS DEL REGIMEN SECCIONAL,0,0,1,0,738.0,119,Secundaria,Hombre
0,0,48,3.2423081,EMPRESA PRIVADA -SOCIEDADES / COMPANIAS,0,1,0,0,478.0,23,Primaria,Hombre
1,0,38,0.0,EMPRESA UNIPERSONAL /  PEQUEÑA INDUSTRIA,0,0,1,0,460.0,80,Secundaria,Hombre
0,0,65,-8.273156,CONSTRUCCION,0,0,1,0,460.0,108,Secundaria,Hombre
0,0,35,1.7585343,EMPRESA PRIVADA -SOCIEDADES / COMPANIAS,0,1,0,0,990.0,76,Primaria,Hombre
1,0,46,2.4380639,EMPRESA PRIVADA -SOCIEDADES / COMPANIAS,0,1,0,0,473.0,0,Primaria,Hombre
1,0,28,3.0626278,EMPRESA PRIVADA -SOCIEDADES / COMPANIAS,0,0,1,0,468.0,1,Secundaria,Hombre
0,0,34,0.0,EMPRESA PRIVADA -SOCIEDADES / COMPANIAS,0,0,0,1,745.0,0,Superior,Hombre
0,0,32,7.8724627,EMPRESA PRIVADA -SOCIEDADES / COMPANIAS,0,0,1,0,465.0,6,Secundaria,Hombre
1,0,26,0.41936228,EMPRESA PRIVADA -SOCIEDADES / COMPANIAS,0,1,0,0,461.0,20,Primaria,Hombre
1,1,46,1.5833268,EMPRESA PRIVADA -SOCIEDADES / COMPANIAS,0,0,1,0,468.0,15,Secundaria,Mujer
0,0,28,0.0,EMPRESA UNIPERSONAL /  PEQUEÑA INDUSTRIA,0,1,0,0,461.0,29,Primaria,Hombre
1,1,35,13.375576,EMPRESA PRIVADA -SOCIEDADES / COMPANIAS,0,0,0,1,460.0,3,Superior,Mujer
1,1,43,0.0,EMPRESA PRIVADA -SOCIEDADES / COMPANIAS,0,1,0,0,460.0,41,Primaria,Mujer
1,1,18,7.9935403,EMPRESA PRIVADA -SOCIEDADES / COMPANIAS,0,0,1,0,468.0,0,Secundaria,Mujer
0,0,60,0.0,EMPRESA UNIPERSONAL /  PEQUEÑA INDUSTRIA,0,0,0,1,460.0,131,Superior,Hombre
0,0,56,0.62718505,EMPRESA PRIVADA -SOCIEDADES / COMPANIAS,0,0,1,0,900.0,135,Secundaria,Hombre
0,1,37,0.0,"FUNCION EJECUTIVA, LEGISL, JUDICIAL Y ORGANISMOS DEL ESTADO",0,0,0,1,585.0,47,Superior,Mujer
1,0,58,0.0,COOPERA  NO CONTROLADAS POR LA SUPERINTENDENCIA  DE BANCOS,0,0,0,1,470.0,4,Superior,Hombre
1,1,28,6.589255,EMPRESA PRIVADA -SOCIEDADES / COMPANIAS,0,0,1,0,530.0,17,Secundaria,Mujer
1,1,19,3.7652354,EMPRESA PRIVADA -SOCIEDADES / COMPANIAS,0,0,1,0,637.0,1,Secundaria,Mujer
0,0,36,0.0,EMPRESA PRIVADA -SOCIEDADES / COMPANIAS,0,0,0,1,552.0,18,Superior,Hombre
1,0,23,0.0,EMPRESA PRIVADA -SOCIEDADES / COMPANIAS,0,0,1,0,465.0,0,Secundaria,Hombre
0,1,43,0.0,ORGANISMOS DEL REGIMEN SECCIONAL,0,0,0,1,630.0,29,Superior,Mujer
0,0,54,-18.924696,EMPRESA PRIVADA -SOCIEDADES / COMPANIAS,0,1,0,0,650.0,22,Primaria,Hombre
1,0,41,0.0,EMPRESA UNIPERSONAL /  PEQUEÑA INDUSTRIA,0,1,0,0,461.0,41,Primaria,Hombre
0,0,48,0.0,EMPRESA PRIVADA -SOCIEDADES / COMPANIAS,0,0,1,0,460.0,135,Secundaria,Hombre
1,0,58,0.0,EMPRESA PRIVADA -SOCIEDADES / COMPANIAS,0,0,1,0,466.0,18,Secundaria,Hombre
1,1,32,0.0,"FUNCION EJECUTIVA, LEGISL, JUDICIAL Y ORGANISMOS DEL ESTADO",0,0,0,1,1086.0,58,Superior,Mujer
1,0,32,0.0,EMPRESA PRIVADA -SOCIEDADES / COMPANIAS,0,1,0,0,500.0,56,Primaria,Hombre
0,1,34,0.0,"FUNCION EJECUTIVA, LEGISL, JUDICIAL Y ORGANISMOS DEL ESTADO",0,0,0,1,986.0,31,Superior,Mujer
0,1,37,0.0,"INSTITUCION FINANCIERA PRIVADA, BANCOS Y CIA DE SEGUROS",0,0,0,1,1061.0,193,Superior,Mujer
1,1,23,0.0,ENTIDADES PUBLICAS CON AUTONOMIA,0,0,0,1,540.0,9,Superior,Mujer
0,1,28,0.0,"INSTITUCION FINANCIERA PRIVADA, BANCOS Y CIA DE SEGUROS",0,0,0,1,900.0,36,Superior,Mujer
0,1,38,0.7028911,EMPRESA PRIVADA -SOCIEDADES / COMPANIAS,0,0,1,0,468.0,36,Secundaria,Mujer
1,1,34,0.0,EMPRESA PRIVADA -SOCIEDADES / COMPANIAS,0,1,0,0,460.0,46,Primaria,Mujer
1,1,24,6.171976,EMPRESA PRIVADA -SOCIEDADES / COMPANIAS,0,0,1,0,471.0,17,Secundaria,Mujer
1,0,49,0.0,EMPRESA UNIPERSONAL /  PEQUEÑA INDUSTRIA,0,0,1,0,707.0,83,Secundaria,Hombre
0,1,57,0.0,ORGANISMOS DEL REGIMEN SECCIONAL,0,0,1,0,561.0,77,Secundaria,Mujer
1,1,31,6.661103,EMPRESA PRIVADA -SOCIEDADES / COMPANIAS,1,0,0,0,500.0,23,Sin Educación,Mujer
1,1,66,0.0,EMPLEADOR DOMESTICO,0,1,0,0,460.0,124,Primaria,Mujer
1,0,46,0.1786498,EMPRESA PRIVADA -SOCIEDADES / COMPANIAS,0,0,1,0,1000.0,4,Secundaria,Hombre
0,0,65,0.0,ORGANISMOS DEL REGIMEN SECCIONAL,0,0,0,1,817.0,131,Superior,Hombre
0,0,50,0.27576706,EMPRESA PRIVADA -SOCIEDADES / COMPANIAS,0,1,0,0,460.0,14,Primaria,Hombre
0,0,27,0.37447417,EMPRESA PRIVADA -SOCIEDADES / COMPANIAS,0,1,0,0,460.0,16,Primaria,Hombre
0,1,32,0.0,ENTIDADES PÚBLICAS DE EDUCACIÓN SUPERIOR,0,0,0,1,1212.0,87,Superior,Mujer
1,0,63,3.8647654,EMPRESA PRIVADA -SOCIEDADES / COMPANIAS,0,0,1,0,573.0,153,Secundaria,Hombre
1,1,29,5.894393,EMPRESA PRIVADA -SOCIEDADES / COMPANIAS,0,0,0,1,460.0,0,Superior,Mujer
1,1,34,0.0,ORGANISMOS DEL REGIMEN SECCIONAL,0,0,1,0,675.0,2,Secundaria,Mujer
0,1,55,0.0,EMPRESA PRIVADA -SOCIEDADES / COMPANIAS,0,0,0,1,701.0,239,Superior,Mujer
1,1,30,5.1694007,EMPRESA PRIVADA -SOCIEDADES / COMPANIAS,0,0,1,0,465.0,24,Secundaria,Mujer
0,0,51,0.5891731,EMPRESA PRIVADA -SOCIEDADES / COMPANIAS,0,0,0,1,750.0,27,Superior,Hombre
1,0,21,-3.7401857,EMPRESA PRIVADA -SOCIEDADES / COMPANIAS,0,0,1,0,485.0,0,Secundaria,Hombre
0,1,33,-2.0053675,EMPRESA PRIVADA -SOCIEDADES / COMPANIAS,0,0,1,0,500.0,7,Secundaria,Mujer
1,0,29,3.7191427,EMPRESA PRIVADA -SOCIEDADES / COMPANIAS,0,0,1,0,471.0,34,Secundaria,Hombre
0,0,54,17.086908,EMPRESA PRIVADA -SOCIEDADES / COMPANIAS,0,1,0,0,780.0,172,Primaria,Hombre
1,0,24,16.123926,EMPRESA PRIVADA -SOCIEDADES / COMPANIAS,0,0,1,0,465.0,2,Secundaria,Hombre
1,1,61,0.0,EMPLEADOR DOMESTICO,0,1,0,0,460.0,104,Primaria,Mujer
1,1,27,1.1432724,EMPRESA PRIVADA -SOCIEDADES / COMPANIAS,0,0,1,0,460.0,8,Secundaria,Mujer
1,0,47,-18.924696,EMPRESA PRIVADA -SOCIEDADES / COMPANIAS,0,0,1,0,473.0,1,Secundaria,Hombre
0,1,43,6.5407863,EMPRESA PRIVADA -SOCIEDADES / COMPANIAS,1,0,0,0,1262.0,73,Sin Educación,Mujer
0,0,47,0.0,"FUNCION EJECUTIVA, LEGISL, JUDICIAL Y ORGANISMOS DEL ESTADO",0,0,0,1,675.0,84,Superior,Hombre
0,0,25,1.5184668,EMPRESA PRIVADA -SOCIEDADES / COMPANIAS,0,0,1,0,465.0,0,Secundaria,Hombre
0,0,25,0.0,ENTIDADES PUBLICAS CON AUTONOMIA,0,0,1,0,591.0,1,Secundaria,Hombre
0,0,37,4.3297443,EMPRESA PRIVADA -SOCIEDADES / COMPANIAS,0,0,1,0,460.0,130,Secundaria,Hombre
1,1,29,0.0,EMPRESA UNIPERSONAL /  PEQUEÑA INDUSTRIA,0,0,1,0,462.0,0,Secundaria,Mujer
1,0,54,0.0,CONSTRUCCION,0,0,0,1,600.0,18,Superior,Hombre
1,0,27,0.0,"FUNCION EJECUTIVA, LEGISL, JUDICIAL Y ORGANISMOS DEL ESTADO",0,0,0,1,986.0,5,Superior,Hombre
1,0,24,0.0,EMPRESA PRIVADA -SOCIEDADES / COMPANIAS,0,1,0,0,468.0,1,Primaria,Hombre
0,0,20,2.5534217,EMPRESA PRIVADA -SOCIEDADES / COMPANIAS,0,0,1,0,461.0,18,Secundaria,Hombre
0,1,25,4.82655,EMPRESA PRIVADA -SOCIEDADES / COMPANIAS,0,1,0,0,461.0,3,Primaria,Mujer
0,0,44,3.720945,EMPRESA PRIVADA -SOCIEDADES / COMPANIAS,0,0,1,0,475.0,20,Secundaria,Hombre
0,0,36,0.0,EMPRESA PRIVADA -SOCIEDADES / COMPANIAS,0,0,1,0,650.0,136,Secundaria,Hombre
0,0,43,0.0,ORGANISMOS DEL REGIMEN SECCIONAL,0,0,1,0,561.0,61,Secundaria,Hombre
1,0,54,2.3497365,EMPRESA PRIVADA -SOCIEDADES / COMPANIAS,0,0,1,0,656.0,193,Secundaria,Hombre
0,1,50,0.0,EMPRESA UNIPERSONAL /  PEQUEÑA INDUSTRIA,0,0,1,0,500.0,144,Secundaria,Mujer
1,1,45,8.44202,EMPRESA PRIVADA -SOCIEDADES / COMPANIAS,0,0,1,0,800.0,0,Secundaria,Mujer
0,1,42,0.27977875,EMPRESA PRIVADA -SOCIEDADES / COMPANIAS,0,1,0,0,461.0,88,Primaria,Mujer
1,1,20,19.640724,EMPRESA PRIVADA -SOCIEDADES / COMPANIAS,0,0,1,0,461.0,0,Secundaria,Mujer
1,1,28,3.1143558,EMPRESA PRIVADA -SOCIEDADES / COMPANIAS,0,0,1,0,471.0,3,Secundaria,Mujer
0,0,45,3.32758,EMPRESA PRIVADA -SOCIEDADES / COMPANIAS,0,0,1,0,465.0,105,Secundaria,Hombre
1,0,29,0.0,ENTIDADES PUBLICAS CON AUTONOMIA,0,0,0,1,986.0,11,Superior,Hombre
1,1,31,21.730028,EMPRESA PRIVADA -SOCIEDADES / COMPANIAS,0,0,0,1,460.0,10,Superior,Mujer
0,0,31,0.0,ENTIDADES PUBLICAS CON AUTONOMIA,0,0,0,1,901.0,29,Superior,Hombre
1,0,32,0.0,EMPRESA PRIVADA -SOCIEDADES / COMPANIAS,0,0,0,1,800.0,9,Superior,Hombre
0,0,31,2.5585132,EMPRESA PRIVADA -SOCIEDADES / COMPANIAS,0,0,1,0,476.0,34,Secundaria,Hombre
0,1,59,0.0,MICRO EMPRESA (NO ARTESANAL),0,0,1,0,462.0,109,Secundaria,Mujer
0,0,39,0.0,"FUNCION EJECUTIVA, LEGISL, JUDICIAL Y ORGANISMOS DEL ESTADO",0,0,0,1,1760.0,69,Superior,Hombre
1,0,23,-2.15851,EMPRESA PRIVADA -SOCIEDADES / COMPANIAS,0,0,0,1,460.0,1,Superior,Hombre
1,1,33,-8.7031145,EMPRESA PRIVADA -SOCIEDADES / COMPANIAS,0,0,0,1,700.0,27,Superior,Mujer
0,0,30,0.06978799,EMPRESA PRIVADA -SOCIEDADES / COMPANIAS,0,0,1,0,465.0,39,Secundaria,Hombre
1,0,47,0.90204453,EMPRESA PRIVADA -SOCIEDADES / COMPANIAS,0,1,0,0,479.0,1,Primaria,Hombre
1,0,35,2.5653272,EMPRESA PRIVADA -SOCIEDADES / COMPANIAS,0,0,1,0,468.0,31,Secundaria,Hombre
0,0,50,5.9601784,EMPRESA PRIVADA -SOCIEDADES / COMPANIAS,0,0,1,0,468.0,170,Secundaria,Hombre
0,1,37,0.0,EMPRESA PRIVADA -SOCIEDADES / COMPANIAS,0,0,0,1,2200.0,52,Superior,Mujer
1,1,35,14.648392,EMPRESA PRIVADA -SOCIEDADES / COMPANIAS,0,0,0,1,460.0,15,Superior,Mujer
0,0,35,9.39146,EMPRESA PRIVADA -SOCIEDADES / COMPANIAS,0,0,1,0,475.0,3,Secundaria,Hombre
0,1,46,0.0,"FUNCION EJECUTIVA, LEGISL, JUDICIAL Y ORGANISMOS DEL ESTADO",0,0,1,0,659.0,76,Secundaria,Mujer
1,1,24,0.0,"FUNCION EJECUTIVA, LEGISL, JUDICIAL Y ORGANISMOS DEL ESTADO",0,0,0,1,901.0,5,Superior,Mujer
0,0,35,0.5060664,EMPRESA PRIVADA -SOCIEDADES / COMPANIAS,0,0,0,1,1220.0,65,Superior,Hombre
0,0,20,2.912083,EMPRESA PRIVADA -SOCIEDADES / COMPANIAS,0,0,1,0,460.0,3,Secundaria,Hombre
1,0,30,-0.6272495,EMPRESA PRIVADA -SOCIEDADES / COMPANIAS,0,0,1,0,461.0,12,Secundaria,Hombre
1,1,25,3.7191427,EMPRESA PRIVADA -SOCIEDADES / COMPANIAS,0,0,1,0,471.0,13,Secundaria,Mujer
0,1,51,0.900727,EMPRESA PRIVADA -SOCIEDADES / COMPANIAS,0,0,1,0,1000.0,1,Secundaria,Mujer
1,1,19,-0.3665358,EMPRESA PRIVADA -SOCIEDADES / COMPANIAS,0,0,1,0,463.0,1,Secundaria,Mujer
1,1,67,0.0,"NOTARIAS, (LOS REGITRADORES  SON PÚBLICOS)",0,0,1,0,460.0,173,Secundaria,Mujer
1,1,23,0.0,EMPRESA PRIVADA -SOCIEDADES / COMPANIAS,0,0,0,1,750.0,1,Superior,Mujer
1,1,23,0.0,"FUNCION EJECUTIVA, LEGISL, JUDICIAL Y ORGANISMOS DEL ESTADO",0,1,0,0,986.0,5,Primaria,Mujer
1,0,30,0.0,EMPRESA UNIPERSONAL /  PEQUEÑA INDUSTRIA,0,0,0,1,600.0,15,Superior,Hombre
0,0,29,12.281746,EMPRESA PRIVADA -SOCIEDADES / COMPANIAS,0,1,0,0,487.0,28,Primaria,Hombre
0,0,23,3.9841437,EMPRESA PRIVADA -SOCIEDADES / COMPANIAS,0,0,0,1,850.0,5,Superior,Hombre
1,1,36,0.0,"FUNCION EJECUTIVA, LEGISL, JUDICIAL Y ORGANISMOS DEL ESTADO",0,0,0,1,817.0,47,Superior,Mujer
0,0,35,0.60150665,EMPRESA PRIVADA -SOCIEDADES / COMPANIAS,0,0,1,0,780.0,6,Secundaria,Hombre
1,0,36,4.8835545,EMPRESA PRIVADA -SOCIEDADES / COMPANIAS,0,1,0,0,461.0,8,Primaria,Hombre
0,0,61,1.3378813,EMPRESA PRIVADA -SOCIEDADES / COMPANIAS,0,1,0,0,460.0,70,Primaria,Hombre
1,0,41,13.496811,EMPRESA PRIVADA -SOCIEDADES / COMPANIAS,0,0,1,0,465.0,3,Secundaria,Hombre
0,0,36,0.30215776,EMPRESA PRIVADA -SOCIEDADES / COMPANIAS,0,1,0,0,460.0,17,Primaria,Hombre
1,0,23,3.7191427,EMPRESA PRIVADA -SOCIEDADES / COMPANIAS,0,0,1,0,471.0,36,Secundaria,Hombre
1,0,58,0.0,EMPRESA UNIPERSONAL /  PEQUEÑA INDUSTRIA,0,0,1,0,460.0,0,Secundaria,Hombre
1,1,45,-6.422043,EMPRESA PRIVADA -SOCIEDADES / COMPANIAS,1,0,0,0,461.0,3,Sin Educación,Mujer
1,1,37,0.0,EMPRESA UNIPERSONAL /  PEQUEÑA INDUSTRIA,0,1,0,0,460.0,1,Primaria,Mujer
1,0,32,-3.3758404,EMPRESA PRIVADA -SOCIEDADES / COMPANIAS,0,0,1,0,461.0,10,Secundaria,Hombre
1,1,47,0.0,ORGANISMOS DEL REGIMEN SECCIONAL,0,0,1,0,460.0,4,Secundaria,Mujer
0,1,48,0.0,"FUNCION EJECUTIVA, LEGISL, JUDICIAL Y ORGANISMOS DEL ESTADO",0,0,0,1,986.0,123,Superior,Mujer
0,0,37,0.0,ORGANISMOS DEL REGIMEN SECCIONAL,0,0,1,0,578.0,62,Secundaria,Hombre
1,1,31,-5.4185877,EMPRESA PRIVADA -SOCIEDADES / COMPANIAS,0,1,0,0,460.0,11,Primaria,Mujer
1,0,50,0.40521,EMPRESA PRIVADA -SOCIEDADES / COMPANIAS,0,0,1,0,1357.0,74,Secundaria,Hombre
0,1,36,0.27977875,EMPRESA PRIVADA -SOCIEDADES / COMPANIAS,0,1,0,0,461.0,140,Primaria,Mujer
1,0,25,0.0,ENTIDADES PUBLICAS CON AUTONOMIA,0,0,1,0,540.0,25,Secundaria,Hombre
1,1,29,6.892526,EMPRESA PRIVADA -SOCIEDADES / COMPANIAS,0,0,1,0,468.0,2,Secundaria,Mujer
0,0,28,0.0,EMPRESA UNIPERSONAL /  PEQUEÑA INDUSTRIA,0,1,0,0,460.0,24,Primaria,Hombre
0,0,32,14.165489,EMPRESA PRIVADA -SOCIEDADES / COMPANIAS,0,1,0,0,468.0,1,Primaria,Hombre
1,1,62,-6.0996532,EMPRESA PRIVADA -SOCIEDADES / COMPANIAS,0,1,0,0,465.0,118,Primaria,Mujer
1,0,27,-11.455029,EMPRESA PRIVADA -SOCIEDADES / COMPANIAS,0,0,0,1,600.0,19,Superior,Hombre
1,0,54,3.2674525,EMPRESA PRIVADA -SOCIEDADES / COMPANIAS,0,1,0,0,466.0,8,Primaria,Hombre
0,0,60,3.8361626,EMPRESA PRIVADA -SOCIEDADES / COMPANIAS,0,0,1,0,500.0,45,Secundaria,Hombre
1,1,60,0.0,"FUNCION EJECUTIVA, LEGISL, JUDICIAL Y ORGANISMOS DEL ESTADO",0,0,0,1,675.0,117,Superior,Mujer
1,0,67,0.0,"FUNCION EJECUTIVA, LEGISL, JUDICIAL Y ORGANISMOS DEL ESTADO",0,0,1,0,530.0,47,Secundaria,Hombre
0,0,39,0.36447945,EMPRESA PRIVADA -SOCIEDADES / COMPANIAS,0,1,0,0,460.0,127,Primaria,Hombre
0,0,31,0.4383912,EMPRESA PRIVADA -SOCIEDADES / COMPANIAS,0,0,0,1,461.0,12,Superior,Hombre
0,0,33,1.756804,EMPRESA PRIVADA -SOCIEDADES / COMPANIAS,0,0,1,0,564.0,33,Secundaria,Hombre
1,0,54,-6.550762,EMPRESA PRIVADA -SOCIEDADES / COMPANIAS,0,1,0,0,623.0,224,Primaria,Hombre
0,1,36,0.0,EMPRESA PRIVADA -SOCIEDADES / COMPANIAS,0,0,0,1,460.0,127,Superior,Mujer
1,0,73,0.0,EMPRESA UNIPERSONAL /  PEQUEÑA INDUSTRIA,0,0,0,1,465.0,56,Superior,Hombre
1,0,26,0.0,EMPRESA UNIPERSONAL /  PEQUEÑA INDUSTRIA,0,0,1,0,460.0,8,Secundaria,Hombre
1,1,31,28.602795,EMPRESA PRIVADA -SOCIEDADES / COMPANIAS,0,0,0,1,627.0,22,Superior,Mujer
1,1,30,4.364115,EMPRESA PRIVADA -SOCIEDADES / COMPANIAS,0,0,1,0,471.0,25,Secundaria,Mujer
0,0,25,1.5833268,EMPRESA PRIVADA -SOCIEDADES / COMPANIAS,0,1,0,0,460.0,21,Primaria,Hombre
1,0,45,0.0,ORGANISMOS DEL REGIMEN SECCIONAL,0,0,0,1,733.0,5,Superior,Hombre
1,0,23,1.5833268,EMPRESA PRIVADA -SOCIEDADES / COMPANIAS,0,0,1,0,468.0,0,Secundaria,Hombre
0,1,26,0.0,ENTIDADES PUBLICAS CON AUTONOMIA,0,0,0,1,862.0,12,Superior,Mujer
0,0,45,0.0,COOPERA  NO CONTROLADAS POR LA SUPERINTENDENCIA  DE BANCOS,0,0,0,1,1145.0,101,Superior,Hombre
1,1,46,0.0,ENTIDADES PÚBLICAS DE EDUCACIÓN SUPERIOR,0,0,0,1,1676.0,1,Superior,Mujer
1,0,33,0.08210938,EMPRESA PRIVADA -SOCIEDADES / COMPANIAS,0,1,0,0,460.0,87,Primaria,Hombre
0,1,49,0.0,"FUNCION EJECUTIVA, LEGISL, JUDICIAL Y ORGANISMOS DEL ESTADO",0,0,0,1,817.0,93,Superior,Mujer
1,0,19,0.0,EMPRESA UNIPERSONAL /  PEQUEÑA INDUSTRIA,0,0,0,1,460.0,10,Superior,Hombre
1,0,46,2.6647575,EMPRESA PRIVADA -SOCIEDADES / COMPANIAS,0,0,1,0,465.0,20,Secundaria,Hombre
0,0,40,0.0,"FUNCION EJECUTIVA, LEGISL, JUDICIAL Y ORGANISMOS DEL ESTADO",0,0,0,1,1086.0,128,Superior,Hombre
0,0,35,0.0,"FUNCION EJECUTIVA, LEGISL, JUDICIAL Y ORGANISMOS DEL ESTADO",0,0,0,1,2368.0,0,Superior,Hombre
1,1,53,0.0,EMPLEADOR DOMESTICO,0,0,1,0,460.0,0,Secundaria,Mujer
0,1,54,0.0,"FUNCION EJECUTIVA, LEGISL, JUDICIAL Y ORGANISMOS DEL ESTADO",0,0,1,0,1676.0,123,Secundaria,Mujer
0,1,43,0.0,ENTIDADES PUBLICAS CON AUTONOMIA,0,0,1,0,817.0,80,Secundaria,Mujer
0,1,27,5.4873505,EMPRESA PRIVADA -SOCIEDADES / COMPANIAS,0,1,0,0,468.0,12,Primaria,Mujer
1,1,23,0.0,"INSTITUCION FINANCIERA PRIVADA, BANCOS Y CIA DE SEGUROS",0,0,1,0,460.0,0,Secundaria,Mujer
1,0,27,4.3145146,EMPRESA PRIVADA -SOCIEDADES / COMPANIAS,0,0,1,0,460.0,5,Secundaria,Hombre
0,1,38,0.0,EMPLEADOR DOMESTICO,0,1,0,0,460.0,94,Primaria,Mujer
0,1,48,0.0,EMPRESA PRIVADA -SOCIEDADES / COMPANIAS,0,0,0,1,522.0,82,Superior,Mujer
0,1,25,8.141426,EMPRESA PRIVADA -SOCIEDADES / COMPANIAS,0,0,1,0,468.0,64,Secundaria,Mujer
1,0,29,0.0,"FUNCION EJECUTIVA, LEGISL, JUDICIAL Y ORGANISMOS DEL ESTADO",0,0,0,1,901.0,9,Superior,Hombre
0,0,22,2.8458757,EMPRESA PRIVADA -SOCIEDADES / COMPANIAS,0,0,1,0,465.0,8,Secundaria,Hombre
0,1,38,2.6088908,EMPRESA PRIVADA -SOCIEDADES / COMPANIAS,0,0,0,1,900.0,28,Superior,Mujer
1,1,32,7.42277,EMPRESA PRIVADA -SOCIEDADES / COMPANIAS,0,1,0,0,467.0,47,Primaria,Mujer
1,1,25,0.0,EMPRESA PRIVADA -SOCIEDADES / COMPANIAS,0,0,0,1,460.0,2,Superior,Mujer
1,0,34,0.0,EMPRESA PRIVADA -SOCIEDADES / COMPANIAS,0,0,1,0,500.0,11,Secundaria,Hombre
0,1,27,6.8325834,EMPRESA PRIVADA -SOCIEDADES / COMPANIAS,0,0,0,1,468.0,7,Superior,Mujer
1,0,32,0.0,EMPRESA PRIVADA -SOCIEDADES / COMPANIAS,0,0,0,1,460.0,0,Superior,Hombre
0,1,28,28.602795,EMPRESA PRIVADA -SOCIEDADES / COMPANIAS,0,0,1,0,468.0,99,Secundaria,Mujer
1,0,28,4.228128,EMPRESA PRIVADA -SOCIEDADES / COMPANIAS,0,0,0,1,460.0,5,Superior,Hombre
0,0,27,0.0,EMPRESA UNIPERSONAL /  PEQUEÑA INDUSTRIA,0,0,1,0,476.0,24,Secundaria,Hombre
0,0,59,0.0,EMPRESA UNIPERSONAL /  PEQUEÑA INDUSTRIA,0,1,0,0,683.0,13,Primaria,Hombre
1,1,34,1.7183343,EMPRESA PRIVADA -SOCIEDADES / COMPANIAS,0,0,0,1,474.0,120,Superior,Mujer
0,0,28,22.06898,EMPRESA PRIVADA -SOCIEDADES / COMPANIAS,0,0,1,0,460.0,26,Secundaria,Hombre
1,0,65,24.275597,EMPRESA PRIVADA -SOCIEDADES / COMPANIAS,1,0,0,0,461.0,51,Sin Educación,Hombre
0,1,55,0.0,"FUNCION EJECUTIVA, LEGISL, JUDICIAL Y ORGANISMOS DEL ESTADO",0,0,0,1,986.0,123,Superior,Mujer
1,0,61,0.0,CONSTRUCCION,0,1,0,0,478.0,0,Primaria,Hombre
1,1,59,2.2608795,EMPRESA PRIVADA -SOCIEDADES / COMPANIAS,0,0,0,1,2000.0,206,Superior,Mujer
1,0,19,1.5833268,EMPRESA PRIVADA -SOCIEDADES / COMPANIAS,0,0,1,0,468.0,10,Secundaria,Hombre
0,0,41,11.047913,EMPRESA PRIVADA -SOCIEDADES / COMPANIAS,0,0,1,0,510.0,68,Secundaria,Hombre
1,0,42,-0.9433722,EMPRESA PRIVADA -SOCIEDADES / COMPANIAS,0,0,1,0,800.0,21,Secundaria,Hombre
0,1,35,10.456499,EMPRESA PRIVADA -SOCIEDADES / COMPANIAS,0,1,0,0,460.0,0,Primaria,Mujer
1,1,54,0.0,EMPLEADOR DOMESTICO,0,1,0,0,460.0,26,Primaria,Mujer
0,0,67,0.0,EMPRESA UNIPERSONAL /  PEQUEÑA INDUSTRIA,0,1,0,0,597.0,83,Primaria,Hombre
1,0,29,-11.794962,EMPRESA PRIVADA -SOCIEDADES / COMPANIAS,0,1,0,0,471.0,0,Primaria,Hombre
0,0,35,7.154472,EMPRESA PRIVADA -SOCIEDADES / COMPANIAS,0,0,1,0,635.0,31,Secundaria,Hombre
1,1,43,5.558825,EMPRESA PRIVADA -SOCIEDADES / COMPANIAS,0,1,0,0,465.0,139,Primaria,Mujer
1,0,24,0.44581538,EMPRESA PRIVADA -SOCIEDADES / COMPANIAS,0,0,1,0,465.0,8,Secundaria,Hombre
0,0,60,0.0,"FUNCION EJECUTIVA, LEGISL, JUDICIAL Y ORGANISMOS DEL ESTADO",0,0,1,0,1212.0,4,Secundaria,Hombre
0,0,29,3.9674776,EMPRESA PRIVADA -SOCIEDADES / COMPANIAS,0,0,0,1,525.0,22,Superior,Hombre
1,0,55,0.0,EMPRESA UNIPERSONAL /  PEQUEÑA INDUSTRIA,0,1,0,0,460.0,2,Primaria,Hombre
1,0,47,21.774036,EMPRESA PRIVADA -SOCIEDADES / COMPANIAS,0,0,1,0,470.0,5,Secundaria,Hombre
1,0,31,-7.971372,EMPRESA PRIVADA -SOCIEDADES / COMPANIAS,0,1,0,0,460.0,1,Primaria,Hombre
0,0,63,0.0,ORGANISMOS DEL REGIMEN SECCIONAL,0,0,0,1,1760.0,37,Superior,Hombre
1,0,26,6.460501,EMPRESA PRIVADA -SOCIEDADES / COMPANIAS,0,0,1,0,460.0,32,Secundaria,Hombre
1,0,26,0.33274773,EMPRESA UNIPERSONAL /  PEQUEÑA INDUSTRIA,0,0,1,0,465.0,3,Secundaria,Hombre
0,1,34,0.0,"FUNCION EJECUTIVA, LEGISL, JUDICIAL Y ORGANISMOS DEL ESTADO",0,0,0,1,1412.0,74,Superior,Mujer
1,0,41,15.419706,EMPRESA PRIVADA -SOCIEDADES / COMPANIAS,0,0,0,1,471.0,3,Superior,Hombre
0,1,54,0.0,EMPLEADOR DOMESTICO,1,0,0,0,460.0,120,Sin Educación,Mujer
1,1,26,0.0,"FUNCION EJECUTIVA, LEGISL, JUDICIAL Y ORGANISMOS DEL ESTADO",0,0,0,1,986.0,5,Superior,Mujer
1,0,19,-0.48466527,EMPRESA PRIVADA -SOCIEDADES / COMPANIAS,0,0,1,0,468.0,0,Secundaria,Hombre
1,1,32,4.669274,EMPRESA PRIVADA -SOCIEDADES / COMPANIAS,0,0,0,1,464.0,14,Superior,Mujer
1,1,37,0.0,ORGANISMOS DEL REGIMEN SECCIONAL,0,0,0,1,2050.0,11,Superior,Mujer
1,1,25,9.220472,EMPRESA PRIVADA -SOCIEDADES / COMPANIAS,0,0,1,0,460.0,8,Secundaria,Mujer
0,1,49,7.035242,EMPRESA PRIVADA -SOCIEDADES / COMPANIAS,0,0,1,0,816.0,181,Secundaria,Mujer
0,1,29,0.0,EMPRESA PRIVADA -SOCIEDADES / COMPANIAS,0,0,0,1,991.0,21,Superior,Mujer
1,0,56,0.0,EMPRESA UNIPERSONAL /  PEQUEÑA INDUSTRIA,0,0,0,1,460.0,51,Superior,Hombre
1,1,30,4.9403124,EMPRESA PRIVADA -SOCIEDADES / COMPANIAS,0,0,0,1,2300.0,26,Superior,Mujer
1,0,34,0.0,EMPRESA UNIPERSONAL /  PEQUEÑA INDUSTRIA,0,1,0,0,460.0,63,Primaria,Hombre
1,0,32,0.0,EMPRESA UNIPERSONAL /  PEQUEÑA INDUSTRIA,0,0,1,0,699.0,0,Secundaria,Hombre
0,1,34,0.0,"FUNCION EJECUTIVA, LEGISL, JUDICIAL Y ORGANISMOS DEL ESTADO",0,0,0,1,2181.0,70,Superior,Mujer
0,0,25,0.0,EMPRESA PRIVADA -SOCIEDADES / COMPANIAS,0,0,0,1,460.0,29,Superior,Hombre
1,1,24,0.0,MIEMBROS DE   SINDICATOS  Y COOP DE TRANSPORTE TERRESTRE,0,0,1,0,460.0,0,Secundaria,Mujer
1,0,27,28.602795,EMPRESA PRIVADA -SOCIEDADES / COMPANIAS,0,0,1,0,460.0,16,Secundaria,Hombre
0,1,30,0.0,ORGANISMOS DEL REGIMEN SECCIONAL,0,0,0,1,817.0,15,Superior,Mujer
0,0,31,3.7191427,EMPRESA PRIVADA -SOCIEDADES / COMPANIAS,0,0,0,1,1600.0,8,Superior,Hombre
1,0,21,5.095213,EMPRESA PRIVADA -SOCIEDADES / COMPANIAS,0,0,1,0,461.0,0,Secundaria,Hombre
0,0,31,2.912083,EMPRESA PRIVADA -SOCIEDADES / COMPANIAS,0,0,0,1,799.0,28,Superior,Hombre
0,0,34,0.0,"INSTITUCION FINANCIERA PRIVADA, BANCOS Y CIA DE SEGUROS",0,0,0,1,958.0,20,Superior,Hombre
0,1,35,0.0,"FUNCION EJECUTIVA, LEGISL, JUDICIAL Y ORGANISMOS DEL ESTADO",0,0,0,1,1212.0,97,Superior,Mujer
1,0,46,-18.924696,EMPRESA PRIVADA -SOCIEDADES / COMPANIAS,0,0,0,1,461.0,24,Superior,Hombre
1,1,28,0.0,EMPRESA PRIVADA -SOCIEDADES / COMPANIAS,0,0,1,0,1200.0,2,Secundaria,Mujer
1,0,54,5.6497083,EMPRESA PRIVADA -SOCIEDADES / COMPANIAS,0,0,1,0,2740.0,5,Secundaria,Hombre
1,1,54,0.0,MICRO EMPRESA (NO ARTESANAL),0,0,1,0,460.0,14,Secundaria,Mujer
1,1,65,0.0,EMPRESA UNIPERSONAL /  PEQUEÑA INDUSTRIA,0,1,0,0,460.0,106,Primaria,Mujer
0,0,26,0.3008597,EMPRESA PRIVADA -SOCIEDADES / COMPANIAS,0,0,1,0,478.0,7,Secundaria,Hombre
1,1,40,7.9935403,EMPRESA PRIVADA -SOCIEDADES / COMPANIAS,0,0,0,1,800.0,5,Superior,Mujer
1,0,49,0.0,ORGANISMOS DEL REGIMEN SECCIONAL,0,0,1,0,500.0,113,Secundaria,Hombre
1,0,32,2.8255281,EMPRESA PRIVADA -SOCIEDADES / COMPANIAS,0,0,1,0,480.0,8,Secundaria,Hombre
1,0,58,0.0,EMPRESA UNIPERSONAL /  PEQUEÑA INDUSTRIA,0,1,0,0,478.0,16,Primaria,Hombre
0,1,58,-18.924696,EMPRESA PRIVADA -SOCIEDADES / COMPANIAS,0,0,0,1,655.0,130,Superior,Mujer
0,1,47,28.602795,EMPRESA PRIVADA -SOCIEDADES / COMPANIAS,0,0,0,1,886.0,21,Superior,Mujer
1,0,33,25.50725,EMPRESA PRIVADA -SOCIEDADES / COMPANIAS,0,1,0,0,465.0,0,Primaria,Hombre
1,0,38,0.0,EMPRESA PRIVADA -SOCIEDADES / COMPANIAS,0,0,0,1,460.0,1,Superior,Hombre
0,1,48,-1.8190149,EMPRESA PRIVADA -SOCIEDADES / COMPANIAS,0,0,0,1,1300.0,123,Superior,Mujer
0,1,30,2.3416743,EMPRESA PRIVADA -SOCIEDADES / COMPANIAS,0,0,0,1,500.0,1,Superior,Mujer
1,0,37,0.0,"FUNCION EJECUTIVA, LEGISL, JUDICIAL Y ORGANISMOS DEL ESTADO",0,0,0,1,986.0,65,Superior,Hombre
0,1,34,3.0193973,EMPRESA PRIVADA -SOCIEDADES / COMPANIAS,0,0,0,1,800.0,49,Superior,Mujer
1,1,28,12.170973,EMPRESA PRIVADA -SOCIEDADES / COMPANIAS,0,0,1,0,461.0,0,Secundaria,Mujer
0,0,33,4.7807155,EMPRESA PRIVADA -SOCIEDADES / COMPANIAS,0,0,1,0,465.0,22,Secundaria,Hombre
0,0,30,1.4807678,CONSTRUCCION,0,0,1,0,460.0,18,Secundaria,Hombre
0,1,46,0.0,"FUNCION EJECUTIVA, LEGISL, JUDICIAL Y ORGANISMOS DEL ESTADO",0,0,0,1,2308.0,56,Superior,Mujer
1,0,32,0.0,EMPRESA UNIPERSONAL /  PEQUEÑA INDUSTRIA,0,0,0,1,900.0,17,Superior,Hombre
0,1,48,0.0,"FUNCION EJECUTIVA, LEGISL, JUDICIAL Y ORGANISMOS DEL ESTADO",0,0,0,1,986.0,123,Superior,Mujer
1,0,27,16.817312,EMPRESA PRIVADA -SOCIEDADES / COMPANIAS,0,0,1,0,461.0,1,Secundaria,Hombre
0,1,33,1.2887322,EMPRESA PRIVADA -SOCIEDADES / COMPANIAS,0,0,1,0,490.0,135,Secundaria,Mujer
0,1,42,0.0,EMPRESA UNIPERSONAL /  PEQUEÑA INDUSTRIA,0,0,1,0,461.0,116,Secundaria,Mujer
1,1,34,0.0,EMPRESA PRIVADA -SOCIEDADES / COMPANIAS,0,0,1,0,486.0,33,Secundaria,Mujer
1,0,46,0.0,MICRO EMPRESA (NO ARTESANAL),0,1,0,0,460.0,0,Primaria,Hombre
0,0,50,0.0,"FUNCION EJECUTIVA, LEGISL, JUDICIAL Y ORGANISMOS DEL ESTADO",0,0,0,1,4164.0,117,Superior,Hombre
1,0,24,7.456753,EMPRESA PRIVADA -SOCIEDADES / COMPANIAS,0,0,1,0,465.0,12,Secundaria,Hombre
1,1,27,0.0,EMPRESA PRIVADA -SOCIEDADES / COMPANIAS,0,0,0,1,468.0,28,Superior,Mujer
0,0,29,0.099997,EMPRESA PRIVADA -SOCIEDADES / COMPANIAS,0,0,1,0,683.0,11,Secundaria,Hombre
1,0,44,0.0,EMPRESA PRIVADA -SOCIEDADES / COMPANIAS,0,0,1,0,460.0,26,Secundaria,Hombre
0,1,24,1.8297205,EMPRESA PRIVADA -SOCIEDADES / COMPANIAS,0,0,1,0,700.0,2,Secundaria,Mujer
1,0,34,0.7645451,EMPRESA PRIVADA -SOCIEDADES / COMPANIAS,0,1,0,0,460.0,8,Primaria,Hombre
1,0,25,1.7139294,EMPRESA PRIVADA -SOCIEDADES / COMPANIAS,0,1,0,0,465.0,2,Primaria,Hombre
1,1,28,11.667365,EMPRESA PRIVADA -SOCIEDADES / COMPANIAS,0,0,1,0,468.0,1,Secundaria,Mujer
0,0,34,0.0,EMPRESA PRIVADA -SOCIEDADES / COMPANIAS,0,0,0,1,570.0,71,Superior,Hombre
1,0,29,12.849463,EMPRESA PRIVADA -SOCIEDADES / COMPANIAS,0,0,1,0,476.0,9,Secundaria,Hombre
0,0,60,0.99357957,EMPRESA PRIVADA -SOCIEDADES / COMPANIAS,0,0,1,0,1000.0,14,Secundaria,Hombre
1,1,26,4.2367435,EMPRESA PRIVADA -SOCIEDADES / COMPANIAS,0,0,0,1,520.0,1,Superior,Mujer
1,1,71,0.0,EMPLEADOR DOMESTICO,0,0,1,0,460.0,56,Secundaria,Mujer
1,0,50,0.0,EMPRESA UNIPERSONAL /  PEQUEÑA INDUSTRIA,0,1,0,0,471.0,45,Primaria,Hombre
0,1,45,0.0,EMPRESA PRIVADA -SOCIEDADES / COMPANIAS,0,0,0,1,1836.0,32,Superior,Mujer
0,1,47,0.0,EMPLEADOR DOMESTICO,0,1,0,0,460.0,143,Primaria,Mujer
1,1,46,0.0,EMPLEADOR DOMESTICO,0,1,0,0,460.0,179,Primaria,Mujer
0,0,33,0.8704357,EMPRESA PRIVADA -SOCIEDADES / COMPANIAS,0,0,0,1,1500.0,31,Superior,Hombre
1,0,42,2.718374,EMPRESA PRIVADA -SOCIEDADES / COMPANIAS,0,0,1,0,670.0,46,Secundaria,Hombre
0,0,46,7.3546,EMPRESA PRIVADA -SOCIEDADES / COMPANIAS,0,0,0,1,461.0,4,Superior,Hombre
1,1,29,-3.127811,EMPRESA PRIVADA -SOCIEDADES / COMPANIAS,0,0,0,1,721.0,18,Superior,Mujer
0,0,48,0.6749041,EMPRESA PRIVADA -SOCIEDADES / COMPANIAS,0,0,1,0,473.0,122,Secundaria,Hombre
0,1,43,0.0,"FUNCION EJECUTIVA, LEGISL, JUDICIAL Y ORGANISMOS DEL ESTADO",0,0,0,1,817.0,114,Superior,Mujer
0,1,25,0.0,"FUNCION EJECUTIVA, LEGISL, JUDICIAL Y ORGANISMOS DEL ESTADO",0,0,1,0,540.0,9,Secundaria,Mujer
1,1,32,0.0,EMPRESA UNIPERSONAL /  PEQUEÑA INDUSTRIA,0,0,0,1,460.0,20,Superior,Mujer
1,0,23,7.1524453,EMPRESA PRIVADA -SOCIEDADES / COMPANIAS,0,0,1,0,500.0,15,Secundaria,Hombre
1,0,36,-1.6909266,EMPRESA PRIVADA -SOCIEDADES / COMPANIAS,0,0,1,0,460.0,34,Secundaria,Hombre
0,0,50,0.0,"FUNCION EJECUTIVA, LEGISL, JUDICIAL Y ORGANISMOS DEL ESTADO",0,0,1,0,561.0,118,Secundaria,Hombre
0,1,51,0.0,"FUNCION EJECUTIVA, LEGISL, JUDICIAL Y ORGANISMOS DEL ESTADO",0,0,0,1,1212.0,126,Superior,Mujer
0,0,20,2.5534217,EMPRESA PRIVADA -SOCIEDADES / COMPANIAS,0,0,1,0,461.0,10,Secundaria,Hombre
0,0,25,21.27671,EMPRESA PRIVADA -SOCIEDADES / COMPANIAS,0,0,1,0,465.0,4,Secundaria,Hombre
0,0,35,0.0,ORGANISMOS DEL REGIMEN SECCIONAL,0,0,0,1,1676.0,81,Superior,Hombre
1,1,33,11.468163,EMPRESA PRIVADA -SOCIEDADES / COMPANIAS,0,1,0,0,460.0,0,Primaria,Mujer
1,0,34,0.20640753,MICRO EMPRESA (NO ARTESANAL),0,0,0,1,471.0,21,Superior,Hombre
1,0,30,0.0,CONSTRUCCION,0,0,1,0,471.0,1,Secundaria,Hombre
1,0,44,4.3477793,EMPRESA PRIVADA -SOCIEDADES / COMPANIAS,0,0,0,1,465.0,20,Superior,Hombre
0,0,37,0.0,COOPERA  NO CONTROLADAS POR LA SUPERINTENDENCIA  DE BANCOS,0,0,1,0,717.0,133,Secundaria,Hombre
0,1,38,0.0,"FUNCION EJECUTIVA, LEGISL, JUDICIAL Y ORGANISMOS DEL ESTADO",0,0,0,1,986.0,90,Superior,Mujer
1,1,23,-16.127691,EMPRESA PRIVADA -SOCIEDADES / COMPANIAS,0,0,0,1,680.0,4,Superior,Mujer
0,0,45,-5.346387,EMPRESA PRIVADA -SOCIEDADES / COMPANIAS,0,1,0,0,500.0,99,Primaria,Hombre
1,0,18,0.0,EMPRESA PRIVADA -SOCIEDADES / COMPANIAS,1,0,0,0,460.0,2,Sin Educación,Hombre
0,0,41,0.0,"FUNCION EJECUTIVA, LEGISL, JUDICIAL Y ORGANISMOS DEL ESTADO",0,0,0,1,540.0,1,Superior,Hombre
1,1,30,-18.924696,EMPRESA PRIVADA -SOCIEDADES / COMPANIAS,0,1,0,0,462.0,32,Primaria,Mujer
1,0,22,-0.3706726,EMPRESA PRIVADA -SOCIEDADES / COMPANIAS,0,0,1,0,460.0,18,Secundaria,Hombre
1,0,22,0.0,MIEMBROS DE   SINDICATOS  Y COOP DE TRANSPORTE TERRESTRE,0,0,1,0,460.0,5,Secundaria,Hombre
0,0,42,14.58372,EMPRESA PRIVADA -SOCIEDADES / COMPANIAS,0,1,0,0,460.0,2,Primaria,Hombre
1,1,21,0.49576375,EMPRESA PRIVADA -SOCIEDADES / COMPANIAS,0,1,0,0,461.0,28,Primaria,Mujer
1,0,27,1.6605512,EMPRESA PRIVADA -SOCIEDADES / COMPANIAS,0,1,0,0,465.0,5,Primaria,Hombre
0,0,31,0.0,"FUNCION EJECUTIVA, LEGISL, JUDICIAL Y ORGANISMOS DEL ESTADO",0,0,0,1,824.0,118,Superior,Hombre
0,0,26,-18.924696,EMPRESA PRIVADA -SOCIEDADES / COMPANIAS,0,0,1,0,700.0,0,Secundaria,Hombre
1,1,43,0.0,EMPLEADOR DOMESTICO,0,0,1,0,460.0,96,Secundaria,Mujer
0,0,68,0.0,"FUNCION EJECUTIVA, LEGISL, JUDICIAL Y ORGANISMOS DEL ESTADO",0,0,0,1,817.0,62,Superior,Hombre
1,1,32,3.1956637,EMPRESA PRIVADA -SOCIEDADES / COMPANIAS,0,1,0,0,460.0,18,Primaria,Mujer
0,1,29,9.107364,EMPRESA PRIVADA -SOCIEDADES / COMPANIAS,0,0,1,0,468.0,9,Secundaria,Mujer
1,1,40,0.0,EMPRESA PRIVADA -SOCIEDADES / COMPANIAS,0,0,1,0,468.0,3,Secundaria,Mujer
0,1,25,17.959774,EMPRESA PRIVADA -SOCIEDADES / COMPANIAS,0,1,0,0,460.0,13,Primaria,Mujer
0,0,47,6.4434705,EMPRESA PRIVADA -SOCIEDADES / COMPANIAS,0,0,1,0,482.0,241,Secundaria,Hombre
1,0,60,0.5846726,EMPRESA PRIVADA -SOCIEDADES / COMPANIAS,0,1,0,0,480.0,2,Primaria,Hombre
1,0,23,2.7723649,EMPRESA PRIVADA -SOCIEDADES / COMPANIAS,0,0,1,0,460.0,16,Secundaria,Hombre
0,1,36,0.0,EMPRESA PRIVADA -SOCIEDADES / COMPANIAS,0,0,0,1,811.0,141,Superior,Mujer
0,1,39,1.994068,EMPRESA PRIVADA -SOCIEDADES / COMPANIAS,0,0,1,0,468.0,146,Secundaria,Mujer
0,0,31,3.1342545,EMPRESA PRIVADA -SOCIEDADES / COMPANIAS,0,1,0,0,482.0,75,Primaria,Hombre
0,0,31,6.073088,EMPRESA PRIVADA -SOCIEDADES / COMPANIAS,1,0,0,0,450.0,7,Sin Educación,Hombre
0,0,40,0.0,EMPRESA PRIVADA -SOCIEDADES / COMPANIAS,0,0,0,1,750.0,133,Superior,Hombre
0,0,51,0.0,ENTIDADES PUBLICAS CON AUTONOMIA,0,0,0,1,865.0,41,Superior,Hombre
1,1,27,0.0,"FUNCION EJECUTIVA, LEGISL, JUDICIAL Y ORGANISMOS DEL ESTADO",0,0,1,0,901.0,5,Secundaria,Mujer
0,0,28,0.0,ENTIDADES PUBLICAS CON AUTONOMIA,0,0,1,0,460.0,15,Secundaria,Hombre
1,1,65,3.709291,EMPRESA PRIVADA -SOCIEDADES / COMPANIAS,0,0,1,0,460.0,182,Secundaria,Mujer
1,1,60,0.0,"FUNCION EJECUTIVA, LEGISL, JUDICIAL Y ORGANISMOS DEL ESTADO",0,0,0,1,986.0,119,Superior,Mujer
1,1,40,0.5522988,EMPRESA PRIVADA -SOCIEDADES / COMPANIAS,0,1,0,0,468.0,2,Primaria,Mujer
0,0,23,15.795282,EMPRESA PRIVADA -SOCIEDADES / COMPANIAS,0,1,0,0,460.0,26,Primaria,Hombre
0,0,37,0.0,"FUNCION EJECUTIVA, LEGISL, JUDICIAL Y ORGANISMOS DEL ESTADO",0,0,0,1,817.0,35,Superior,Hombre
0,0,39,7.907049,EMPRESA PRIVADA -SOCIEDADES / COMPANIAS,0,0,1,0,467.0,39,Secundaria,Hombre
1,1,33,7.698042,EMPRESA PRIVADA -SOCIEDADES / COMPANIAS,0,0,0,1,468.0,19,Superior,Mujer
1,0,25,0.0,"FUNCION EJECUTIVA, LEGISL, JUDICIAL Y ORGANISMOS DEL ESTADO",0,0,0,1,986.0,5,Superior,Hombre
1,1,25,1.0129057,EMPRESA PRIVADA -SOCIEDADES / COMPANIAS,0,0,1,0,460.0,4,Secundaria,Mujer
0,1,69,28.602795,EMPRESA PRIVADA -SOCIEDADES / COMPANIAS,0,0,1,0,468.0,146,Secundaria,Mujer
0,1,53,10.796787,EMPRESA PRIVADA -SOCIEDADES / COMPANIAS,0,0,0,1,537.0,147,Superior,Mujer
0,1,61,0.0,"FUNCION EJECUTIVA, LEGISL, JUDICIAL Y ORGANISMOS DEL ESTADO",0,0,0,1,4164.0,159,Superior,Mujer
1,0,48,0.5846726,EMPRESA PRIVADA -SOCIEDADES / COMPANIAS,0,1,0,0,468.0,0,Primaria,Hombre
0,0,37,1.4277041,EMPRESA PRIVADA -SOCIEDADES / COMPANIAS,0,1,0,0,461.0,3,Primaria,Hombre
1,0,29,2.9673245,EMPRESA PRIVADA -SOCIEDADES / COMPANIAS,0,0,1,0,461.0,1,Secundaria,Hombre
0,1,41,0.0,"FUNCION EJECUTIVA, LEGISL, JUDICIAL Y ORGANISMOS DEL ESTADO",0,0,0,1,986.0,109,Superior,Mujer
0,0,30,0.0,EMPRESA PRIVADA -SOCIEDADES / COMPANIAS,0,0,0,1,850.0,0,Superior,Hombre
1,0,41,0.0,ORGANISMOS DEL REGIMEN SECCIONAL,0,1,0,0,578.0,61,Primaria,Hombre
1,0,54,0.0,EMPRESA PRIVADA -SOCIEDADES / COMPANIAS,0,0,1,0,460.0,215,Secundaria,Hombre
1,0,23,7.121747,EMPRESA PRIVADA -SOCIEDADES / COMPANIAS,0,0,1,0,466.0,13,Secundaria,Hombre
1,0,33,14.678628,EMPRESA PRIVADA -SOCIEDADES / COMPANIAS,0,0,1,0,465.0,7,Secundaria,Hombre
1,0,26,0.0,"FUNCION EJECUTIVA, LEGISL, JUDICIAL Y ORGANISMOS DEL ESTADO",0,0,0,1,986.0,5,Superior,Hombre
0,0,34,0.0,EMPRESA PRIVADA -SOCIEDADES / COMPANIAS,0,0,1,0,468.0,43,Secundaria,Hombre
0,1,57,0.0,EMPLEADOR DOMESTICO,0,1,0,0,600.0,41,Primaria,Mujer
0,0,40,0.0,EMPRESA PRIVADA -SOCIEDADES / COMPANIAS,0,0,1,0,465.0,38,Secundaria,Hombre
0,0,44,6.4434705,EMPRESA PRIVADA -SOCIEDADES / COMPANIAS,0,0,1,0,1025.0,212,Secundaria,Hombre
0,0,49,1.3012937,EMPRESA PRIVADA -SOCIEDADES / COMPANIAS,0,0,1,0,492.0,238,Secundaria,Hombre
0,0,28,0.0,EMPRESA UNIPERSONAL /  PEQUEÑA INDUSTRIA,0,0,1,0,1000.0,32,Secundaria,Hombre
1,1,26,0.0,ORGANISMOS DEL REGIMEN SECCIONAL,0,0,0,1,460.0,4,Superior,Mujer
1,1,31,13.016894,EMPRESA PRIVADA -SOCIEDADES / COMPANIAS,0,0,0,1,1200.0,28,Superior,Mujer
1,0,38,0.0,EMPRESA PRIVADA -SOCIEDADES / COMPANIAS,0,0,0,1,1000.0,96,Superior,Hombre
1,0,25,15.510148,EMPRESA PRIVADA -SOCIEDADES / COMPANIAS,1,0,0,0,460.0,19,Sin Educación,Hombre
0,0,30,5.696773,EMPRESA PRIVADA -SOCIEDADES / COMPANIAS,0,0,1,0,575.0,30,Secundaria,Hombre
1,1,37,1.994068,EMPRESA PRIVADA -SOCIEDADES / COMPANIAS,0,1,0,0,468.0,4,Primaria,Mujer
1,1,23,0.0,"FUNCION EJECUTIVA, LEGISL, JUDICIAL Y ORGANISMOS DEL ESTADO",0,0,1,0,540.0,9,Secundaria,Mujer
0,1,37,0.0,"FUNCION EJECUTIVA, LEGISL, JUDICIAL Y ORGANISMOS DEL ESTADO",0,0,0,1,2641.0,10,Superior,Mujer
